6020
875 876 5 61 71 96 124 125
865 876 2 93 127
853 876 2 2 127
851 876 2 27 112
839 876 5 23 60 86 122 129
827 876 4 32 45 52 98
821 876 1 87
872 875 3 12 69 88
866 875 5 2 32 41 64 80
864 875 2 16 40
863 875 5 51 58 87 110 126
862 875 1 69
859 875 2 10 56
857 875 1 109
873 874 4 6 34 83 103
871 874 5 10 35 39 70 128
869 874 3 97 107 129
865 874 2 28 36
863 874 1 70
859 874 3 44 71 75
857 874 5 22 37 69 84 125
872 873 2 64 66
871 873 1 10
869 873 4 6 41 65 119
868 873 1 37
866 873 1 21
862 873 4 16 56 116 126
854 873 2 87 117
869 872 4 10 24 26 128
861 872 1 98
859 872 1 40
855 872 2 58 88
853 872 3 45 69 117
851 872 4 6 30 83 111
841 872 3 76 82 113
870 871 4 5 92 100 111
869 871 4 56 71 81 93
867 871 2 41 69
865 871 2 88 121
863 871 3 16 46 126
861 871 4 60 69 92 100
859 871 2 73 94
869 870 4 73 84 95 119
859 870 2 15 120
857 870 3 43 51 99
853 870 2 11 25
851 870 3 16 24 36
847 870 2 10 38
833 870 1 87
868 869 3 16 73 89
867 869 3 83 84 89
866 869 2 28 52
864 869 5 41 47 50 72 119
863 869 5 2 16 18 81 101
862 869 4 19 86 96 98
861 869 1 11
867 868 2 76 96
865 868 4 11 86 96 129
863 868 3 19 45 89
859 868 2 73 92
855 868 5 45 52 95 103 109
853 868 3 73 92 108
851 868 1 27
862 867 2 64 84
860 867 1 116
859 867 5 28 31 68 72 76
856 867 3 58 90 94
853 867 3 80 104 107
848 867 5 11 37 93 100 120
847 867 5 5 13 45 98 109
857 866 3 11 93 107
855 866 1 78
853 866 1 22
851 866 1 43
849 866 1 49
847 866 5 23 60 71 74 112
841 866 5 2 19 21 65 86
864 865 4 22 33 58 115
861 865 4 8 24 39 88
851 865 1 114
849 865 3 35 69 90
846 865 4 11 78 95 102
843 865 2 24 106
842 865 2 57 107
863 864 2 55 100
859 864 5 3 53 58 80 127
853 864 1 116
847 864 2 13 29
845 864 3 47 91 116
841 864 2 20 58
833 864 3 16 81 104
862 863 5 29 35 81 85 123
861 863 1 112
858 863 3 46 86 120
856 863 3 12 99 112
854 863 2 86 110
853 863 1 10
851 863 5 6 10 19 56 63
861 862 1 32
849 862 2 10 30
831 862 1 11
829 862 2 17 74
827 862 5 12 17 18 81 122
823 862 5 3 24 41 90 109
821 862 2 88 121
860 861 1 50
859 861 4 11 68 78 110
856 861 5 19 29 34 36 42
853 861 2 8 59
851 861 2 16 59
848 861 2 25 54
845 861 2 25 74
853 860 1 8
851 860 1 121
843 860 3 27 30 57
837 860 1 107
833 860 1 88
831 860 5 9 20 39 94 99
827 860 5 45 67 80 94 99
857 859 1 56
855 859 2 4 54
849 859 3 38 50 65
848 859 3 38 94 111
841 859 5 4 38 81 82 126
839 859 3 72 109 127
837 859 3 78 100 101
853 858 1 72
851 858 3 78 92 102
839 858 5 46 68 82 84 124
835 858 2 104 123
833 858 1 94
829 858 1 18
827 858 2 36 55
855 857 1 63
854 857 3 37 96 114
849 857 1 128
847 857 1 87
845 857 3 18 43 107
843 857 1 91
840 857 1 125
851 856 5 59 61 69 86 127
847 856 3 47 76 116
845 856 4 48 64 78 128
843 856 1 101
837 856 2 20 56
835 856 3 34 46 114
831 856 2 42 76
854 855 5 3 33 36 118 120
851 855 4 3 15 58 84
847 855 2 89 110
842 855 3 14 15 66
841 855 1 24
839 855 1 6
827 855 4 30 31 124 126
853 854 1 83
851 854 3 52 53 68
841 854 2 22 41
837 854 4 6 51 66 129
831 854 5 46 68 94 110 125
829 854 3 57 91 95
825 854 5 2 5 15 24 120
852 853 2 63 112
850 853 4 49 113 115 120
848 853 5 8 28 35 54 107
845 853 1 31
844 853 2 72 79
842 853 5 64 69 94 114 127
837 853 1 70
847 852 2 102 124
835 852 2 57 76
829 852 5 4 34 66 93 119
821 852 1 72
815 852 2 112 120
811 852 4 22 71 90 95
809 852 2 112 116
848 851 2 53 89
847 851 1 110
844 851 1 120
843 851 4 18 22 31 109
838 851 2 82 110
837 851 3 4 22 55
836 851 4 99 103 105 127
849 850 3 40 70 116
843 850 2 73 113
829 850 4 15 20 47 111
827 850 4 9 25 64 108
823 850 5 25 37 48 79 92
821 850 3 8 56 69
819 850 2 29 62
847 849 2 4 96
842 849 2 44 122
841 849 2 94 103
839 849 4 23 87 109 118
835 849 2 42 87
833 849 4 20 92 110 126
830 849 1 95
845 848 3 11 15 31
843 848 3 4 44 82
833 848 1 25
829 848 1 106
827 848 3 26 57 68
811 848 4 7 11 38 69
809 848 5 43 61 70 116 117
846 847 2 5 52
845 847 4 51 54 73 94
843 847 3 34 56 106
839 847 2 68 72
838 847 5 23 31 32 60 83
837 847 2 42 53
834 847 4 25 85 88 123
845 846 1 103
841 846 1 118
835 846 1 105
833 846 3 7 38 92
827 846 4 17 32 100 101
821 846 4 13 28 47 97
817 846 4 23 31 111 126
844 845 2 29 95
838 845 1 69
837 845 4 21 28 86 101
836 845 4 3 46 57 73
834 845 2 26 79
833 845 2 26 119
828 845 3 30 36 86
839 844 5 2 11 48 51 106
833 844 2 29 111
831 844 1 107
829 844 1 73
827 844 1 27
823 844 4 50 69 115 127
819 844 3 33 46 93
839 843 1 80
835 843 2 53 90
830 843 3 28 67 96
827 843 3 79 81 122
820 843 3 15 57 74
815 843 4 23 30 41 103
814 843 2 23 118
837 842 2 84 90
825 842 4 27 30 101 121
819 842 2 63 73
817 842 4 12 53 79 86
815 842 4 28 68 72 87
809 842 4 5 8 72 121
807 842 2 76 123
839 841 1 124
838 841 1 5
836 841 4 25 28 66 81
829 841 1 104
827 841 3 36 59 128
826 841 1 58
825 841 3 44 62 103
821 840 4 9 12 51 63
817 840 3 23 49 74
811 840 4 28 39 41 125
803 840 2 14 44
797 840 1 98
781 840 1 34
779 840 2 3 111
838 839 4 12 50 72 121
836 839 4 30 84 99 105
834 839 4 75 87 119 121
832 839 4 7 72 74 126
831 839 3 6 37 124
830 839 5 9 26 41 76 86
829 839 3 40 87 106
837 838 3 16 40 83
833 838 5 2 3 23 57 65
831 838 5 11 19 33 83 96
827 838 2 2 49
823 838 5 13 29 38 83 128
821 838 3 25 54 103
817 838 4 9 21 45 102
835 837 1 116
833 837 1 40
832 837 4 2 39 56 108
826 837 3 56 94 113
823 837 2 25 75
820 837 1 76
818 837 2 26 32
833 836 1 64
831 836 4 72 78 90 100
829 836 2 57 128
821 836 1 114
819 836 3 4 11 81
815 836 4 20 36 117 123
807 836 1 47
833 835 3 48 100 101
826 835 3 55 105 128
824 835 3 17 99 107
823 835 4 9 31 63 95
821 835 5 5 80 94 121 129
818 835 4 31 38 42 49
817 835 4 14 37 99 112
827 834 3 2 6 52
823 834 5 10 32 85 93 129
821 834 1 117
817 834 1 20
815 834 1 42
811 834 3 62 96 115
809 834 1 73
832 833 5 10 44 76 90 104
830 833 4 14 54 74 110
829 833 1 43
828 833 2 70 78
825 833 4 21 40 99 102
824 833 5 20 43 49 56 119
823 833 2 22 121
831 832 2 42 77
827 832 3 30 39 121
821 832 5 86 93 101 103 123
817 832 2 18 107
815 832 5 8 24 42 82 111
813 832 1 33
811 832 3 65 90 120
829 831 2 88 91
826 831 2 32 60
823 831 5 4 20 28 32 93
821 831 1 106
820 831 4 21 56 81 125
818 831 4 3 17 80 101
814 831 4 25 59 74 98
829 830 4 15 73 109 115
823 830 2 55 114
813 830 5 26 35 43 55 129
809 830 2 82 85
807 830 2 31 126
799 830 1 50
797 830 4 8 47 78 117
826 829 2 43 94
824 829 4 33 67 85 118
823 829 5 53 83 102 123 128
822 829 2 56 72
820 829 1 19
818 829 5 59 75 90 99 115
812 829 3 16 45 51
827 828 3 66 80 126
821 828 2 53 97
799 828 5 6 52 59 100 116
797 828 5 6 7 20 25 74
793 828 5 22 24 61 73 74
787 828 1 118
773 828 3 10 19 88
823 827 1 6
817 827 4 19 20 28 125
816 827 1 102
813 827 2 23 25
812 827 4 27 65 71 123
811 827 1 22
809 827 1 67
823 826 4 64 80 91 115
817 826 5 17 47 48 75 97
811 826 1 97
809 826 4 14 42 70 112
803 826 1 62
801 826 4 86 92 100 114
795 826 5 45 64 67 108 111
824 825 2 43 111
817 825 1 122
808 825 3 4 107 116
806 825 5 5 17 31 49 54
802 825 3 57 61 66
799 825 4 90 99 102 108
794 825 1 84
821 824 2 15 105
819 824 3 55 73 120
817 824 2 85 92
815 824 4 28 94 102 128
813 824 1 92
811 824 3 64 113 125
809 824 2 30 107
822 823 5 38 44 58 88 116
820 823 4 9 43 46 61
816 823 2 28 120
810 823 3 13 18 27
809 823 4 22 46 125 128
807 823 5 47 65 71 113 119
806 823 5 58 67 77 84 116
805 822 2 60 84
793 822 4 47 84 98 123
791 822 1 58
787 822 1 124
781 822 2 80 94
779 822 5 7 66 101 121 128
773 822 3 92 98 110
820 821 5 10 14 56 78 97
819 821 2 10 122
818 821 1 94
815 821 3 95 103 120
811 821 1 89
806 821 4 17 54 99 126
805 821 1 46
817 820 1 54
813 820 1 21
811 820 4 5 35 70 119
809 820 4 31 80 85 128
801 820 5 53 93 103 112 121
793 820 4 47 81 85 101
791 820 2 26 123
818 819 5 31 35 118 122 126
815 819 4 74 81 109 111
803 819 2 22 100
802 819 4 5 25 97 124
797 819 4 37 48 115 119
796 819 2 13 24
790 819 3 39 109 120
817 818 1 72
807 818 1 17
805 818 3 74 78 91
803 818 5 14 17 66 77 100
799 818 3 5 25 95
797 818 1 60
791 818 3 54 96 115
812 817 5 9 32 70 82 91
810 817 3 26 80 83
808 817 1 123
805 817 4 82 90 95 100
804 817 3 18 62 69
803 817 2 63 84
802 817 2 52 94
811 816 4 34 42 75 120
809 816 3 16 36 103
803 816 2 49 75
797 816 4 4 8 13 88
793 816 3 6 47 117
785 816 3 4 62 129
775 816 5 47 81 106 124 125
813 815 2 35 76
812 815 4 36 66 81 114
809 815 2 63 113
807 815 3 67 114 129
806 815 3 30 54 89
804 815 1 106
803 815 3 75 117 128
813 814 4 13 32 47 116
805 814 4 22 32 39 78
801 814 1 48
799 814 1 90
797 814 1 29
795 814 1 123
793 814 1 25
812 813 2 10 15
808 813 1 80
805 813 4 107 120 121 129
803 813 3 18 35 67
799 813 2 84 94
794 813 5 22 35 55 89 118
793 813 5 16 20 21 43 55
809 812 2 23 104
807 812 4 16 32 50 57
797 812 1 36
789 812 2 3 107
785 812 5 25 51 62 68 101
781 812 4 73 78 86 89
775 812 5 13 23 44 58 61
809 811 5 3 12 78 102 121
807 811 4 21 22 72 121
806 811 4 23 89 100 124
805 811 2 57 103
804 811 1 70
802 811 4 67 75 86 108
800 811 1 76
803 810 2 30 129
797 810 2 7 21
793 810 2 6 46
781 810 4 3 10 51 109
779 810 3 64 98 111
761 810 5 12 39 40 60 96
757 810 1 21
806 809 3 58 75 116
805 809 2 53 86
803 809 4 17 49 98 121
802 809 1 54
798 809 5 47 50 79 101 124
795 809 1 91
791 809 3 13 73 102
801 808 2 12 19
795 808 4 13 31 33 102
791 808 2 13 66
785 808 5 10 57 72 85 111
783 808 1 123
773 808 3 57 59 95
771 808 5 10 41 50 83 89
805 807 1 118
802 807 4 84 86 88 108
797 807 4 24 72 103 111
796 807 1 20
791 807 3 17 43 94
790 807 1 11
782 807 3 19 56 71
805 806 4 57 90 107 128
801 806 2 80 94
799 806 1 36
797 806 4 54 77 98 103
795 806 3 22 62 118
791 806 1 83
789 806 3 43 77 89
804 805 1 23
803 805 5 6 10 19 82 94
801 805 2 25 101
796 805 5 18 30 39 99 124
794 805 3 54 70 112
793 805 1 52
792 805 3 31 60 116
803 804 5 45 49 71 84 108
785 804 4 29 44 124 127
781 804 2 2 30
779 804 2 62 64
775 804 2 49 52
757 804 5 16 60 95 96 117
755 804 5 17 83 98 100 111
799 803 4 3 33 45 85
798 803 1 67
797 803 5 12 38 80 81 105
795 803 3 45 48 89
791 803 3 36 79 82
790 803 1 26
789 803 5 17 34 52 61 107
801 802 3 66 78 88
799 802 1 54
797 802 2 4 19
793 802 3 15 81 120
781 802 4 21 27 37 61
769 802 2 5 66
767 802 2 24 70
796 801 3 5 50 58
793 801 1 116
791 801 4 35 58 96 98
787 801 3 16 73 91
782 801 4 23 59 86 106
779 801 1 30
778 801 3 7 92 123
799 800 5 58 81 111 122 129
797 800 3 58 78 89
779 800 4 9 104 114 122
769 800 2 98 108
759 800 1 75
751 800 3 8 34 61
747 800 5 20 25 73 110 120
796 799 3 61 92 111
794 799 3 7 58 102
789 799 4 23 38 110 119
788 799 3 3 26 80
787 799 1 51
785 799 1 37
784 799 2 21 119
797 798 3 58 84 124
785 798 4 13 29 35 42
775 798 3 16 18 25
773 798 1 94
757 798 2 44 127
751 798 4 58 81 96 102
745 798 1 24
794 797 2 57 64
793 797 5 40 64 86 87 124
789 797 3 20 96 119
787 797 2 15 28
786 797 5 73 85 90 105 118
784 797 4 14 81 83 89
782 797 1 59
795 796 1 34
789 796 5 23 61 70 106 127
787 796 5 20 96 125 126 129
785 796 1 53
781 796 5 17 33 74 79 111
779 796 3 13 71 82
775 796 1 27
794 795 3 77 105 113
793 795 4 27 31 112 120
787 795 5 25 83 88 104 120
782 795 2 50 129
781 795 2 2 4
778 795 5 4 29 51 75 78
776 795 3 6 19 121
791 794 5 77 93 104 112 129
789 794 5 24 35 57 67 99
785 794 1 49
781 794 4 23 50 53 111
777 794 5 49 74 113 115 118
775 794 3 47 83 107
773 794 1 71
792 793 2 52 94
791 793 1 117
790 793 3 44 51 67
788 793 4 27 57 87 112
787 793 1 125
785 793 4 22 25 44 124
784 793 1 101
791 792 2 26 55
775 792 2 27 113
773 792 3 7 64 107
769 792 4 4 27 52 56
767 792 1 14
763 792 5 13 72 101 109 126
761 792 2 15 107
790 791 3 34 80 102
789 791 4 11 62 66 87
786 791 4 29 91 93 109
780 791 3 3 16 27
779 791 3 10 31 83
775 791 4 27 30 55 72
774 791 5 7 54 68 126 128
787 790 2 28 108
783 790 3 41 72 81
781 790 1 6
779 790 4 14 87 91 113
777 790 2 72 75
761 790 3 8 42 102
759 790 4 2 17 35 118
785 789 2 6 104
779 789 4 27 40 87 112
778 789 5 8 58 72 90 111
775 789 2 3 114
770 789 1 83
767 789 2 29 52
763 789 2 34 75
783 788 4 3 16 34 94
773 788 2 41 124
771 788 1 119
765 788 3 18 119 129
759 788 2 16 18
757 788 1 123
755 788 2 12 101
786 787 2 26 116
784 787 5 33 41 57 104 114
783 787 3 23 123 126
782 787 1 70
780 787 2 32 56
779 787 4 14 54 55 110
778 787 1 50
785 786 1 29
779 786 1 77
769 786 1 44
767 786 4 31 57 62 122
763 786 3 13 95 105
761 786 5 2 32 75 86 98
757 786 3 30 57 102
784 785 5 30 38 65 76 77
783 785 5 25 56 75 114 128
781 785 3 76 86 106
776 785 3 23 79 113
771 785 4 38 78 99 106
769 785 4 10 43 44 60
767 785 2 70 81
779 784 2 74 115
773 784 1 56
771 784 3 45 62 122
761 784 4 6 13 99 115
757 784 2 60 115
755 784 3 27 46 68
747 784 4 5 13 42 79
779 783 4 43 52 72 129
776 783 3 39 65 72
773 783 2 41 88
772 783 3 20 43 91
770 783 4 24 64 97 123
766 783 4 27 45 99 103
764 783 2 111 125
781 782 2 76 108
779 782 2 40 112
777 782 2 67 79
775 782 1 40
769 782 4 18 22 90 92
767 782 1 46
763 782 3 17 83 84
778 781 3 33 110 128
777 781 2 33 79
772 781 3 39 85 88
771 781 2 48 121
769 781 4 101 105 108 124
767 781 3 43 83 119
765 781 3 44 84 105
769 780 5 4 31 51 65 103
763 780 2 16 82
761 780 4 2 27 90 118
757 780 1 90
751 780 1 34
749 780 3 53 93 110
743 780 1 44
778 779 2 31 81
774 779 2 19 54
773 779 4 67 91 95 124
772 779 5 5 16 27 33 55
767 779 3 34 111 120
763 779 5 5 46 47 101 126
761 779 3 81 89 94
773 778 4 23 75 106 110
771 778 2 107 124
767 778 5 23 52 81 100 118
763 778 2 8 107
761 778 4 19 60 66 127
759 778 3 84 96 119
755 778 4 10 34 71 72
775 777 5 6 8 50 107 127
769 777 1 14
766 777 1 114
764 777 2 38 90
761 777 3 56 111 114
760 777 1 89
751 777 3 14 24 88
773 776 2 30 79
765 776 5 7 25 44 57 72
763 776 1 99
759 776 5 13 30 71 83 94
755 776 5 40 43 58 82 117
753 776 5 29 63 81 92 100
749 776 4 21 28 44 79
774 775 1 22
772 775 4 2 82 118 121
769 775 1 59
768 775 2 2 28
767 775 2 23 57
763 775 1 64
761 775 1 90
773 774 3 27 58 107
767 774 1 29
763 774 4 2 57 64 93
757 774 4 27 32 85 95
755 774 4 14 49 93 98
751 774 3 15 77 103
733 774 1 124
772 773 2 33 96
771 773 3 30 42 118
770 773 2 32 115
769 773 2 45 126
768 773 1 123
767 773 3 10 44 50
766 773 1 61
771 772 2 21 88
763 772 5 33 59 68 74 112
761 772 1 19
759 772 5 11 25 27 116 125
755 772 3 47 112 114
751 772 2 62 114
749 772 1 88
758 771 5 15 16 35 86 122
751 771 5 21 101 104 105 128
746 771 1 123
745 771 2 60 73
742 771 4 75 85 99 100
734 771 3 48 86 128
730 771 3 29 52 54
769 770 3 3 62 113
757 770 4 40 87 89 109
751 770 1 70
741 770 4 45 81 110 118
739 770 2 66 84
733 770 2 55 109
723 770 4 11 28 48 53
768 769 1 33
767 769 2 7 57
766 769 5 18 57 80 81 89
765 769 5 15 71 82 99 113
764 769 2 57 115
763 769 3 10 99 119
762 769 3 14 105 121
761 768 5 8 30 63 107 127
751 768 2 93 117
749 768 5 12 62 86 89 106
745 768 3 38 56 80
739 768 4 12 53 54 76
737 768 2 84 87
731 768 3 56 68 123
766 767 4 47 48 49 128
764 767 3 35 43 78
762 767 5 3 10 23 99 116
757 767 5 23 46 71 83 128
753 767 1 40
752 767 4 14 96 105 113
751 767 1 63
765 766 4 19 27 59 86
761 766 1 53
757 766 2 31 72
755 766 4 23 77 81 114
751 766 2 8 21
749 766 4 26 33 74 112
745 766 3 70 99 120
763 765 1 103
758 765 2 15 58
752 765 5 53 61 72 83 125
751 765 1 15
749 765 5 21 23 48 66 91
736 765 3 30 64 89
734 765 1 4
761 764 3 14 88 125
759 764 1 105
755 764 4 11 32 53 93
747 764 5 13 18 37 38 126
743 764 4 6 16 26 94
741 764 2 64 112
739 764 5 16 47 72 97 104
762 763 5 3 5 27 31 102
761 763 1 100
759 763 5 3 95 98 99 117
755 763 5 6 34 72 98 114
754 763 4 63 80 87 97
753 763 1 91
748 763 2 66 128
761 762 2 29 103
757 762 2 37 77
743 762 3 21 63 109
739 762 2 28 126
725 762 1 71
709 762 1 87
703 762 5 38 66 82 107 125
760 761 3 9 11 73
759 761 5 20 61 64 85 109
758 761 4 7 63 73 77
757 761 4 9 78 113 125
756 761 4 33 38 65 121
755 761 4 88 100 102 127
752 761 4 30 35 122 127
757 760 4 27 41 60 89
751 760 3 2 3 118
749 760 5 18 41 59 70 87
747 760 5 39 42 44 110 122
743 760 4 25 44 46 71
739 760 1 46
737 760 5 3 40 50 94 116
754 759 4 16 47 93 114
752 759 1 113
751 759 1 120
743 759 5 41 53 61 73 91
742 759 3 45 86 123
740 759 3 24 75 110
730 759 5 20 38 41 92 93
757 758 5 39 51 103 110 127
755 758 5 4 18 42 58 98
747 758 2 22 23
741 758 4 23 55 85 128
735 758 2 46 88
729 758 2 53 64
723 758 1 106
754 757 3 16 31 129
753 757 1 101
751 757 4 50 52 98 111
750 757 3 72 92 101
748 757 2 116 127
747 757 2 66 125
746 757 4 63 84 93 101
755 756 5 26 55 87 115 128
739 756 2 104 124
737 756 2 63 67
733 756 5 36 79 80 94 109
725 756 2 28 82
715 756 3 14 31 108
703 756 5 59 74 91 109 114
749 755 2 7 41
747 755 4 17 55 59 114
746 755 2 46 63
744 755 2 107 124
743 755 3 40 69 96
739 755 5 42 60 81 93 120
737 755 2 19 37
753 754 5 5 23 77 89 119
751 754 5 26 50 66 80 125
749 754 5 2 8 17 23 120
745 754 4 74 86 95 119
729 754 3 19 106 110
727 754 1 40
721 754 1 116
752 753 3 31 44 114
751 753 5 4 40 57 68 74
749 753 2 8 129
748 753 2 54 71
746 753 3 7 26 62
742 753 2 42 102
740 753 5 20 28 86 88 105
751 752 4 28 58 83 123
749 752 2 50 119
747 752 2 34 63
745 752 5 13 28 69 75 119
743 752 3 33 63 122
739 752 1 89
737 752 2 118 119
750 751 3 34 68 127
746 751 2 67 125
744 751 3 77 103 104
743 751 1 3
740 751 2 23 66
739 751 3 8 79 100
737 751 2 85 99
749 750 3 14 57 125
727 750 2 33 117
713 750 5 14 33 38 79 114
709 750 4 84 94 110 119
707 750 5 24 28 69 95 113
697 750 3 41 52 124
683 750 2 24 89
746 749 2 29 108
745 749 1 6
739 749 3 41 83 111
738 749 4 55 87 89 103
733 749 4 30 42 50 64
731 749 2 49 108
726 749 4 18 19 71 124
747 748 5 27 52 55 62 104
745 748 2 46 110
739 748 1 103
735 748 2 45 78
729 748 2 12 59
727 748 1 82
725 748 4 70 91 105 126
742 747 1 83
737 747 3 10 17 96
736 747 4 13 72 73 74
734 747 5 13 36 56 89 106
733 747 1 120
731 747 5 7 16 61 83 113
727 747 4 65 70 105 109
745 746 2 12 30
739 746 1 29
735 746 2 61 97
731 746 2 87 93
725 746 5 32 33 85 92 117
723 746 3 12 47 112
719 746 5 16 20 72 117 118
742 745 5 33 36 38 112 122
741 745 3 76 81 95
738 745 5 22 27 66 104 125
733 745 5 29 72 99 107 110
732 745 2 72 112
731 745 3 71 94 129
729 745 3 91 124 128
739 744 2 42 52
737 744 3 21 50 119
731 744 3 19 32 74
727 744 5 14 66 71 110 129
719 744 2 27 48
707 744 4 17 31 82 121
703 744 1 38
741 743 5 26 65 77 103 128
740 743 1 98
735 743 4 32 56 59 61
733 743 1 102
732 743 4 42 78 92 119
730 743 2 45 78
729 743 3 25 50 82
737 742 2 55 91
733 742 4 65 78 95 102
731 742 5 3 29 59 66 106
729 742 4 67 86 109 129
725 742 2 7 115
717 742 4 41 42 46 110
713 742 2 33 49
740 741 2 101 113
737 741 3 86 105 129
736 741 2 91 93
734 741 5 3 20 77 80 93
733 741 5 20 32 41 47 94
730 741 2 51 112
724 741 3 47 83 93
733 740 1 77
729 740 2 12 79
727 740 2 3 99
721 740 2 86 117
719 740 5 18 59 76 104 121
717 740 5 17 21 34 93 114
699 740 3 42 100 109
737 739 3 13 27 64
735 739 4 55 68 72 103
730 739 5 17 24 34 71 106
729 739 3 44 102 115
728 739 1 18
727 739 1 35
724 739 1 126
737 738 5 38 64 74 81 86
731 738 2 87 112
727 738 4 2 27 32 36
721 738 2 60 113
719 738 3 39 57 119
715 738 2 92 124
703 738 1 17
736 737 3 17 48 56
735 737 3 83 107 125
734 737 2 117 125
733 737 3 8 53 66
725 737 4 58 68 73 92
724 737 1 49
721 737 3 29 92 125
735 736 2 15 52
733 736 5 4 8 53 79 89
731 736 4 3 63 92 103
729 736 1 102
723 736 3 13 54 99
721 736 5 28 41 63 97 127
717 736 5 25 30 44 62 66
734 735 1 31
731 735 4 18 56 66 118
722 735 5 41 66 73 99 112
713 735 1 67
712 735 5 5 52 82 83 106
709 735 4 45 75 88 111
706 735 3 41 47 73
733 734 2 55 64
731 734 3 15 56 127
729 734 3 60 101 118
727 734 2 2 108
719 734 5 17 18 33 41 59
717 734 2 45 86
715 734 2 17 72
732 733 1 2
731 733 5 9 14 72 81 94
730 733 1 91
729 733 2 56 64
728 733 3 49 53 67
727 733 2 25 72
726 733 3 8 38 123
731 732 3 17 51 61
725 732 1 98
721 732 5 50 64 86 100 128
713 732 3 20 53 109
703 732 2 9 37
701 732 4 25 31 75 82
697 732 1 37
730 731 5 9 10 49 56 129
727 731 2 46 48
725 731 3 75 81 118
724 731 3 38 104 111
723 731 1 23
722 731 3 28 68 123
720 731 4 18 38 83 124
727 730 3 2 72 79
721 730 2 7 43
719 730 3 12 31 64
717 730 1 33
703 730 2 35 74
701 730 5 27 77 89 98 109
681 730 2 10 42
728 729 3 104 106 108
724 729 4 24 52 56 124
722 729 3 40 87 124
721 729 3 11 58 126
719 729 3 46 61 101
715 729 1 70
712 729 3 32 49 106
727 728 3 10 70 85
725 728 5 43 52 53 68 85
723 728 3 13 85 119
719 728 4 37 63 114 127
711 728 4 51 73 80 107
709 728 3 14 67 88
705 728 4 4 75 95 128
724 727 3 31 45 91
722 727 5 40 41 45 60 77
720 727 1 66
719 727 5 31 45 86 97 126
716 727 1 20
715 727 4 36 86 99 103
714 727 5 2 11 49 60 115
701 726 2 12 91
695 726 4 36 53 55 79
689 726 1 86
683 726 3 28 37 42
673 726 1 74
667 726 3 18 35 75
665 726 3 12 22 110
717 725 3 88 89 113
713 725 4 50 56 95 109
711 725 1 91
709 725 3 4 7 109
708 725 2 4 125
703 725 4 31 68 118 124
702 725 3 15 31 42
719 724 3 56 112 113
715 724 4 32 45 73 111
713 724 1 122
711 724 5 4 21 35 37 100
707 724 4 5 25 97 120
705 724 1 65
699 724 1 30
716 723 2 51 55
707 723 5 36 82 87 115 116
706 723 2 18 67
701 723 2 21 116
698 723 5 15 16 48 99 124
694 723 4 5 33 45 92
692 723 3 12 69 110
721 722 4 22 55 66 114
717 722 1 8
713 722 2 65 101
707 722 3 3 21 84
701 722 4 25 28 38 77
699 722 2 39 99
697 722 4 4 42 96 122
713 721 2 44 59
712 721 2 36 71
711 721 1 113
710 721 5 28 42 50 97 129
709 721 1 87
705 721 4 31 56 87 122
704 721 5 2 46 117 119 120
709 720 4 2 42 92 106
703 720 5 7 28 43 58 99
691 720 4 4 17 122 124
683 720 5 14 37 84 96 124
679 720 2 55 58
667 720 5 13 66 72 107 116
661 720 4 71 104 114 121
717 719 5 11 58 77 80 88
716 719 2 17 62
715 719 4 39 50 101 109
711 719 3 65 93 108
709 719 4 6 61 64 76
708 719 2 61 128
707 719 3 12 52 87
715 718 3 10 32 114
705 718 2 10 12
699 718 2 84 86
691 718 1 18
685 718 4 9 39 49 56
681 718 2 57 119
673 718 2 61 74
713 717 5 5 41 58 80 104
709 717 3 62 84 94
707 717 5 7 14 56 92 100
706 717 2 5 10
703 717 2 34 42
701 717 4 8 37 97 120
698 717 5 11 34 62 63 114
707 716 5 28 45 46 80 88
705 716 5 78 84 91 95 105
703 716 5 2 12 63 69 122
699 716 3 66 77 123
689 716 1 120
687 716 5 2 16 34 63 113
683 716 2 39 67
711 715 3 91 115 120
709 715 5 42 79 83 97 116
707 715 5 8 77 86 94 124
706 715 4 66 71 100 103
703 715 1 61
701 715 3 61 80 116
697 715 2 67 110
695 714 2 32 122
689 714 3 26 34 129
677 714 3 3 72 93
647 714 3 43 95 119
643 714 1 84
635 714 2 38 52
631 714 4 2 27 118 129
707 713 5 32 59 69 79 82
705 713 5 51 54 77 79 81
704 713 4 6 18 124 125
702 713 3 25 53 63
701 713 2 43 55
699 713 2 22 114
698 713 5 4 47 89 103 124
711 712 5 5 10 91 108 129
709 712 2 64 127
705 712 5 68 80 81 87 95
703 712 5 31 47 85 95 105
701 712 1 45
699 712 4 6 29 125 127
695 712 1 31
710 711 4 22 86 95 124
704 711 4 21 30 47 67
701 711 2 31 45
700 711 4 40 47 99 125
697 711 3 24 46 118
691 711 1 10
689 711 5 10 30 34 37 116
709 710 3 2 46 62
703 710 3 11 122 127
701 710 2 50 104
699 710 4 64 67 76 77
697 710 1 20
693 710 1 112
691 710 2 101 124
706 709 5 33 35 49 79 121
705 709 5 47 58 84 101 127
704 709 3 28 63 100
702 709 4 2 50 89 128
701 709 3 36 54 101
700 709 4 6 31 45 84
698 709 4 61 114 120 124
703 708 2 43 52
697 708 4 16 19 103 116
695 708 2 90 122
689 708 4 8 31 50 114
685 708 4 23 65 85 129
683 708 5 2 48 57 73 123
679 708 2 35 50
706 707 1 43
704 707 4 2 23 70 122
701 707 2 102 109
699 707 2 47 73
692 707 3 56 89 109
691 707 2 11 36
689 707 3 12 21 101
703 706 4 24 35 72 114
689 706 4 19 32 74 93
683 706 2 26 81
679 706 4 29 54 60 73
677 706 5 35 50 70 73 91
675 706 4 35 55 97 118
669 706 2 34 59
701 705 5 52 66 79 103 106
698 705 3 20 63 77
686 705 1 30
683 705 4 5 28 44 115
682 705 3 15 22 86
679 705 3 45 73 99
674 705 1 78
703 704 3 39 92 119
701 704 3 3 67 89
695 704 4 27 66 80 122
689 704 1 38
687 704 3 10 35 86
683 704 1 31
675 704 5 40 46 48 110 121
700 703 2 78 105
699 703 2 9 45
698 703 3 42 49 128
696 703 4 13 60 116 123
695 703 2 75 112
692 703 2 15 46
691 703 4 67 70 76 81
695 702 3 12 104 114
685 702 5 4 60 61 102 109
683 702 3 5 24 109
679 702 1 91
677 702 4 25 31 97 113
671 702 1 88
667 702 4 44 50 63 99
696 701 4 35 43 77 87
695 701 3 2 63 129
693 701 2 7 79
691 701 3 43 84 91
689 701 3 42 81 92
687 701 3 55 68 126
685 701 5 19 20 61 68 112
699 700 1 63
689 700 2 61 129
681 700 5 6 7 18 21 101
661 700 4 46 53 81 92
659 700 5 3 29 47 57 95
657 700 1 97
653 700 3 23 80 85
697 699 5 18 22 48 54 90
695 699 1 119
694 699 4 43 45 58 81
691 699 2 4 106
686 699 4 48 61 83 94
683 699 4 20 23 96 114
682 699 5 23 33 48 61 110
695 698 1 22
689 698 5 21 36 72 75 97
687 698 3 46 54 108
685 698 5 33 40 44 96 121
677 698 2 33 125
673 698 3 13 78 99
671 698 2 76 110
695 697 2 33 38
694 697 3 73 86 104
691 697 4 23 57 79 102
687 697 4 36 54 78 108
685 697 4 18 73 87 124
684 697 5 4 5 27 59 124
681 697 5 11 81 90 93 118
691 696 2 77 105
689 696 3 53 86 87
685 696 3 5 33 42
679 696 2 56 77
677 696 5 39 67 72 75 122
671 696 3 45 66 79
665 696 1 113
693 695 1 34
691 695 2 9 113
684 695 3 48 68 96
683 695 5 73 78 89 119 124
682 695 1 71
681 695 3 60 96 118
679 695 4 2 10 21 27
693 694 1 4
691 694 1 85
687 694 1 15
685 694 3 71 77 86
683 694 5 8 34 62 84 117
679 694 1 9
675 694 4 54 82 106 119
692 693 4 74 93 98 118
689 693 3 2 40 114
688 693 5 18 43 85 90 96
677 693 2 98 121
668 693 3 13 97 112
667 693 5 59 75 100 115 129
662 693 5 50 58 66 119 124
691 692 1 118
689 692 1 65
687 692 4 13 32 43 60
683 692 2 49 88
677 692 3 57 112 118
673 692 5 6 16 35 61 105
669 692 3 33 35 104
686 691 5 54 65 99 100 117
685 691 1 67
684 691 2 66 111
683 691 4 2 16 44 97
682 691 2 35 56
681 691 3 37 104 113
679 691 4 96 110 117 125
683 690 3 14 63 85
679 690 2 15 80
677 690 5 5 8 29 106 123
673 690 3 45 85 90
671 690 1 13
661 690 3 52 62 67
643 690 2 59 92
686 689 1 115
685 689 3 58 91 122
684 689 2 89 127
683 689 5 4 6 19 37 115
675 689 4 23 47 104 105
673 689 4 27 102 107 115
672 689 3 17 29 112
687 688 3 10 86 128
683 688 1 52
679 688 3 3 55 99
673 688 4 38 74 113 127
669 688 2 20 92
665 688 2 45 77
659 688 4 30 53 68 79
683 687 4 60 72 80 106
682 687 1 51
680 687 3 45 73 88
676 687 4 2 45 92 110
670 687 2 72 118
668 687 2 17 116
667 687 4 29 55 78 127
683 686 1 106
675 686 5 2 17 54 94 112
673 686 3 39 44 88
671 686 1 31
667 686 1 114
663 686 1 18
659 686 4 14 107 115 125
679 685 5 31 48 102 113 118
677 685 4 6 12 58 123
674 685 4 38 67 88 124
673 685 1 85
672 685 3 40 57 87
669 685 4 30 52 58 89
668 685 2 29 108
677 684 5 30 42 57 74 108
673 684 3 27 115 129
649 684 5 43 44 45 76 117
641 684 1 123
631 684 2 18 57
629 684 4 3 74 82 85
617 684 5 5 30 88 99 122
680 683 4 43 87 105 128
676 683 4 15 22 71 93
675 683 3 61 94 101
674 683 4 36 47 82 91
673 683 2 5 40
672 683 5 13 33 53 61 67
671 683 2 22 118
681 682 5 16 19 45 100 115
677 682 4 85 96 111 124
665 682 4 5 39 93 106
663 682 1 55
655 682 3 44 59 82
653 682 2 72 98
645 682 5 16 57 70 103 110
680 681 1 65
677 681 5 11 45 78 124 127
676 681 5 29 34 38 72 128
671 681 1 32
659 681 3 15 85 109
658 681 3 82 83 97
656 681 2 89 100
679 680 1 69
677 680 4 39 47 88 119
673 680 5 25 58 96 103 104
671 680 3 17 23 90
667 680 2 58 116
649 680 3 72 87 90
643 680 3 25 30 77
678 679 2 57 129
677 679 2 117 126
675 679 5 20 37 45 52 70
674 679 4 31 35 62 86
670 679 3 52 109 118
669 679 4 22 26 50 99
667 679 5 16 78 85 90 112
677 678 5 29 63 108 117 128
671 678 3 45 101 120
667 678 1 25
661 678 5 28 51 72 102 121
659 678 5 5 55 68 69 116
655 678 3 49 50 114
649 678 1 27
676 677 3 49 87 116
673 677 5 23 27 30 42 65
672 677 1 9
671 677 1 110
669 677 2 31 40
668 677 5 7 29 57 58 123
666 677 2 33 46
671 676 5 37 48 55 72 102
661 676 1 5
655 676 4 11 12 93 111
651 676 5 19 29 35 86 102
647 676 5 63 71 89 97 111
635 676 3 74 76 85
627 676 4 22 28 70 109
673 675 1 3
668 675 5 54 60 70 105 124
664 675 1 99
662 675 2 22 110
661 675 4 63 90 112 117
659 675 2 17 91
658 675 5 20 27 100 108 113
671 674 3 3 48 100
667 674 5 66 68 80 90 101
659 674 5 8 47 72 87 119
651 674 3 78 90 109
649 674 2 92 126
647 674 1 6
643 674 2 79 108
670 673 3 18 75 99
669 673 1 3
668 673 5 49 64 72 87 126
667 673 3 51 59 120
665 673 5 30 46 93 107 126
663 673 3 44 85 110
662 673 4 56 94 96 105
667 672 1 28
661 672 5 12 14 36 76 107
655 672 5 5 32 35 75 90
647 672 5 43 49 70 71 88
643 672 3 14 25 48
635 672 1 30
629 672 3 81 113 127
669 671 5 21 59 61 74 81
667 671 3 12 18 126
666 671 3 15 60 129
665 671 5 8 38 63 75 96
663 671 1 39
662 671 3 56 78 105
661 671 5 19 30 94 104 113
667 670 5 47 66 74 117 118
651 670 2 65 68
639 670 2 23 91
637 670 4 5 46 63 103
629 670 4 39 93 113 128
627 670 5 38 42 53 106 119
623 670 3 32 45 52
665 669 2 60 66
664 669 5 15 58 59 66 102
661 669 3 6 33 66
650 669 1 74
649 669 1 113
646 669 2 11 99
644 669 3 43 52 95
667 668 5 19 26 28 57 82
665 668 1 23
661 668 3 29 83 105
653 668 4 2 33 37 74
647 668 3 6 19 110
645 668 5 41 52 92 99 112
643 668 3 4 6 88
665 667 1 124
663 667 1 78
661 667 5 20 24 76 96 102
660 667 3 10 74 96
659 667 3 13 94 116
657 667 4 12 95 101 111
654 667 1 99
661 666 2 6 108
659 666 1 23
649 666 2 13 33
647 666 5 6 23 32 63 98
643 666 4 26 48 78 86
635 666 5 10 17 26 86 101
625 666 5 5 25 37 65 122
664 665 3 51 103 120
659 665 3 9 76 95
653 665 1 42
652 665 5 14 15 74 81 104
647 665 5 49 74 82 90 113
642 665 3 15 72 92
638 665 4 34 83 95 122
659 664 5 12 20 26 56 66
653 664 3 10 13 19
645 664 4 13 26 108 118
641 664 3 35 69 126
637 664 5 19 59 61 103 106
633 664 3 35 43 117
631 664 5 19 29 47 86 120
662 663 4 32 37 44 54
661 663 5 31 33 51 58 126
659 663 4 8 29 79 126
655 663 3 28 43 75
652 663 3 73 128 129
641 663 3 9 49 117
638 663 3 51 69 117
655 662 2 8 76
653 662 2 100 129
651 662 3 2 78 94
649 662 2 22 44
647 662 3 29 82 89
643 662 1 119
639 662 4 19 53 96 125
660 661 1 10
657 661 1 26
656 661 3 39 51 65
654 661 1 9
653 661 5 62 74 81 119 128
650 661 3 55 71 88
648 661 5 47 62 84 103 126
659 660 5 42 56 96 101 125
647 660 4 5 22 127 128
641 660 3 17 68 83
637 660 3 17 64 99
631 660 2 14 38
629 660 3 36 79 94
623 660 4 11 53 83 110
657 659 4 27 28 53 85
655 659 4 21 83 97 124
652 659 2 8 117
650 659 4 32 53 82 88
648 659 1 126
647 659 5 64 68 90 106 124
644 659 2 68 126
657 658 3 19 71 123
649 658 2 54 113
647 658 5 8 18 70 76 77
645 658 1 34
643 658 2 73 91
641 658 2 62 93
639 658 2 93 115
656 657 3 35 58 119
655 657 1 109
646 657 3 57 75 110
638 657 2 51 79
635 657 4 11 28 66 92
634 657 4 63 85 106 112
632 657 1 47
651 656 5 45 51 53 67 72
649 656 4 10 47 109 118
647 656 4 59 70 95 103
645 656 1 65
643 656 1 93
641 656 1 34
639 656 4 18 71 75 121
652 655 4 34 47 64 105
651 655 4 35 56 79 122
648 655 3 72 99 114
647 655 1 62
646 655 1 93
644 655 2 58 114
643 655 4 27 52 112 119
653 654 2 57 100
641 654 1 115
637 654 1 50
625 654 4 12 26 87 129
623 654 4 91 103 112 123
619 654 2 5 90
607 654 1 59
651 653 3 60 88 100
648 653 5 41 98 109 113 126
647 653 2 45 59
646 653 4 8 86 110 119
644 653 2 19 38
643 653 2 35 42
641 653 4 43 103 106 122
649 652 5 2 19 41 83 101
645 652 4 42 64 75 108
643 652 3 44 90 125
639 652 2 20 122
637 652 1 37
635 652 2 72 122
633 652 3 7 31 74
649 651 3 39 81 118
646 651 1 44
640 651 4 7 98 99 114
638 651 1 61
629 651 5 18 90 91 94 129
626 651 2 2 68
613 651 4 86 102 103 124
631 650 1 38
629 650 5 11 30 37 71 94
621 650 4 48 90 108 129
617 650 4 45 56 91 95
603 650 1 33
601 650 4 16 81 88 89
599 650 5 5 47 108 125 129
648 649 5 5 52 65 73 88
647 649 1 11
646 649 3 73 83 121
645 649 3 44 55 124
644 649 2 20 43
643 649 1 7
642 649 5 17 20 32 97 105
647 648 5 25 54 70 91 95
643 648 5 17 31 57 60 65
641 648 1 19
637 648 1 115
635 648 4 2 15 44 66
629 648 3 84 108 126
625 648 2 69 93
646 647 4 33 82 90 111
643 647 2 45 108
639 647 1 87
638 647 2 69 93
637 647 5 36 56 59 115 123
635 647 1 52
632 647 2 27 81
641 646 5 5 38 43 118 127
637 646 4 29 95 117 123
633 646 5 18 30 35 124 125
625 646 4 16 34 75 91
623 646 5 43 48 71 72 121
619 646 5 9 26 33 73 114
617 646 3 44 54 102
644 645 4 21 48 74 100
643 645 5 2 83 100 109 126
638 645 2 12 40
631 645 5 58 82 95 98 108
622 645 1 76
619 645 1 61
617 645 5 17 48 54 86 98
635 644 4 86 87 107 113
633 644 3 8 48 119
629 644 4 80 110 122 128
627 644 3 63 81 90
625 644 3 19 23 81
619 644 5 2 33 78 88 104
617 644 4 41 56 100 126
642 643 4 53 93 111 125
641 643 5 21 49 60 68 113
640 643 5 35 60 73 75 120
639 643 3 59 82 91
638 643 4 75 77 96 97
637 643 3 28 73 85
636 643 4 5 66 92 108
637 642 2 12 116
635 642 4 12 33 39 65
631 642 4 29 30 67 108
629 642 3 18 23 93
623 642 3 41 101 117
607 642 1 40
605 642 3 9 88 105
639 641 5 16 18 54 92 106
638 641 5 43 58 59 88 118
637 641 2 14 100
635 641 3 55 70 74
634 641 1 91
630 641 2 89 106
629 641 4 38 80 81 104
637 640 3 5 68 73
631 640 1 111
629 640 3 30 45 75
627 640 4 15 39 66 105
623 640 2 30 61
617 640 2 18 19
613 640 4 25 88 97 125
637 639 1 4
632 639 3 48 53 64
631 639 3 45 94 121
629 639 3 18 99 115
626 639 5 29 43 78 118 124
625 639 2 58 127
623 639 1 120
623 638 5 17 19 81 82 85
621 638 3 51 69 128
617 638 1 12
613 638 3 24 86 113
611 638 4 13 24 68 77
607 638 1 102
601 638 2 113 115
635 637 4 6 36 60 87
634 637 5 3 23 39 69 122
633 637 3 77 92 93
629 637 4 2 38 45 109
628 637 5 31 36 52 80 111
626 637 4 47 68 70 99
625 637 3 63 98 101
625 636 2 98 106
623 636 4 7 22 65 84
617 636 3 55 125 129
613 636 4 7 15 38 73
607 636 4 33 50 79 120
601 636 3 36 46 59
599 636 1 76
634 635 5 25 28 90 106 117
632 635 2 18 71
631 635 1 9
629 635 3 59 87 96
628 635 2 115 124
626 635 5 39 64 73 100 103
624 635 3 3 102 119
631 634 3 24 101 122
621 634 4 16 23 70 127
617 634 2 16 75
615 634 2 21 96
605 634 1 60
597 634 3 57 100 103
593 634 1 69
632 633 3 43 114 128
631 633 2 32 61
629 633 4 36 44 61 92
628 633 5 36 54 62 68 107
626 633 4 29 47 106 119
622 633 5 10 35 62 66 126
619 633 1 38
631 632 5 3 4 12 13 33
623 632 4 36 69 104 109
621 632 1 12
613 632 4 13 17 24 50
607 632 2 7 21
605 632 5 50 66 81 119 126
601 632 2 76 110
630 631 2 10 76
629 631 3 27 97 103
622 631 4 15 65 69 117
621 631 2 49 52
617 631 3 111 112 117
616 631 3 81 103 118
615 631 3 19 59 99
629 630 1 112
617 630 5 17 29 45 83 111
611 630 5 6 43 63 120 125
607 630 4 39 45 48 71
589 630 1 72
577 630 2 85 116
569 630 1 74
625 629 2 66 91
624 629 3 122 123 127
622 629 4 4 93 114 129
620 629 4 19 53 62 99
619 629 2 101 115
618 629 3 39 61 98
617 629 4 38 70 75 127
627 628 5 69 71 77 80 86
611 628 5 7 14 41 61 99
607 628 3 14 80 83
603 628 5 34 101 104 107 117
593 628 5 29 36 74 86 106
591 628 1 121
589 628 3 60 94 112
625 627 2 27 117
622 627 2 42 78
613 627 3 8 89 120
611 627 1 86
610 627 5 24 31 61 95 123
607 627 4 44 54 55 105
599 627 1 8
625 626 2 91 121
619 626 1 92
617 626 2 8 116
615 626 1 25
613 626 5 12 13 31 94 106
611 626 3 5 12 48
605 626 5 25 47 66 112 123
624 625 5 4 28 36 42 62
623 625 4 8 12 79 105
622 625 2 30 80
618 625 2 81 82
617 625 1 52
612 625 4 37 47 82 89
611 625 3 13 83 106
623 624 4 18 53 67 124
617 624 2 95 124
613 624 5 53 99 109 111 123
607 624 4 31 60 65 129
605 624 5 28 37 112 118 128
601 624 3 19 95 117
599 624 5 58 59 72 73 98
622 623 5 76 80 106 116 122
620 623 3 19 48 114
617 623 3 40 47 65
615 623 3 35 121 123
612 623 5 3 25 37 74 104
611 623 5 19 28 40 59 74
607 623 4 21 71 104 106
621 622 2 105 106
615 622 4 50 63 76 80
611 622 5 10 59 70 112 126
607 622 5 57 76 101 125 128
603 622 1 58
593 622 4 20 54 72 107
587 622 2 12 25
617 621 4 8 19 24 103
614 621 4 34 51 74 106
613 621 4 35 40 49 82
611 621 3 29 75 96
602 621 2 39 53
601 621 4 66 70 85 88
596 621 2 3 93
619 620 5 4 75 81 95 104
617 620 5 63 100 106 110 115
613 620 2 63 100
607 620 1 106
603 620 4 5 87 99 113
601 620 4 8 20 28 35
597 620 3 33 49 74
616 619 1 62
614 619 3 4 9 69
611 619 4 28 38 44 115
610 619 2 45 102
607 619 5 5 49 82 87 89
600 619 1 126
599 619 1 50
613 618 4 3 6 66 104
611 618 3 37 78 93
607 618 1 104
605 618 2 53 61
593 618 3 67 85 129
589 618 3 22 25 53
583 618 2 42 56
616 617 4 18 20 24 116
612 617 2 90 121
611 617 5 42 62 80 81 98
610 617 2 93 124
607 617 4 26 36 114 121
603 617 1 54
602 617 5 2 55 63 104 108
607 616 3 59 78 119
603 616 5 27 49 62 84 90
601 616 2 71 88
599 616 3 12 22 63
597 616 5 16 24 38 60 71
593 616 1 94
585 616 2 46 96
614 615 4 30 65 82 111
608 615 1 51
607 615 1 35
604 615 5 38 49 84 116 118
592 615 5 12 17 54 81 90
587 615 5 15 27 31 32 101
586 615 1 61
611 614 2 8 30
607 614 4 77 92 106 110
605 614 3 9 89 122
601 614 2 13 108
597 614 1 37
589 614 3 58 60 67
587 614 3 21 53 81
611 613 5 2 5 12 44 97
609 613 3 32 37 40
605 613 5 24 33 81 93 128
602 613 5 34 56 65 109 115
600 613 3 76 86 94
598 613 2 43 116
596 613 3 24 53 117
611 612 2 49 125
599 612 1 23
593 612 2 58 96
587 612 2 22 45
583 612 5 38 74 93 98 120
577 612 3 28 29 60
575 612 3 53 94 99
610 611 1 28
609 611 5 25 27 39 56 115
604 611 1 92
603 611 3 46 80 124
601 611 5 36 88 110 112 126
600 611 4 15 66 112 118
599 611 4 2 13 40 70
609 610 5 8 18 45 93 129
599 610 5 32 37 65 79 127
593 610 5 50 52 70 86 109
591 610 4 7 34 36 70
587 610 1 61
583 610 1 46
581 610 3 6 75 96
601 609 1 55
598 609 1 67
596 609 4 5 22 87 104
592 609 2 62 102
590 609 1 114
586 609 5 56 57 58 76 116
583 609 1 121
607 608 5 5 62 69 74 109
605 608 2 10 99
603 608 2 15 24
601 608 4 14 24 69 85
599 608 5 41 85 92 109 117
597 608 3 60 96 105
595 608 1 57
604 607 1 75
602 607 3 3 52 61
601 607 2 84 111
599 607 3 54 112 122
595 607 5 20 24 66 75 90
594 607 3 45 62 75
593 607 1 17
605 606 4 72 98 102 105
601 606 1 105
599 606 5 25 40 80 96 112
595 606 1 31
589 606 4 6 61 72 93
583 606 3 40 48 88
577 606 4 28 71 79 103
604 605 2 38 114
602 605 4 11 35 55 107
601 605 1 98
599 605 1 82
597 605 5 28 42 46 80 96
596 605 4 25 31 94 129
592 605 2 80 81
603 604 5 36 40 75 102 109
597 604 5 34 38 51 66 111
595 604 5 6 48 65 73 74
591 604 1 25
589 604 3 7 120 128
581 604 4 13 20 35 45
571 604 2 27 43
592 603 1 28
583 603 5 7 18 35 64 81
575 603 5 28 45 72 75 92
574 603 4 23 25 30 118
572 603 3 28 82 96
565 603 1 26
563 603 1 121
601 602 5 27 41 42 49 70
599 602 4 14 27 28 48
597 602 4 46 49 74 111
593 602 3 6 52 72
591 602 4 16 21 51 75
583 602 5 59 107 108 115 128
579 602 2 43 48
598 601 4 7 59 74 109
596 601 4 24 31 76 103
595 601 2 24 44
594 601 5 19 49 56 85 105
592 601 5 6 37 91 108 111
589 601 1 40
588 601 2 56 66
593 600 5 16 34 39 121 129
589 600 5 13 36 46 84 106
587 600 4 2 40 49 76
583 600 5 33 87 99 111 124
571 600 2 40 91
559 600 2 28 98
557 600 1 32
593 599 3 5 103 116
592 599 1 75
590 599 4 35 104 113 126
588 599 3 21 44 91
586 599 4 54 73 109 121
583 599 4 74 82 97 100
582 599 4 29 41 46 99
595 598 1 76
581 598 2 49 127
573 598 4 9 53 74 120
567 598 1 33
565 598 2 7 31
561 598 5 16 74 77 86 92
557 598 1 39
595 597 3 14 85 111
592 597 3 39 113 118
589 597 2 44 120
587 597 1 90
586 597 2 65 121
584 597 2 68 74
583 597 2 32 70
595 596 2 57 70
591 596 1 128
581 596 3 3 6 73
575 596 2 99 128
573 596 4 16 43 53 78
571 596 3 5 62 85
559 596 2 2 52
594 595 5 15 70 107 119 127
592 595 4 13 54 70 71
589 595 2 57 92
586 595 5 33 72 97 113 118
584 595 2 41 44
582 595 1 123
568 595 2 36 64
589 594 5 9 17 51 60 80
581 594 1 84
577 594 5 21 22 40 42 99
575 594 2 48 105
569 594 4 17 47 70 113
563 594 5 21 61 90 98 110
559 594 4 40 57 93 108
592 593 5 17 18 56 63 69
591 593 1 24
590 593 1 124
588 593 5 3 25 85 108 115
586 593 1 96
585 593 5 11 46 64 70 99
584 593 5 19 26 48 74 108
589 592 4 6 11 51 80
587 592 4 3 24 98 110
585 592 4 57 61 100 101
577 592 1 67
561 592 4 27 57 96 117
559 592 5 11 17 43 66 105
557 592 3 53 96 99
589 591 3 60 62 75
584 591 4 74 82 89 108
583 591 1 69
575 591 3 37 45 119
574 591 2 2 97
569 591 4 21 42 76 103
568 591 5 34 36 53 112 129
583 590 2 59 120
577 590 3 62 72 102
561 590 5 10 33 58 66 119
559 590 3 21 44 117
557 590 3 27 48 51
553 590 5 34 50 69 74 93
551 590 1 36
587 589 1 35
586 589 1 96
584 589 2 9 85
582 589 4 5 18 111 120
580 589 1 4
576 589 5 4 27 65 73 87
573 589 5 5 26 73 74 91
587 588 4 58 63 69 106
575 588 1 53
571 588 2 22 119
569 588 5 50 68 86 94 99
559 588 3 10 63 88
557 588 3 14 57 127
551 588 4 28 39 69 98
586 587 1 10
585 587 2 5 38
579 587 1 117
578 587 1 85
575 587 2 51 94
573 587 3 73 90 109
566 587 1 46
585 586 1 83
573 586 4 43 46 106 111
571 586 1 41
567 586 5 7 23 31 65 104
565 586 5 22 70 72 80 94
553 586 3 41 112 114
547 586 3 29 56 91
584 585 2 89 127
578 585 3 33 39 89
574 585 4 6 46 77 120
569 585 5 3 26 47 60 96
568 585 5 3 9 41 96 126
566 585 5 36 70 98 102 111
563 585 5 6 18 30 99 106
577 584 1 41
575 584 5 16 30 31 37 119
573 584 4 6 11 64 128
571 584 3 13 40 69
569 584 5 9 42 67 83 99
565 584 1 121
559 584 3 50 72 97
581 583 2 40 41
579 583 2 69 123
578 583 4 39 40 61 74
576 583 2 17 93
575 583 2 31 84
574 583 4 18 41 52 70
570 583 1 124
581 582 2 13 48
577 582 3 33 79 94
569 582 5 9 22 41 79 125
565 582 5 4 11 46 76 107
559 582 3 79 85 112
557 582 2 99 108
547 582 1 15
580 581 2 8 95
579 581 4 6 35 59 84
578 581 1 45
576 581 1 10
573 581 4 4 93 103 111
572 581 4 21 28 75 89
570 581 1 84
573 580 1 52
557 580 2 49 120
553 580 2 33 76
547 580 1 63
543 580 4 43 84 111 119
539 580 1 61
533 580 1 79
575 579 1 69
574 579 1 44
569 579 1 91
568 579 5 28 31 83 90 98
565 579 4 45 70 100 120
560 579 1 91
557 579 3 64 101 121
573 578 4 14 26 61 84
571 578 4 44 68 93 118
569 578 5 31 43 54 89 103
567 578 3 16 75 94
563 578 4 2 61 62 102
549 578 5 66 69 82 113 126
541 578 3 19 76 93
576 577 1 126
575 577 3 2 71 90
573 577 4 6 14 18 93
570 577 4 4 9 47 81
567 577 1 58
565 577 5 35 69 93 100 105
564 577 5 23 79 81 95 123
563 576 5 9 25 97 118 125
547 576 5 17 31 60 80 128
541 576 4 49 58 111 125
539 576 5 6 24 49 64 125
535 576 1 7
527 576 2 40 56
523 576 3 38 105 113
573 575 3 63 94 117
571 575 1 31
569 575 3 27 44 126
566 575 4 10 85 100 126
564 575 5 18 25 42 62 119
562 575 1 75
558 575 1 80
573 574 2 102 114
565 574 4 4 27 78 125
561 574 3 54 79 103
559 574 2 43 81
557 574 1 4
555 574 2 22 43
547 574 1 32
572 573 1 50
571 573 5 23 26 49 68 69
569 573 4 44 52 111 122
568 573 1 89
566 573 1 76
563 573 1 85
562 573 5 21 38 67 121 122
569 572 4 75 76 123 126
567 572 5 15 45 74 89 116
555 572 3 25 101 112
553 572 1 79
549 572 5 20 63 82 84 97
547 572 2 39 45
545 572 3 38 74 125
569 571 2 22 115
568 571 1 71
567 571 1 102
565 571 4 21 42 99 115
564 571 5 37 42 45 53 102
561 571 1 35
560 571 3 21 82 100
569 570 3 82 91 101
563 570 2 105 120
559 570 2 76 86
553 570 4 6 88 94 122
539 570 3 50 84 105
533 570 5 20 25 38 74 99
529 570 4 26 65 86 102
566 569 4 40 55 94 118
565 569 5 7 19 53 73 75
564 569 2 12 22
563 569 2 83 114
560 569 4 3 25 34 103
559 569 3 84 92 122
558 569 1 102
567 568 4 64 75 98 121
565 568 2 75 96
561 568 3 24 78 86
553 568 1 53
547 568 5 29 52 64 66 124
543 568 1 37
541 568 2 53 102
559 567 5 10 11 39 44 115
557 567 5 35 64 94 95 101
554 567 3 78 81 110
550 567 3 47 65 108
547 567 2 35 121
545 567 4 36 42 57 88
544 567 1 57
565 566 5 18 59 67 71 114
563 566 2 61 109
559 566 4 19 49 103 127
557 566 4 42 43 59 120
551 566 1 69
549 566 1 128
547 566 4 21 25 32 122
564 565 1 21
559 565 5 26 72 88 118 120
558 565 4 17 106 108 113
557 565 5 39 45 86 117 121
549 565 2 99 121
547 565 5 16 32 50 105 119
544 565 1 92
541 564 4 36 66 122 129
539 564 2 46 47
533 564 4 32 35 42 118
529 564 2 24 28
527 564 1 34
521 564 3 5 57 99
503 564 3 71 93 101
562 563 2 49 60
559 563 5 33 42 47 92 111
558 563 3 13 32 43
557 563 4 7 41 87 128
554 563 5 9 23 35 118 123
552 563 3 77 78 80
550 563 1 127
561 562 2 57 72
559 562 4 14 67 71 102
557 562 1 87
555 562 5 16 26 65 105 123
551 562 1 85
541 562 1 74
537 562 1 28
560 561 5 23 37 69 70 74
557 561 3 73 109 128
556 561 2 56 73
554 561 4 26 32 73 95
553 561 2 52 106
551 561 3 16 102 112
547 561 2 6 34
559 560 1 28
551 560 1 23
549 560 1 74
543 560 4 24 80 88 114
537 560 5 10 26 41 81 117
531 560 5 18 38 62 64 125
523 560 3 24 25 125
553 559 5 37 78 102 106 126
551 559 2 12 57
548 559 1 31
544 559 4 21 49 66 119
542 559 1 50
541 559 3 26 70 121
539 559 5 46 55 67 120 128
547 558 4 18 72 80 124
545 558 4 19 24 80 83
541 558 2 42 128
533 558 5 27 61 69 78 106
523 558 1 69
509 558 2 40 108
505 558 3 3 33 69
556 557 1 45
554 557 2 41 129
553 557 3 22 90 96
552 557 3 38 58 65
551 557 4 39 89 99 124
545 557 3 22 58 72
544 557 4 13 38 66 105
555 556 2 58 124
553 556 2 69 72
551 556 2 78 128
547 556 4 38 52 121 122
543 556 3 4 16 52
541 556 2 51 82
539 556 3 8 11 31
553 555 1 103
551 555 2 35 93
542 555 1 9
541 555 1 65
539 555 4 33 41 67 106
538 555 5 22 31 89 100 104
523 555 3 41 96 111
549 554 4 14 77 101 104
547 554 3 23 87 111
541 554 5 3 17 19 45 56
539 554 5 18 33 40 92 129
537 554 5 13 79 85 115 118
535 554 3 32 64 98
529 554 5 45 71 86 92 127
551 553 1 125
549 553 5 27 40 72 90 96
545 553 2 36 123
542 553 5 12 22 68 102 108
537 553 1 96
531 553 1 40
530 553 3 54 58 62
551 552 3 102 122 125
539 552 2 25 38
535 552 1 93
533 552 1 113
521 552 2 81 102
515 552 2 2 32
503 552 4 52 65 83 113
546 551 3 68 98 101
545 551 5 52 63 68 85 86
544 551 1 95
543 551 3 5 35 129
542 551 3 35 46 114
539 551 1 41
538 551 5 8 9 55 57 86
537 550 5 13 30 78 79 112
531 550 3 17 79 108
511 550 3 41 51 89
501 550 1 76
499 550 3 51 74 117
497 550 5 45 59 110 121 126
493 550 3 75 89 113
548 549 2 42 126
547 549 5 13 44 77 86 91
542 549 5 2 9 37 74 116
541 549 5 38 45 116 121 122
539 549 2 4 52
538 549 3 69 85 116
536 549 4 53 74 96 122
545 548 5 25 81 98 99 106
543 548 1 8
539 548 5 30 51 62 65 70
531 548 4 9 78 87 105
527 548 4 62 69 80 117
521 548 3 27 72 99
517 548 2 25 58
546 547 1 76
544 547 5 13 73 76 85 127
543 547 1 43
542 547 5 4 5 23 28 58
539 547 3 73 111 113
536 547 3 7 29 84
535 547 1 93
541 546 1 111
535 546 2 37 114
529 546 5 27 53 76 101 128
527 546 1 106
515 546 3 13 18 75
509 546 5 7 12 79 110 128
505 546 2 86 102
544 545 2 39 54
543 545 3 16 25 77
542 545 5 6 15 73 91 128
541 545 2 59 66
536 545 1 51
534 545 5 4 8 61 109 119
531 545 3 34 66 84
543 544 4 6 19 75 122
541 544 5 24 99 103 115 120
537 544 2 17 21
521 544 3 35 40 47
519 544 4 55 61 73 111
515 544 3 43 75 77
513 544 1 109
542 543 2 58 95
539 543 5 9 45 46 115 127
538 543 4 26 28 123 129
535 543 4 61 76 85 97
529 543 5 6 19 77 103 105
527 543 1 66
526 543 4 42 49 105 113
541 542 5 40 41 44 65 116
539 542 5 23 66 77 124 127
535 542 1 7
533 542 5 22 61 84 86 107
527 542 1 32
521 542 1 98
515 542 3 12 78 99
540 541 3 15 52 98
539 541 5 8 41 73 93 129
537 541 2 91 115
535 541 4 35 46 61 77
534 541 5 2 13 26 68 90
533 541 3 50 71 88
532 541 4 11 52 55 86
539 540 1 27
527 540 5 15 44 89 114 115
523 540 1 19
511 540 1 6
503 540 1 2
499 540 4 3 32 98 107
493 540 5 8 25 50 67 70
537 539 1 15
535 539 4 39 44 92 104
531 539 5 30 37 47 69 129
524 539 2 4 25
522 539 3 2 62 97
520 539 2 15 38
515 539 4 11 52 93 117
529 538 3 31 34 49
517 538 2 9 12
515 538 3 60 84 103
513 538 3 26 120 124
511 538 2 51 101
507 538 2 51 52
505 538 3 51 75 111
532 537 5 19 20 61 67 120
530 537 3 22 47 66
529 537 5 17 22 26 44 108
526 537 4 63 76 104 124
517 537 5 13 14 81 85 111
514 537 1 89
511 537 3 29 45 53
535 536 5 8 38 68 117 128
529 536 2 62 129
523 536 3 14 57 109
521 536 5 33 62 70 114 123
513 536 2 9 102
511 536 4 54 62 79 106
505 536 1 81
534 535 4 21 48 92 127
532 535 3 11 13 108
531 535 2 41 63
528 535 1 89
523 535 5 3 16 38 65 120
522 535 5 21 33 63 71 85
519 535 3 10 24 100
529 534 4 27 52 54 56
527 534 5 14 27 96 111 116
517 534 3 32 48 62
509 534 2 64 125
505 534 3 10 60 118
503 534 1 14
493 534 1 24
524 533 5 10 34 35 77 108
523 533 5 15 34 53 56 128
519 533 2 8 126
517 533 3 100 117 120
514 533 1 49
512 533 3 36 40 105
511 533 5 6 20 59 89 118
527 532 2 58 90
521 532 4 46 54 59 101
519 532 1 84
517 532 5 77 81 94 105 122
515 532 1 64
509 532 5 21 59 74 76 105
495 532 4 25 57 69 103
527 531 1 36
524 531 4 2 46 48 111
523 531 5 26 52 76 85 128
517 531 1 96
514 531 4 5 26 43 47
511 531 1 45
508 531 2 2 25
527 530 1 37
523 530 4 46 55 61 94
519 530 2 20 97
517 530 1 11
513 530 4 31 67 73 74
507 530 3 40 91 98
501 530 4 69 81 85 101
518 529 4 4 29 39 94
517 529 4 28 84 109 115
512 529 5 28 66 96 112 122
511 529 4 59 66 108 118
510 529 1 28
508 529 5 8 47 104 114 119
505 529 3 29 80 83
527 528 2 14 85
521 528 3 43 62 104
511 528 4 32 70 74 89
509 528 2 12 100
505 528 2 96 127
503 528 2 54 128
499 528 2 17 85
525 527 4 13 70 89 110
523 527 1 13
520 527 1 97
519 527 5 14 26 45 69 113
518 527 5 46 100 104 115 128
514 527 4 7 8 43 73
513 527 1 14
523 526 2 13 14
521 526 1 111
519 526 3 40 41 99
517 526 2 46 112
515 526 3 38 75 97
511 526 1 37
507 526 5 19 79 84 93 98
517 525 5 25 37 49 63 129
509 525 1 100
508 525 4 47 91 101 125
502 525 4 22 48 50 103
499 525 3 80 83 104
494 525 5 10 14 24 77 90
493 525 4 34 45 92 113
523 524 5 23 39 73 93 120
511 524 4 92 97 98 121
507 524 2 71 109
505 524 5 19 38 67 114 121
501 524 3 73 113 115
497 524 4 3 10 53 104
495 524 2 61 87
522 523 4 37 60 82 87
520 523 4 29 43 80 99
519 523 2 110 125
518 523 3 41 67 88
514 523 5 7 62 76 95 98
513 523 1 119
512 523 4 8 60 89 110
515 522 4 15 26 41 48
505 522 1 92
487 522 2 95 99
485 522 3 51 57 67
469 522 4 56 66 68 120
467 522 4 11 69 85 117
461 522 3 9 38 109
520 521 2 26 43
518 521 3 54 85 109
517 521 2 6 73
513 521 1 35
510 521 4 29 73 81 86
507 521 1 59
506 521 3 11 18 32
517 520 3 19 48 64
513 520 2 22 127
501 520 2 92 123
499 520 1 20
497 520 1 17
493 520 1 58
491 520 2 2 104
517 519 5 5 18 45 62 120
515 519 1 101
512 519 1 38
509 519 3 3 51 92
505 519 5 50 59 75 81 104
503 519 3 2 27 112
499 519 3 46 47 73
517 518 3 27 88 109
513 518 2 6 92
501 518 2 82 85
499 518 1 44
491 518 3 4 96 115
479 518 2 41 84
475 518 1 78
514 517 2 6 60
512 517 3 16 31 33
510 517 4 3 48 88 99
508 517 2 38 93
507 517 1 118
504 517 5 21 30 71 80 88
502 517 1 35
509 516 3 24 43 107
503 516 1 112
497 516 2 22 28
491 516 4 42 52 76 85
487 516 4 17 62 80 108
485 516 1 128
469 516 2 85 109
514 515 3 51 78 117
513 515 1 81
512 515 3 32 78 127
511 515 5 9 21 63 118 126
507 515 3 32 84 93
504 515 1 73
503 515 2 100 110
513 514 2 57 94
509 514 4 17 40 90 121
505 514 1 122
501 514 3 44 72 118
499 514 4 33 41 96 99
497 514 5 35 36 40 54 73
487 514 3 9 77 123
509 513 3 29 30 35
506 513 5 58 78 85 88 102
499 513 2 10 111
497 513 2 26 120
496 513 4 23 30 52 89
493 513 4 45 94 114 119
491 513 2 31 82
505 512 4 31 39 70 87
501 512 4 76 107 118 121
495 512 4 13 88 104 123
493 512 1 19
491 512 1 16
489 512 3 7 24 27
487 512 4 21 26 105 118
510 511 5 22 44 72 96 126
508 511 5 32 53 82 85 103
507 511 1 40
506 511 4 15 29 48 118
505 511 1 29
500 511 3 83 92 113
499 511 3 12 97 128
509 510 3 27 62 66
481 510 4 10 26 68 73
473 510 4 21 52 53 110
469 510 5 26 47 63 99 120
467 510 3 13 82 91
461 510 2 18 79
451 510 1 94
507 509 5 41 43 48 53 78
506 509 1 45
502 509 4 5 39 71 77
497 509 1 105
496 509 1 107
495 509 5 29 41 95 108 126
490 509 5 23 51 67 78 103
505 508 5 10 26 39 121 122
501 508 2 93 119
495 508 2 32 121
493 508 3 18 65 82
491 508 1 93
489 508 2 7 121
481 508 2 16 89
502 507 1 47
500 507 3 15 37 114
499 507 4 29 31 49 67
496 507 1 8
493 507 3 21 57 96
490 507 2 13 18
488 507 2 24 90
503 506 4 20 21 38 108
499 506 4 22 58 120 124
489 506 5 19 71 73 77 125
487 506 2 27 50
485 506 1 122
479 506 2 32 125
469 506 5 58 83 91 103 113
504 505 4 12 14 76 81
502 505 3 49 57 80
501 505 1 75
498 505 2 43 117
494 505 4 4 29 44 72
491 505 5 5 69 73 109 123
486 505 4 30 45 49 72
499 504 1 116
493 504 5 2 17 31 42 55
491 504 4 39 49 77 89
485 504 4 10 24 46 57
475 504 4 15 34 68 120
473 504 4 27 51 60 68
467 504 2 41 94
502 503 2 9 109
501 503 3 5 48 75
498 503 1 96
497 503 3 33 94 121
494 503 2 42 97
493 503 5 33 45 50 77 94
492 503 5 22 25 43 70 123
497 502 3 2 6 88
495 502 4 41 45 71 85
487 502 1 115
485 502 4 3 10 30 51
481 502 5 7 32 57 67 84
475 502 5 59 84 99 114 118
469 502 1 98
499 501 1 16
496 501 1 29
490 501 2 36 86
488 501 5 5 11 51 88 113
487 501 4 35 64 104 109
485 501 2 14 67
482 501 3 16 24 101
497 500 4 19 29 80 125
489 500 2 3 4
481 500 1 2
479 500 4 36 72 77 129
477 500 1 36
469 500 5 3 16 44 100 101
467 500 4 41 67 101 108
497 499 3 3 38 74
494 499 1 70
493 499 2 56 119
491 499 1 121
488 499 2 35 48
487 499 4 32 43 57 96
485 499 3 13 28 55
497 498 5 13 15 52 61 114
493 498 1 112
481 498 2 49 91
479 498 1 18
469 498 1 40
467 498 4 7 30 62 64
457 498 1 14
496 497 4 30 50 60 104
495 497 3 28 46 57
493 497 4 39 53 69 124
492 497 4 48 70 109 113
491 497 4 29 30 60 85
488 497 2 25 75
485 497 5 11 12 20 53 95
493 496 5 17 50 51 88 111
489 496 2 3 42
487 496 2 7 107
479 496 5 6 13 74 113 124
477 496 2 47 74
475 496 5 26 41 55 82 108
471 496 2 87 129
491 495 4 27 56 66 125
488 495 5 43 44 100 105 125
487 495 3 11 18 21
479 495 3 19 126 127
478 495 5 4 46 49 73 115
476 495 1 4
472 495 4 11 26 85 98
493 494 4 83 102 103 105
491 494 3 5 29 40
485 494 3 8 28 66
467 494 2 20 101
465 494 1 102
463 494 5 78 88 90 123 124
461 494 3 10 15 68
486 493 5 20 23 38 74 112
485 493 4 12 53 73 97
484 493 5 43 49 64 68 90
483 493 3 41 77 84
479 493 4 9 20 44 46
471 493 4 16 24 35 102
469 493 2 4 35
491 492 3 22 58 112
485 492 2 27 47
475 492 5 9 23 25 58 106
473 492 3 40 93 96
469 492 3 3 46 62
463 492 5 6 36 75 88 103
461 492 1 100
490 491 2 63 89
488 491 4 37 43 57 80
484 491 5 12 51 116 121 126
483 491 5 6 34 65 68 102
481 491 5 13 56 61 70 101
480 491 5 50 69 71 99 102
479 491 4 73 75 77 85
489 490 3 18 72 120
481 490 1 24
477 490 2 31 38
473 490 3 20 25 108
471 490 4 46 80 86 121
467 490 3 44 108 119
463 490 2 19 98
488 489 2 48 89
476 489 1 78
475 489 4 9 58 60 90
469 489 2 74 99
466 489 1 17
464 489 2 42 96
457 489 1 84
487 488 1 97
481 488 1 122
479 488 3 4 103 124
467 488 4 17 60 70 83
461 488 1 108
459 488 5 2 9 36 87 115
453 488 2 50 54
486 487 2 124 127
485 487 5 36 49 65 79 123
484 487 2 104 118
483 487 5 2 31 36 44 106
477 487 3 62 71 89
475 487 3 2 14 15
469 487 5 36 73 76 98 101
481 486 5 4 23 29 46 57
475 486 1 83
469 486 4 25 39 77 114
463 486 5 16 42 52 103 106
457 486 4 59 87 91 119
455 486 3 12 86 110
451 486 1 91
483 485 4 29 43 80 128
482 485 3 70 91 128
478 485 3 40 58 95
476 485 3 37 69 129
473 485 2 31 51
472 485 1 123
466 485 4 33 92 99 113
483 484 2 6 87
477 484 1 54
475 484 2 60 110
461 484 4 68 79 98 120
459 484 4 38 45 66 73
455 484 3 19 66 85
453 484 4 44 62 68 106
473 483 5 10 21 54 69 71
467 483 4 13 22 50 58
466 483 2 66 113
464 483 4 8 45 56 65
463 483 5 14 34 41 56 95
457 483 2 18 125
452 483 3 17 58 129
481 482 1 128
479 482 5 16 81 91 112 127
473 482 4 61 84 92 98
469 482 1 28
467 482 2 82 116
465 482 5 4 12 52 91 96
461 482 1 115
479 481 1 121
478 481 5 27 29 35 49 59
477 481 4 2 11 25 76
475 481 5 27 38 88 121 127
473 481 1 10
472 481 1 28
471 481 2 109 118
479 480 4 11 30 100 128
473 480 1 115
469 480 3 36 38 128
461 480 1 125
439 480 5 5 26 30 118 120
437 480 1 11
431 480 1 126
478 479 1 58
477 479 4 19 55 82 118
474 479 1 59
473 479 3 49 106 113
472 479 3 74 81 120
471 479 4 15 25 34 128
468 479 5 2 7 42 61 82
477 478 1 104
475 478 5 10 36 39 43 68
473 478 4 7 9 67 79
469 478 2 23 96
467 478 2 9 27
465 478 3 21 22 106
463 478 1 72
476 477 3 17 93 124
472 477 1 52
470 477 5 16 27 48 90 116
466 477 2 117 118
461 477 1 22
460 477 3 58 79 103
458 477 5 30 39 69 100 124
475 476 1 59
471 476 2 28 121
467 476 4 4 19 88 103
465 476 3 14 59 90
453 476 2 69 107
451 476 1 55
443 476 5 11 27 54 113 126
473 475 3 6 34 46
472 475 1 84
469 475 5 72 74 95 103 115
468 475 4 69 72 110 112
463 475 3 4 6 61
462 475 2 100 109
461 475 4 14 23 25 69
473 474 1 99
469 474 2 4 46
463 474 5 18 52 54 101 105
457 474 5 2 32 62 97 114
455 474 2 22 122
445 474 5 23 25 44 55 73
443 474 3 5 26 101
465 473 2 60 69
460 473 4 54 59 61 82
459 473 1 71
457 473 4 4 8 65 70
455 473 3 89 91 92
454 473 1 47
453 473 4 74 114 118 122
469 472 3 53 66 116
463 472 2 41 124
459 472 2 10 78
457 472 4 12 20 81 97
447 472 3 15 63 111
445 472 2 34 107
441 472 1 12
470 471 3 35 50 82
469 471 1 113
467 471 5 36 43 52 76 121
460 471 1 79
458 471 3 10 29 57
457 471 4 44 57 66 129
452 471 3 42 53 54
469 470 4 38 57 80 125
467 470 1 17
461 470 1 112
459 470 3 61 67 74
453 470 4 3 10 100 108
451 470 1 17
449 470 1 119
468 469 3 69 90 97
467 469 3 10 35 120
466 469 3 9 60 81
465 469 1 57
464 469 5 14 49 80 86 110
460 469 2 21 62
459 469 2 6 114
463 468 4 22 32 55 82
461 468 2 15 31
451 468 3 38 93 116
437 468 3 50 67 125
433 468 5 36 63 95 103 123
431 468 5 23 27 58 60 84
425 468 1 12
466 467 1 52
463 467 2 40 49
461 467 4 18 34 37 66
458 467 1 29
456 467 2 81 96
453 467 3 29 112 118
450 467 3 88 89 90
465 466 5 3 23 52 77 114
463 466 1 122
459 466 1 121
443 466 3 39 90 118
441 466 1 30
437 466 1 39
435 466 2 45 46
464 465 2 40 126
463 465 3 20 30 122
461 465 1 112
457 465 2 40 80
449 465 4 7 41 52 70
446 465 2 7 92
436 465 5 5 26 81 89 101
461 464 2 22 92
457 464 3 4 60 92
455 464 5 3 11 17 56 104
453 464 5 29 51 62 76 127
451 464 2 42 77
449 464 2 56 90
445 464 3 41 79 83
462 463 5 14 16 50 77 90
459 463 1 122
457 463 3 25 29 49
456 463 2 7 91
455 463 5 45 53 90 92 103
454 463 5 44 45 59 61 102
453 463 1 96
461 462 1 83
457 462 2 63 115
449 462 2 90 121
443 462 2 3 25
439 462 5 45 55 66 71 116
437 462 3 40 49 50
433 462 2 34 42
458 461 4 28 31 40 41
453 461 3 24 27 30
452 461 3 32 57 120
444 461 3 87 111 117
443 461 1 2
441 461 1 74
436 461 4 30 38 41 57
459 460 1 100
453 460 2 6 15
451 460 5 19 44 81 86 91
449 460 2 88 114
447 460 1 63
439 460 1 105
427 460 3 9 105 109
458 459 3 57 85 119
457 459 1 56
452 459 3 5 6 89
445 459 5 27 65 91 114 118
443 459 4 30 71 101 121
440 459 3 58 75 110
437 459 1 98
455 458 4 20 35 99 110
445 458 2 13 114
437 458 2 19 39
431 458 1 11
425 458 3 3 22 90
423 458 2 4 120
421 458 1 94
456 457 5 3 36 73 85 88
454 457 1 38
450 457 2 76 80
449 457 1 15
448 457 4 36 52 56 127
447 457 2 14 55
444 457 3 7 117 119
451 456 4 16 30 71 108
449 456 5 13 22 39 79 87
439 456 5 6 36 62 77 92
427 456 4 10 25 46 57
419 456 2 72 106
413 456 5 21 27 58 85 100
397 456 1 77
454 455 5 18 34 68 101 112
453 455 5 61 92 95 98 108
452 455 3 41 103 123
449 455 4 11 22 76 89
447 455 3 32 33 117
443 455 2 15 117
438 455 5 14 24 25 109 129
451 454 1 16
431 454 2 17 36
427 454 2 119 124
421 454 1 106
417 454 3 14 27 110
413 454 3 35 56 119
409 454 1 50
452 453 1 73
451 453 3 27 37 75
449 453 3 51 123 128
445 453 5 6 25 79 123 124
443 453 4 33 46 69 94
436 453 1 17
431 453 2 104 107
449 452 2 12 52
447 452 3 58 65 98
441 452 1 73
435 452 4 34 63 95 101
433 452 1 24
431 452 4 8 16 74 97
429 452 3 38 90 118
450 451 5 16 39 50 68 107
449 451 4 67 99 111 114
448 451 3 79 127 128
445 451 1 98
443 451 2 33 41
442 451 1 23
438 451 1 35
449 450 2 40 124
437 450 3 107 116 120
419 450 3 23 50 107
407 450 3 10 81 117
403 450 5 4 55 77 112 123
401 450 2 83 98
397 450 5 20 29 31 85 112
447 449 5 6 7 35 39 91
446 449 2 17 106
445 449 1 90
442 449 5 53 59 96 101 115
438 449 1 37
437 449 1 32
435 449 2 30 62
447 448 4 13 24 29 37
445 448 1 64
439 448 5 24 25 29 54 121
437 448 4 13 97 114 124
431 448 4 7 11 27 61
421 448 4 10 23 32 69
419 448 1 35
446 447 5 7 57 64 76 124
445 447 1 95
440 447 2 26 106
437 447 5 7 33 88 105 107
436 447 2 2 42
433 447 4 4 19 51 64
430 447 4 40 41 75 93
441 446 1 98
435 446 3 36 55 105
431 446 4 25 72 113 126
429 446 2 105 119
421 446 2 44 55
417 446 4 27 34 119 122
415 446 4 24 42 49 106
444 445 3 3 20 128
443 445 3 70 105 123
436 445 2 111 113
433 445 3 18 35 92
429 445 4 32 64 75 90
427 445 5 44 60 87 104 118
424 445 2 35 104
439 444 2 17 101
427 444 2 4 22
415 444 5 81 95 107 117 118
409 444 5 4 8 20 37 86
403 444 4 32 57 89 118
385 444 5 7 48 62 102 109
383 444 1 43
442 443 3 56 70 98
441 443 2 18 127
440 443 3 66 96 113
439 443 5 11 20 60 80 114
438 443 3 25 74 78
436 443 2 4 83
434 443 4 23 61 63 119
439 442 5 15 47 102 125 128
419 442 2 14 89
417 442 5 30 65 70 74 129
411 442 5 57 67 82 86 125
409 442 2 10 41
407 442 1 41
405 442 3 39 56 73
440 441 3 51 112 123
439 441 1 92
436 441 3 30 40 98
433 441 1 27
431 441 2 61 81
430 441 4 5 13 64 116
428 441 4 39 49 60 78
439 440 4 27 74 91 121
423 440 4 42 43 74 115
419 440 4 13 43 82 125
417 440 1 117
413 440 2 62 125
409 440 1 8
403 440 1 7
438 439 4 30 96 105 126
433 439 3 14 21 41
431 439 1 53
429 439 3 9 44 75
427 439 5 7 52 57 81 90
425 439 2 67 74
423 439 3 67 96 118
431 438 2 12 113
427 438 3 15 100 102
413 438 4 20 56 59 107
403 438 3 3 66 118
397 438 4 6 103 115 118
395 438 3 22 33 88
389 438 5 13 76 90 119 120
435 437 5 4 51 67 69 89
434 437 2 20 129
430 437 5 2 26 42 48 54
429 437 1 6
424 437 5 37 46 48 87 117
423 437 1 89
416 437 2 57 82
427 436 2 16 74
425 436 1 12
423 436 2 61 119
421 436 1 15
419 436 1 83
417 436 4 28 79 103 120
415 436 5 3 47 84 115 117
434 435 4 69 73 110 121
433 435 4 26 49 72 107
427 435 5 33 55 56 63 69
421 435 5 25 56 98 105 112
418 435 3 14 114 119
413 435 2 4 92
404 435 3 63 119 121
433 434 4 28 50 81 110
429 434 1 80
421 434 4 57 64 95 128
411 434 3 101 119 129
409 434 3 22 74 107
407 434 1 17
401 434 4 34 35 74 88
432 433 1 67
430 433 1 89
428 433 4 61 83 87 100
427 433 5 23 42 70 84 115
426 433 1 52
423 433 4 3 28 30 36
419 433 4 22 25 60 116
431 432 1 73
425 432 1 100
419 432 5 8 80 84 101 106
415 432 3 49 67 124
413 432 3 43 88 102
401 432 3 43 62 117
397 432 2 49 108
430 431 1 32
422 431 4 12 17 115 116
421 431 5 23 31 45 61 82
420 431 1 101
419 431 2 68 120
417 431 3 17 40 120
416 431 4 14 69 123 128
429 430 5 15 35 41 53 120
421 430 2 71 112
419 430 5 34 57 103 117 118
411 430 1 27
409 430 2 40 82
407 430 5 19 23 58 107 119
393 430 5 25 49 60 83 85
428 429 3 35 113 127
427 429 4 3 47 83 106
425 429 2 5 69
421 429 3 73 114 128
419 429 5 16 39 76 87 129
413 429 5 25 64 69 93 118
406 429 4 11 38 45 111
427 428 2 25 80
421 428 5 12 13 43 110 112
419 428 5 27 58 76 101 125
417 428 1 73
415 428 3 56 86 91
411 428 3 38 58 63
409 428 5 6 21 50 121 129
424 427 3 15 42 49
422 427 3 5 77 122
421 427 4 20 26 52 110
418 427 1 68
417 427 1 120
416 427 4 27 29 74 84
415 427 4 25 51 76 122
421 426 1 71
413 426 1 15
409 426 2 48 94
407 426 4 16 24 69 120
403 426 4 9 68 77 95
401 426 1 121
397 426 4 52 56 88 107
423 425 5 35 60 75 114 129
414 425 5 15 42 48 103 115
413 425 3 20 31 98
412 425 4 92 95 102 128
411 425 1 9
409 425 1 22
406 425 2 81 106
423 424 2 60 100
421 424 4 21 51 55 66
419 424 3 36 111 122
417 424 2 27 74
411 424 1 6
409 424 1 27
405 424 5 24 44 49 55 80
419 423 3 5 37 119
418 423 1 44
416 423 2 22 37
415 423 4 6 7 21 96
413 423 4 10 46 66 92
409 423 1 35
406 423 3 46 66 104
417 422 3 12 42 127
415 422 1 39
411 422 2 61 73
407 422 4 41 44 84 129
403 422 2 57 82
399 422 2 85 118
397 422 2 51 127
420 421 4 5 39 66 102
419 421 2 28 64
417 421 3 26 99 125
416 421 3 25 101 112
414 421 5 40 42 94 104 116
411 421 4 72 88 100 109
406 421 1 64
419 420 3 65 95 100
407 420 1 111
403 420 1 70
397 420 5 28 52 64 103 127
389 420 3 4 81 105
377 420 1 95
367 420 5 5 22 36 83 96
418 419 4 27 43 58 89
415 419 5 12 16 45 46 92
414 419 2 11 73
413 419 1 7
411 419 3 107 121 127
408 419 4 10 55 68 109
401 419 2 63 68
415 418 3 5 88 96
413 418 5 11 17 79 80 108
411 418 5 37 89 100 117 129
403 418 3 11 104 127
395 418 3 47 56 92
391 418 3 40 62 128
379 418 4 11 78 91 110
407 417 3 105 116 118
401 417 2 48 57
397 417 2 67 90
394 417 1 98
392 417 1 82
385 417 5 3 19 36 78 126
383 417 1 61
413 416 1 127
409 416 2 12 48
407 416 2 53 69
399 416 1 2
395 416 2 4 9
393 416 2 22 34
379 416 2 2 29
413 415 2 8 79
411 415 1 13
409 415 2 69 81
406 415 3 29 38 104
404 415 3 39 41 82
399 415 2 71 100
398 415 5 2 20 75 90 112
407 414 4 49 54 73 78
403 414 5 68 84 85 101 116
379 414 1 25
373 414 4 27 39 59 61
371 414 1 115
367 414 3 47 59 93
361 414 1 46
410 413 4 4 18 42 45
408 413 2 111 127
405 413 2 30 43
404 413 4 99 106 125 128
402 413 4 21 25 125 129
398 413 5 50 99 101 115 122
396 413 4 13 59 67 91
411 412 3 50 119 125
409 412 3 85 92 109
405 412 1 6
403 412 1 23
401 412 3 53 102 104
397 412 4 14 38 104 124
391 412 1 2
410 411 3 45 62 75
409 411 2 92 122
398 411 1 2
397 411 1 118
394 411 3 67 99 120
392 411 4 15 19 41 83
386 411 5 2 63 98 124 128
409 410 1 108
399 410 1 105
381 410 2 32 62
379 410 1 29
377 410 2 114 123
367 410 4 11 49 53 125
363 410 4 35 111 128 129
406 409 5 4 53 58 114 125
404 409 1 30
403 409 4 4 12 78 90
402 409 3 40 43 88
400 409 2 30 60
398 409 1 2
396 409 4 27 40 52 112
407 408 3 21 75 110
403 408 3 50 54 128
397 408 2 5 70
389 408 5 19 44 57 114 118
385 408 2 111 119
383 408 5 3 71 76 77 85
379 408 1 44
405 407 5 59 64 72 99 120
403 407 4 5 37 70 110
402 407 3 50 57 110
399 407 3 38 81 123
398 407 4 23 77 82 112
395 407 1 89
394 407 2 79 93
405 406 1 105
401 406 5 2 29 89 91 121
393 406 1 80
381 406 1 113
379 406 1 53
375 406 4 31 65 71 96
367 406 2 83 103
404 405 5 22 43 44 92 100
403 405 2 4 107
401 405 5 40 42 82 90 116
398 405 4 17 35 72 102
397 405 5 36 67 83 85 103
394 405 2 92 107
386 405 4 26 59 117 127
395 404 1 31
385 404 3 51 54 86
383 404 1 26
375 404 3 26 30 128
373 404 1 127
365 404 1 106
359 404 4 51 85 91 107
402 403 2 10 14
401 403 3 33 36 78
400 403 2 45 126
397 403 1 43
395 403 4 44 60 92 113
394 403 3 37 100 122
392 403 1 125
395 402 2 32 104
391 402 4 64 65 68 87
389 402 4 45 54 84 121
385 402 5 4 9 18 73 119
373 402 3 15 22 118
371 402 1 53
367 402 5 5 37 88 112 119
400 401 2 69 124
399 401 4 21 46 92 107
397 401 1 3
396 401 1 103
394 401 3 32 65 93
393 401 2 61 72
392 401 5 6 79 81 109 121
399 400 1 91
393 400 3 25 34 60
391 400 3 9 19 77
383 400 1 82
379 400 3 22 76 78
377 400 5 42 46 75 93 115
373 400 4 12 67 81 110
398 399 3 28 89 114
397 399 3 39 95 111
391 399 4 18 59 75 95
389 399 1 47
388 399 4 18 75 91 127
386 399 3 74 114 120
376 399 4 10 28 89 100
395 398 1 123
393 398 2 53 92
391 398 2 50 78
385 398 5 7 54 67 88 89
383 398 2 67 69
379 398 4 42 67 69 75
377 398 5 4 10 27 58 78
396 397 4 35 65 73 106
395 397 5 7 21 32 57 77
393 397 4 22 39 85 88
392 397 2 3 128
391 397 4 26 57 96 127
388 397 2 27 38
385 397 1 4
395 396 5 19 24 33 103 128
379 396 3 32 94 122
377 396 4 12 82 89 98
367 396 3 27 94 103
349 396 4 44 53 96 128
347 396 5 13 26 40 43 120
337 396 2 37 96
394 395 3 68 96 121
392 395 4 29 51 56 63
389 395 1 60
388 395 2 60 64
384 395 5 4 26 37 65 121
383 395 1 32
381 395 1 105
393 394 5 12 28 47 91 104
387 394 4 63 64 124 128
383 394 5 16 22 72 122 127
375 394 5 2 3 5 44 71
373 394 4 59 62 93 97
369 394 4 14 40 42 97
367 394 5 23 58 79 114 118
389 393 5 46 58 76 77 105
386 393 4 40 48 93 110
380 393 5 17 33 56 70 106
379 393 2 66 73
377 393 1 53
376 393 2 33 38
374 393 2 30 59
375 392 2 26 78
369 392 1 43
367 392 3 3 47 71
361 392 2 12 29
349 392 1 73
337 392 4 13 16 50 128
335 392 2 88 99
388 391 2 59 86
387 391 1 120
386 391 5 23 35 69 91 110
384 391 5 14 70 84 101 120
383 391 4 8 47 61 73
381 391 2 9 108
380 391 2 54 79
379 390 3 56 66 105
373 390 4 17 41 49 91
371 390 3 16 80 128
359 390 2 5 11
353 390 4 19 21 77 98
341 390 1 95
337 390 1 41
386 389 2 37 67
384 389 1 26
382 389 4 54 80 93 127
380 389 5 7 32 65 82 124
378 389 3 43 86 99
377 389 1 95
372 389 5 32 36 68 87 112
381 388 4 2 5 67 69
377 388 3 69 117 128
369 388 4 15 91 92 129
367 388 4 25 43 73 93
365 388 1 81
359 388 5 11 67 96 113 122
357 388 2 88 121
383 387 3 81 128 129
380 387 1 38
379 387 4 27 59 86 118
373 387 3 30 35 81
371 387 4 15 21 36 90
370 387 5 11 23 30 77 81
368 387 3 102 103 126
383 386 4 7 21 92 123
381 386 4 5 11 94 106
379 386 2 49 95
377 386 5 23 28 113 122 127
375 386 1 18
373 386 3 13 28 94
371 386 5 53 78 86 88 97
383 385 4 25 67 123 126
382 385 3 12 41 92
376 385 2 68 97
373 385 3 14 41 73
372 385 3 16 54 82
369 385 3 63 69 88
368 385 1 47
383 384 3 48 67 70
379 384 1 27
377 384 5 15 30 38 54 89
367 384 2 64 65
361 384 4 39 68 107 118
359 384 5 52 78 86 88 129
355 384 2 19 114
382 383 5 89 94 103 104 113
380 383 1 128
376 383 3 68 108 112
375 383 3 66 108 126
373 383 4 7 20 36 62
371 383 2 67 116
370 383 1 32
379 382 3 92 99 102
369 382 1 124
367 382 4 28 52 78 83
365 382 3 13 51 116
363 382 3 9 12 90
361 382 3 23 114 128
357 382 5 23 30 33 56 66
380 381 1 92
379 381 5 17 43 96 99 112
377 381 3 27 35 69
374 381 3 103 104 110
373 381 4 39 42 120 128
371 381 1 6
370 381 1 94
379 380 2 87 119
377 380 3 8 63 127
373 380 5 33 36 52 56 116
371 380 2 30 59
363 380 3 34 73 82
353 380 5 53 56 76 108 112
349 380 5 39 44 83 98 99
378 379 2 83 102
377 379 5 43 54 79 98 119
375 379 1 2
374 379 4 30 94 110 111
371 379 1 111
370 379 4 72 82 110 116
369 379 5 12 59 60 105 118
377 378 4 43 69 88 107
373 378 5 5 12 19 98 113
367 378 3 55 70 95
361 378 5 32 51 79 96 119
359 378 5 19 99 115 125 126
347 378 1 116
325 378 4 31 44 78 94
375 377 2 23 105
373 377 2 59 93
372 377 3 33 98 108
369 377 1 110
368 377 1 105
367 377 2 2 35
365 377 2 5 28
373 376 2 49 80
371 376 2 66 83
367 376 1 15
361 376 4 42 55 89 117
343 376 2 53 63
341 376 2 2 96
337 376 4 27 47 82 123
374 375 3 13 31 87
373 375 3 19 56 117
371 375 2 51 98
367 375 5 44 58 80 115 116
358 375 4 3 58 88 129
356 375 5 51 86 102 103 104
349 375 5 8 24 69 85 114
373 374 1 98
371 374 2 33 69
369 374 4 14 42 68 124
367 374 5 5 28 45 77 97
359 374 5 13 19 39 46 93
355 374 4 34 53 75 90
351 374 1 94
371 373 2 45 115
368 373 2 4 7
365 373 4 71 84 90 99
364 373 3 26 91 103
363 373 3 71 78 121
362 373 2 65 119
360 373 2 37 110
367 372 2 47 71
365 372 3 42 103 104
359 372 1 24
355 372 4 11 22 77 111
353 372 1 46
349 372 1 75
343 372 2 6 129
368 371 3 33 43 70
366 371 4 20 66 75 125
358 371 5 14 15 18 21 116
356 371 3 9 33 43
353 371 2 26 108
348 371 2 12 34
347 371 1 30
367 370 2 15 123
361 370 3 92 101 106
357 370 1 119
351 370 2 63 85
349 370 2 11 97
347 370 2 34 83
343 370 1 118
368 369 5 22 33 65 89 102
365 369 5 28 32 47 87 90
364 369 5 18 53 83 86 122
362 369 4 4 34 58 120
361 369 5 30 60 83 93 96
359 369 1 19
356 369 2 55 83
367 368 1 40
363 368 4 2 92 102 103
361 368 4 32 36 91 111
359 368 5 4 54 96 112 127
357 368 3 5 36 119
343 368 4 17 77 95 126
341 368 3 2 42 71
365 367 2 8 64
361 367 5 47 49 77 78 118
358 367 1 78
357 367 2 46 119
354 367 2 14 49
352 367 1 109
351 367 1 11
361 366 5 4 25 28 98 107
359 366 5 12 27 35 46 72
355 366 5 25 30 70 96 117
353 366 2 105 118
349 366 5 88 107 111 126 128
317 366 3 34 38 96
311 366 3 14 52 100
364 365 4 7 30 70 120
362 365 1 46
358 365 5 40 53 96 98 123
352 365 5 33 97 98 125 127
351 365 2 57 81
349 365 3 5 26 88
348 365 4 49 54 89 125
363 364 3 44 75 76
359 364 4 5 35 108 112
349 364 1 105
345 364 3 58 100 115
339 364 5 61 69 87 94 102
335 364 3 55 96 123
327 364 2 75 110
359 363 4 32 76 107 119
358 363 1 103
356 363 1 102
355 363 5 13 54 111 115 118
353 363 4 25 74 97 128
349 363 4 17 23 62 99
346 363 1 70
361 362 5 21 22 56 93 115
357 362 3 6 77 89
347 362 1 13
345 362 4 18 71 89 108
343 362 2 51 61
341 362 3 26 80 113
339 362 2 70 100
359 361 5 46 59 62 96 100
358 361 2 19 85
357 361 2 16 97
356 361 4 13 60 95 122
353 361 1 77
352 361 2 69 77
351 361 4 38 49 80 114
359 360 1 65
323 360 2 27 101
319 360 4 78 94 97 121
313 360 3 47 55 117
311 360 2 117 120
307 360 4 35 73 81 99
299 360 3 54 88 99
357 359 2 6 97
353 359 1 124
351 359 3 77 85 113
349 359 4 81 89 96 111
348 359 1 4
346 359 2 23 79
343 359 3 8 28 36
345 358 4 28 78 87 113
339 358 3 49 91 102
335 358 3 117 126 127
333 358 2 35 88
331 358 1 104
327 358 2 10 56
317 358 3 26 43 115
355 357 2 13 91
341 357 1 100
338 357 3 4 18 48
337 357 3 9 62 66
335 357 4 8 50 122 129
334 357 3 11 25 107
331 357 3 17 19 91
349 356 1 83
347 356 4 35 68 77 112
345 356 3 35 75 82
335 356 3 29 52 70
333 356 1 83
325 356 3 34 81 120
321 356 4 9 29 81 97
354 355 1 90
351 355 1 39
344 355 2 27 49
343 355 1 104
342 355 1 73
338 355 5 7 58 64 73 107
333 355 3 15 72 100
353 354 5 31 82 88 95 101
343 354 2 31 116
335 354 2 79 119
323 354 4 35 46 113 117
313 354 3 42 76 81
305 354 2 4 77
299 354 3 20 28 113
351 353 5 35 42 62 97 100
350 353 1 98
349 353 2 52 115
347 353 4 59 104 111 124
346 353 4 23 54 61 96
345 353 4 15 33 36 115
343 353 2 43 98
351 352 4 40 78 88 122
349 352 1 110
345 352 4 12 28 34 103
343 352 3 48 111 115
339 352 3 21 67 114
333 352 2 47 72
325 352 4 50 72 82 129
349 351 3 13 79 92
347 351 1 74
346 351 1 101
334 351 2 22 28
332 351 1 79
328 351 2 70 110
326 351 1 75
347 350 4 10 59 108 114
341 350 4 51 77 116 127
337 350 2 59 119
323 350 5 78 84 100 110 113
319 350 2 90 100
317 350 5 2 13 32 66 76
311 350 5 40 58 70 76 93
346 349 1 86
344 349 2 17 92
343 349 5 70 103 113 119 120
338 349 4 56 69 109 110
337 349 5 34 42 58 102 126
336 349 1 76
335 349 4 61 62 91 108
347 348 4 33 49 103 119
341 348 3 9 61 96
337 348 4 42 63 74 101
331 348 2 64 105
329 348 2 80 129
323 348 5 40 47 49 69 102
313 348 4 2 24 102 104
344 347 5 3 83 98 101 129
342 347 2 78 94
341 347 4 10 55 68 116
340 347 3 33 41 121
336 347 1 26
334 347 3 15 77 103
333 347 4 6 35 76 77
345 346 5 10 20 76 110 119
339 346 5 8 19 74 80 81
337 346 3 45 76 129
335 346 5 35 43 49 62 93
333 346 2 116 127
327 346 1 102
325 346 3 44 54 58
338 345 5 51 59 60 85 94
334 345 5 14 43 95 126 128
323 345 4 63 71 96 120
313 345 2 99 102
311 345 4 2 67 98 106
304 345 4 16 36 77 78
301 345 2 3 42
341 344 4 20 54 89 97
331 344 4 14 51 103 104
329 344 5 40 44 85 93 110
323 344 4 16 42 60 126
319 344 5 2 5 53 62 105
315 344 5 23 47 82 90 95
307 344 3 6 41 64
341 343 1 82
332 343 1 85
327 343 2 31 90
320 343 4 17 41 60 104
319 343 3 6 52 96
317 343 2 78 109
316 343 2 8 46
331 342 1 119
317 342 3 4 43 52
313 342 3 54 74 85
307 342 1 97
305 342 5 38 85 88 94 108
299 342 3 17 67 70
295 342 3 42 72 95
340 341 1 61
338 341 1 61
336 341 3 5 68 105
335 341 2 85 122
334 341 1 4
333 341 1 123
331 341 5 7 51 55 57 99
339 340 3 30 62 97
337 340 4 72 78 103 104
333 340 3 49 119 124
327 340 2 69 83
319 340 4 11 36 60 127
317 340 5 33 54 67 84 124
313 340 3 43 44 81
338 339 3 22 39 105
334 339 1 43
332 339 1 58
326 339 5 17 32 56 71 102
323 339 4 10 11 54 97
322 339 4 9 17 66 126
320 339 2 37 39
337 338 5 10 53 99 102 110
331 338 2 93 107
329 338 2 46 86
327 338 2 89 111
323 338 3 16 119 129
321 338 1 99
317 338 1 103
332 337 4 40 101 106 120
331 337 5 14 65 67 91 128
329 337 1 26
328 337 1 113
327 337 3 61 120 124
326 337 5 3 93 115 117 129
325 337 4 15 47 52 99
335 336 4 6 27 49 119
331 336 2 21 36
319 336 5 14 30 43 53 126
299 336 5 4 57 75 114 125
293 336 2 33 57
283 336 3 6 12 13
281 336 4 13 48 51 107
334 335 1 24
333 335 5 51 60 71 73 117
332 335 4 6 65 72 125
328 335 3 19 22 93
323 335 1 36
322 335 1 77
318 335 3 11 47 82
321 334 5 16 22 50 113 120
317 334 4 8 82 103 118
313 334 3 55 59 78
307 334 4 12 42 66 91
305 334 1 47
301 334 2 27 78
299 334 1 2
332 333 3 7 16 67
329 333 2 50 91
328 333 1 8
325 333 5 20 35 47 57 115
322 333 1 115
320 333 2 12 122
319 333 3 43 52 75
325 332 5 5 13 24 123 127
321 332 1 49
319 332 4 30 48 52 114
315 332 3 10 15 32
313 332 5 41 52 58 92 96
311 332 4 24 64 97 125
305 332 4 43 52 64 128
330 331 2 62 72
329 331 3 89 121 126
328 331 4 60 78 117 125
327 331 4 33 70 82 120
323 331 5 3 12 45 86 110
322 331 5 10 63 115 120 124
321 331 2 68 116
317 330 3 30 100 109
301 330 5 28 44 76 98 99
287 330 4 27 48 71 121
283 330 3 83 89 103
281 330 5 56 58 69 89 124
277 330 2 28 34
271 330 2 52 103
326 329 1 81
324 329 1 5
323 329 5 37 41 51 81 90
320 329 3 32 78 112
314 329 5 39 43 47 57 90
310 329 5 50 51 60 71 121
306 329 3 8 16 43
327 328 3 11 65 116
323 328 5 52 55 57 68 107
321 328 3 60 67 97
319 328 4 9 58 94 108
317 328 2 50 98
313 328 1 87
309 328 1 40
322 327 4 32 101 118 125
320 327 1 90
317 327 1 100
314 327 4 29 59 86 102
313 327 1 10
311 327 4 6 37 96 129
310 327 3 10 16 47
325 326 3 8 24 32
319 326 2 11 41
317 326 4 17 54 74 116
315 326 2 36 94
311 326 1 48
305 326 2 6 45
301 326 5 4 37 60 63 85
324 325 5 2 22 31 37 91
322 325 4 19 63 76 97
321 325 1 107
319 325 3 3 109 118
317 325 1 77
313 325 2 12 94
309 325 2 67 77
319 324 2 71 102
311 324 1 56
301 324 4 7 47 50 102
295 324 5 25 29 59 90 101
293 324 4 9 69 97 109
287 324 5 2 10 11 24 31
283 324 2 48 118
322 323 1 59
315 323 3 15 41 61
311 323 4 56 111 115 123
309 323 5 11 55 77 79 116
307 323 2 49 89
305 323 2 112 118
303 323 5 46 73 79 124 126
313 322 1 17
303 322 2 55 117
297 322 5 12 26 44 109 116
295 322 5 13 36 93 94 128
289 322 3 15 16 41
281 322 1 43
255 322 4 15 38 57 95
316 321 1 108
311 321 3 89 91 108
310 321 5 25 46 59 75 89
304 321 3 7 85 126
299 321 4 16 30 41 77
287 321 5 5 9 73 115 118
283 321 1 20
307 320 4 47 55 89 119
293 320 2 20 55
281 320 5 16 61 74 83 104
279 320 1 24
277 320 5 19 30 69 110 119
273 320 4 6 26 49 96
271 320 5 5 12 15 38 118
317 319 1 39
316 319 1 102
315 319 1 96
314 319 3 12 25 92
313 319 1 85
311 319 5 69 80 95 116 120
306 319 1 82
317 318 1 93
311 318 5 6 40 76 89 125
305 318 2 5 44
299 318 5 43 54 101 123 129
295 318 5 36 58 118 125 127
289 318 2 19 49
283 318 4 34 82 101 110
316 317 3 21 68 70
315 317 1 9
314 317 5 6 21 49 109 118
310 317 4 7 33 60 108
307 317 4 2 44 45 98
306 317 5 27 50 57 63 121
303 317 5 61 86 91 98 121
315 316 3 22 37 118
313 316 5 8 11 66 90 106
311 316 2 41 49
309 316 4 23 93 125 127
305 316 5 27 39 74 84 87
303 316 1 37
301 316 5 58 88 89 115 125
313 315 3 31 39 124
311 315 1 124
307 315 1 58
304 315 1 30
302 315 4 38 103 114 129
298 315 1 9
296 315 4 32 47 88 100
309 314 3 31 40 76
307 314 1 75
305 314 3 68 78 121
303 314 3 43 63 64
301 314 1 127
299 314 1 23
293 314 5 6 10 15 33 50
312 313 1 5
311 313 1 87
308 313 2 95 107
306 313 1 37
298 313 1 83
297 313 2 34 73
294 313 5 27 47 100 104 126
311 312 4 10 30 75 77
295 312 5 2 15 40 42 95
293 312 2 51 88
289 312 3 26 43 70
287 312 3 40 107 109
283 312 3 87 95 104
281 312 4 29 56 66 67
308 311 3 39 46 121
307 311 5 2 12 71 72 84
305 311 4 5 20 89 111
303 311 4 12 14 35 110
299 311 5 5 6 45 89 125
296 311 5 43 50 68 84 102
295 311 5 54 64 84 90 121
309 310 1 90
307 310 3 11 31 54
303 310 2 13 37
293 310 4 53 87 99 112
291 310 3 33 53 56
287 310 3 76 80 126
283 310 5 24 26 37 42 112
308 309 2 29 30
307 309 3 58 80 126
304 309 2 45 118
302 309 4 27 97 116 118
296 309 3 3 16 41
293 309 5 38 94 106 110 127
286 309 1 18
307 308 3 30 77 94
303 308 2 26 120
293 308 3 60 75 98
291 308 3 2 14 82
279 308 4 10 50 66 67
277 308 4 83 100 101 123
269 308 3 49 73 116
306 307 1 86
305 307 2 20 112
304 307 2 99 125
302 307 3 45 51 82
301 307 1 122
299 307 4 5 47 59 81
296 307 3 21 52 115
305 306 3 102 116 128
299 306 5 13 27 96 108 109
295 306 4 19 32 73 86
287 306 2 81 116
277 306 4 3 14 21 28
263 306 3 35 96 99
257 306 4 50 51 81 93
304 305 3 50 116 117
303 305 2 82 108
301 305 4 19 32 99 121
296 305 2 5 16
292 305 4 93 100 113 129
291 305 4 19 80 113 116
288 305 3 87 91 111
297 304 2 36 43
295 304 2 16 102
293 304 5 41 61 98 116 124
283 304 5 66 70 73 86 91
281 304 4 23 44 84 118
277 304 5 42 45 68 82 109
275 304 3 9 56 78
299 303 3 50 101 125
298 303 4 10 28 66 96
289 303 4 30 38 93 101
286 303 5 47 70 104 109 115
281 303 1 121
278 303 3 18 68 74
272 303 3 10 80 128
301 302 2 61 65
291 302 2 80 94
287 302 1 71
281 302 1 103
279 302 2 32 123
275 302 1 127
271 302 3 48 94 128
297 301 1 85
295 301 2 117 126
291 301 3 12 101 110
288 301 1 17
286 301 1 129
283 301 1 10
282 301 2 111 114
293 300 1 61
289 300 3 11 49 61
283 300 1 15
281 300 5 2 3 51 102 125
277 300 2 30 52
271 300 2 73 119
269 300 3 15 30 114
297 299 5 6 43 71 83 93
296 299 2 18 26
295 299 3 50 51 122
293 299 5 30 35 50 91 105
291 299 4 24 33 51 89
290 299 4 24 26 58 122
288 299 2 66 89
285 298 5 7 16 83 97 108
277 298 1 86
275 298 5 19 46 50 71 114
271 298 4 25 31 74 83
269 298 3 13 77 107
267 298 5 6 30 77 81 115
265 298 1 65
290 297 1 117
289 297 2 17 82
287 297 3 31 57 109
274 297 4 36 38 53 63
271 297 2 54 111
269 297 4 11 54 108 122
265 297 1 65
293 296 1 96
283 296 3 53 76 80
279 296 2 22 57
277 296 4 32 52 53 96
267 296 2 23 63
265 296 4 23 32 58 125
257 296 4 36 49 67 85
293 295 5 3 17 21 30 116
292 295 2 19 34
287 295 5 35 60 61 87 122
286 295 2 64 79
283 295 4 15 66 90 92
282 295 3 18 92 120
278 295 4 8 28 44 74
293 294 5 13 44 58 69 118
283 294 5 43 86 100 114 124
281 294 4 8 43 65 85
271 294 5 37 82 92 98 119
257 294 3 50 74 89
253 294 2 4 6
247 294 5 19 86 104 106 117
291 293 1 71
286 293 4 14 35 69 122
285 293 3 12 25 41
283 293 1 91
280 293 1 88
277 293 5 22 28 48 59 104
270 293 2 30 115
287 292 2 3 79
285 292 4 29 53 56 121
283 292 3 77 116 121
281 292 2 45 46
279 292 1 26
275 292 1 15
273 292 4 38 79 115 120
290 291 5 46 88 90 100 120
289 291 2 105 124
287 291 1 117
284 291 3 13 69 71
278 291 3 11 50 89
272 291 5 7 35 107 122 128
268 291 5 39 51 56 94 113
287 290 2 5 38
283 290 5 2 12 55 73 85
279 290 1 129
277 290 3 18 30 108
273 290 5 26 32 69 108 124
259 290 1 41
253 290 3 6 77 81
285 289 3 16 63 67
284 289 2 63 74
281 289 5 30 34 41 62 108
280 289 3 11 22 35
278 289 1 102
274 289 5 27 56 67 88 124
270 289 2 30 73
287 288 2 90 124
283 288 1 52
277 288 4 34 65 96 128
275 288 5 31 70 72 74 109
271 288 1 27
269 288 3 21 112 127
265 288 3 49 85 87
285 287 1 93
284 287 5 48 104 115 124 127
282 287 4 49 96 98 111
279 287 2 60 89
277 287 4 16 57 113 117
275 287 3 10 50 75
274 287 4 9 67 76 118
283 286 5 13 26 41 42 113
277 286 4 30 35 36 83
267 286 5 2 27 40 71 111
265 286 4 7 65 87 114
263 286 5 37 65 73 123 127
257 286 4 11 46 85 102
255 286 4 2 7 59 126
284 285 1 64
283 285 2 27 71
281 285 5 67 71 85 92 112
278 285 5 13 35 56 99 120
272 285 5 4 30 46 71 121
271 285 4 16 61 89 126
269 285 5 21 44 78 113 128
283 284 4 72 87 114 119
279 284 5 28 43 44 50 106
277 284 5 10 45 103 118 123
273 284 2 10 32
269 284 3 6 40 101
267 284 1 45
265 284 1 118
278 283 5 10 16 94 108 111
276 283 3 12 31 105
272 283 3 2 97 105
270 283 5 33 45 46 70 78
269 283 2 32 39
268 283 4 13 28 56 96
265 283 1 85
281 282 3 39 84 102
275 282 4 33 60 86 104
265 282 1 101
257 282 5 49 69 75 97 114
253 282 3 54 80 102
247 282 4 21 72 110 121
245 282 2 27 109
280 281 2 70 88
279 281 4 23 36 70 115
275 281 1 42
273 281 2 46 95
272 281 1 119
271 281 1 101
270 281 3 50 65 68
269 280 5 20 36 59 119 125
267 280 4 64 101 107 126
263 280 1 5
261 280 3 35 40 77
253 280 5 13 18 29 83 122
251 280 2 52 53
243 280 1 20
277 279 3 38 62 113
271 279 2 70 76
269 279 4 9 10 77 127
268 279 2 60 104
266 279 5 32 39 48 54 107
259 279 4 39 68 94 111
245 279 1 22
273 278 3 4 106 129
271 278 2 91 108
257 278 4 29 71 86 116
255 278 5 15 17 33 54 103
249 278 2 106 122
247 278 2 54 62
243 278 4 32 66 78 98
276 277 2 64 90
275 277 1 29
270 277 5 11 48 63 76 95
269 277 1 4
268 277 3 11 18 112
266 277 5 18 97 101 114 126
264 277 2 7 27
275 276 2 34 99
269 276 5 21 30 32 51 91
265 276 1 88
263 276 4 66 69 86 125
259 276 4 59 62 89 97
257 276 2 10 104
251 276 5 18 39 50 96 110
274 275 4 5 16 49 87
272 275 1 88
271 275 2 30 68
269 275 3 44 84 97
268 275 4 12 87 122 123
267 275 5 33 46 80 94 100
266 275 5 46 47 65 116 127
273 274 5 22 33 43 73 110
271 274 3 45 58 89
265 274 1 111
261 274 2 27 83
249 274 5 12 27 41 49 69
245 274 1 45
243 274 2 36 72
271 273 3 31 35 87
268 273 1 67
265 273 3 31 34 94
262 273 2 2 14
256 273 1 129
253 273 4 18 52 86 102
251 273 2 12 39
269 272 1 39
265 272 5 5 20 50 88 102
263 272 1 127
253 272 5 37 45 48 57 82
249 272 2 35 98
245 272 5 4 53 65 94 98
243 272 4 16 24 50 67
270 271 3 68 102 125
268 271 2 118 126
267 271 5 26 72 105 107 109
265 271 2 3 21
264 271 3 57 106 125
263 271 1 127
261 271 2 7 52
269 270 5 15 53 90 110 120
263 270 1 94
257 270 1 18
247 270 4 99 115 118 124
241 270 1 60
239 270 4 3 74 76 92
229 270 4 9 11 79 125
263 269 3 41 56 94
261 269 4 56 92 107 121
260 269 3 13 90 127
258 269 4 4 94 99 113
254 269 2 39 66
253 269 1 119
252 269 1 82
261 268 3 65 77 114
259 268 3 18 19 59
255 268 5 43 76 86 124 126
251 268 4 24 39 62 76
249 268 2 9 32
245 268 3 37 84 118
243 268 5 16 21 57 102 127
265 267 5 5 22 25 53 121
262 267 1 100
259 267 1 97
244 267 5 64 71 73 109 114
239 267 3 36 88 111
238 267 1 85
235 267 5 27 50 70 98 112
265 266 3 22 23 26
255 266 5 71 89 95 100 129
253 266 3 8 37 114
251 266 5 15 19 22 118 126
249 266 4 14 52 77 89
243 266 3 48 53 56
237 266 2 27 61
256 265 4 4 42 62 84
254 265 4 40 52 100 115
252 265 5 21 31 36 81 126
251 265 5 12 25 65 96 99
244 265 3 65 111 118
243 265 1 7
242 265 3 5 27 83
257 264 5 42 47 67 73 100
247 264 5 25 66 89 107 125
235 264 4 2 60 77 110
233 264 4 2 69 98 99
221 264 4 45 57 94 102
199 264 1 113
197 264 4 51 91 102 103
262 263 2 28 62
259 263 5 58 66 100 111 120
258 263 1 107
257 263 2 102 116
256 263 2 34 81
253 263 5 20 74 102 114 123
252 263 2 5 66
261 262 1 17
259 262 5 17 21 37 75 109
255 262 5 4 35 64 90 96
253 262 5 37 39 53 106 123
251 262 3 39 90 100
249 262 2 114 115
243 262 5 40 56 75 79 103
260 261 2 43 74
256 261 4 44 65 70 108
254 261 3 22 27 54
253 261 5 21 29 46 71 126
251 261 5 18 22 44 62 76
250 261 1 105
248 261 4 29 90 101 108
239 260 3 4 34 60
233 260 3 23 37 56
231 260 4 16 56 115 118
229 260 5 24 41 53 118 121
227 260 2 3 117
223 260 2 33 69
217 260 5 49 57 86 95 110
258 259 4 7 91 102 127
257 259 1 70
255 259 4 57 113 123 129
253 259 3 86 88 90
251 259 3 27 55 84
250 259 2 64 80
249 259 1 60
251 258 4 24 95 105 115
241 258 1 114
229 258 5 38 79 93 111 115
227 258 2 11 101
223 258 2 49 55
217 258 4 32 95 109 122
211 258 4 5 13 25 43
254 257 1 11
253 257 1 16
252 257 1 123
250 257 3 32 102 104
247 257 1 44
245 257 3 28 40 85
244 257 3 18 45 56
249 256 5 23 24 73 88 118
247 256 5 29 48 60 124 129
243 256 2 79 106
239 256 2 99 101
237 256 1 83
235 256 3 36 113 117
233 256 4 23 47 111 128
254 255 4 23 25 72 91
244 255 5 9 57 67 107 128
241 255 5 48 67 73 96 103
239 255 3 32 52 54
236 255 1 30
233 255 3 16 18 50
229 255 1 55
251 254 5 26 40 56 101 105
249 254 4 10 20 48 54
245 254 5 26 43 70 92 103
237 254 3 21 50 82
229 254 4 17 21 120 121
221 254 1 19
217 254 4 36 52 103 113
252 253 4 13 64 87 98
250 253 4 9 34 42 113
245 253 5 11 30 62 124 126
243 253 4 61 82 91 117
241 253 5 61 62 70 77 111
240 253 2 69 95
237 253 3 7 30 65
251 252 2 69 76
247 252 4 40 41 60 112
241 252 1 118
233 252 4 32 66 86 127
229 252 5 67 68 80 101 120
221 252 4 7 22 23 87
199 252 2 35 71
250 251 5 29 55 67 109 122
249 251 4 94 98 114 119
243 251 1 33
242 251 1 8
241 251 1 60
238 251 1 53
237 251 3 98 105 126
247 250 1 25
243 250 2 10 24
241 250 4 24 81 108 125
237 250 4 66 69 94 117
227 250 5 6 49 58 86 94
219 250 4 44 93 95 103
217 250 1 76
248 249 5 6 17 20 63 120
247 249 3 47 96 101
245 249 4 37 82 98 123
244 249 1 129
241 249 4 11 92 94 111
238 249 2 18 58
235 249 3 46 85 119
239 248 1 16
233 248 3 74 92 123
221 248 1 64
215 248 1 124
213 248 1 63
209 248 3 98 103 112
207 248 2 24 63
246 247 1 98
245 247 3 56 59 68
244 247 5 4 25 53 62 110
239 247 5 4 70 81 105 108
238 247 1 33
236 247 1 42
227 247 5 33 47 62 73 118
245 246 2 100 118
239 246 4 23 27 42 71
235 246 5 4 17 33 42 125
233 246 4 23 104 108 111
229 246 3 23 39 78
221 246 3 69 77 94
215 246 3 79 101 120
242 245 1 97
236 245 3 12 24 40
234 245 4 3 48 51 57
233 245 1 90
227 245 1 67
226 245 2 55 95
223 245 3 9 70 122
237 244 5 31 32 68 70 90
231 244 5 6 21 87 113 116
227 244 3 58 72 98
225 244 1 101
221 244 2 101 105
215 244 1 22
211 244 1 60
242 243 2 16 85
239 243 3 77 87 102
236 243 2 30 50
235 243 3 11 34 125
233 243 3 58 61 105
232 243 4 4 51 78 96
227 243 2 17 117
239 242 3 54 81 121
237 242 5 24 68 104 107 115
235 242 2 96 114
233 242 3 7 94 107
225 242 3 29 57 89
221 242 2 28 106
219 242 2 40 96
240 241 2 90 127
236 241 4 7 73 77 78
235 241 2 107 113
233 241 3 62 71 112
231 241 3 65 84 124
228 241 1 40
225 241 3 14 55 68
229 240 1 102
227 240 4 20 91 97 120
223 240 1 24
211 240 1 127
181 240 2 62 114
169 240 1 84
167 240 5 18 35 101 112 117
237 239 1 62
236 239 3 27 51 117
235 239 1 70
234 239 5 5 78 106 119 127
233 239 5 3 7 67 91 126
232 239 4 9 25 36 82
231 239 5 18 67 76 94 113
237 238 5 11 40 72 98 102
235 238 3 10 30 84
223 238 3 37 68 86
213 238 1 76
209 238 2 40 61
205 238 1 56
201 238 1 117
235 237 4 2 64 92 108
232 237 4 3 49 63 68
229 237 3 51 112 121
226 237 4 2 57 98 127
220 237 5 8 13 94 98 105
218 237 1 96
217 237 4 57 92 93 110
235 236 5 29 34 59 67 107
233 236 2 58 123
229 236 1 85
221 236 5 4 10 52 62 63
217 236 1 110
213 236 1 9
209 236 1 112
234 235 1 97
229 235 2 17 111
227 235 1 12
226 235 4 35 47 50 114
219 235 5 18 31 42 46 70
218 235 5 4 20 75 87 100
217 235 3 52 80 86
229 234 2 11 75
205 234 4 48 61 75 108
203 234 5 33 89 90 94 127
199 234 3 28 53 116
187 234 2 74 108
185 234 5 76 81 90 95 113
167 234 5 24 61 88 91 105
231 233 3 11 23 30
230 233 3 95 100 109
226 233 2 35 40
221 233 1 105
219 233 2 13 69
215 233 3 28 74 97
210 233 4 39 60 83 117
231 232 1 73
225 232 4 11 24 63 112
223 232 3 43 49 102
219 232 4 62 79 113 122
211 232 4 25 32 61 82
209 232 2 70 98
207 232 4 21 42 46 89
229 231 2 100 106
227 231 3 35 105 108
221 231 1 3
218 231 5 22 38 42 92 108
215 231 4 37 70 78 99
214 231 5 3 34 35 48 54
212 231 4 9 92 98 99
229 230 2 18 63
223 230 1 19
219 230 1 104
217 230 5 5 32 44 88 122
209 230 1 5
201 230 1 41
191 230 1 76
228 229 2 9 98
227 229 1 71
226 229 2 21 97
225 229 4 86 88 105 107
224 229 2 4 44
223 229 3 41 62 118
219 229 1 62
221 228 4 44 68 72 121
211 228 3 26 62 103
205 228 2 62 119
191 228 5 2 51 80 108 122
187 228 5 4 20 24 96 100
181 228 5 4 20 52 93 125
179 228 1 74
226 227 4 78 96 100 129
223 227 1 14
222 227 2 6 10
221 227 4 33 48 52 88
218 227 1 96
215 227 4 79 84 114 121
214 227 5 50 62 77 78 119
223 226 1 118
221 226 3 5 30 74
217 226 5 4 63 84 87 119
213 226 4 7 12 25 69
209 226 1 54
207 226 5 27 31 60 69 88
203 226 5 3 19 112 124 125
223 225 2 19 64
217 225 4 3 47 63 76
214 225 5 22 42 59 104 114
212 225 4 9 45 78 83
211 225 5 56 70 83 118 121
206 225 3 55 69 97
199 225 1 48
221 224 3 16 40 81
219 224 3 69 83 113
215 224 2 65 99
213 224 4 25 50 78 92
211 224 3 64 85 127
205 224 2 112 124
201 224 5 3 58 78 82 105
222 223 5 30 42 112 113 123
219 223 2 88 111
217 223 2 35 61
213 223 3 30 92 103
208 223 1 50
206 223 3 6 23 93
204 223 3 39 48 123
221 222 5 12 23 27 63 129
217 222 4 14 60 126 129
211 222 3 12 15 42
209 222 5 16 44 48 94 122
203 222 5 34 61 100 117 119
199 222 3 27 33 70
197 222 3 9 76 116
220 221 2 65 76
219 221 2 51 61
217 221 3 46 48 112
216 221 4 7 8 33 65
215 221 2 24 31
213 221 4 2 47 56 100
210 221 3 5 21 67
217 220 1 64
203 220 4 25 45 75 109
199 220 2 2 97
191 220 5 62 71 99 100 117
179 220 5 26 80 99 110 129
169 220 2 40 102
167 220 2 53 76
218 219 5 58 78 94 104 129
214 219 5 34 39 81 108 115
209 219 2 17 62
208 219 5 28 78 82 112 120
206 219 5 38 45 84 121 127
202 219 1 111
200 219 1 122
217 218 3 62 64 75
205 218 2 53 128
199 218 1 112
197 218 4 19 26 54 90
193 218 1 110
185 218 2 62 128
181 218 2 42 63
214 217 2 71 100
213 217 3 14 86 112
209 217 4 13 32 33 58
206 217 3 4 46 56
204 217 4 21 48 49 72
201 217 1 55
198 217 3 16 108 117
215 216 5 2 43 75 78 101
211 216 5 21 40 69 82 124
209 216 1 118
203 216 5 5 12 29 41 43
199 216 1 13
197 216 4 22 83 116 120
193 216 3 2 90 129
212 215 5 65 81 98 100 116
211 215 1 8
209 215 5 23 77 89 120 127
202 215 2 29 123
199 215 1 123
196 215 4 23 81 98 99
194 215 1 66
211 214 2 67 73
205 214 3 56 92 99
203 214 3 21 22 53
199 214 2 3 40
197 214 4 29 30 46 108
193 214 5 20 43 54 59 83
189 214 1 85
206 213 3 36 44 120
203 213 3 11 24 129
199 213 3 65 78 115
193 213 1 52
188 213 3 35 67 102
187 213 5 19 31 57 70 83
185 213 2 75 98
207 212 3 38 42 79
205 212 1 61
199 212 4 14 22 103 121
197 212 4 11 30 42 83
193 212 5 11 12 44 75 123
191 212 4 20 33 37 81
187 212 3 27 63 119
210 211 3 12 44 77
208 211 1 54
206 211 4 15 60 97 125
202 211 3 26 60 96
199 211 4 16 62 92 111
198 211 1 57
196 211 5 10 40 65 75 90
199 210 2 50 66
191 210 1 109
187 210 3 23 33 99
173 210 4 35 61 98 122
163 210 4 9 63 65 69
157 210 1 79
151 210 1 74
205 209 5 12 40 43 76 103
204 209 2 10 81
203 209 2 26 122
200 209 3 7 43 51
197 209 3 59 89 120
196 209 3 78 81 122
191 209 4 54 65 97 127
207 208 4 25 34 49 106
203 208 1 8
197 208 5 6 8 20 72 95
193 208 2 70 111
191 208 2 79 87
187 208 2 12 82
185 208 5 25 47 66 98 125
206 207 3 9 13 52
205 207 4 35 52 95 127
202 207 3 27 53 102
197 207 2 9 85
196 207 3 56 87 97
193 207 2 29 48
191 207 5 15 30 78 87 90
195 206 5 5 32 97 108 114
191 206 3 11 96 101
189 206 1 91
187 206 4 22 30 47 119
179 206 5 4 84 110 116 127
175 206 3 61 108 126
173 206 3 47 102 103
204 205 4 33 45 84 111
198 205 5 6 49 52 76 83
197 205 5 65 84 96 112 129
194 205 2 3 111
193 205 4 68 88 89 106
189 205 3 2 14 111
188 205 4 42 80 93 129
203 204 5 40 68 81 102 114
193 204 3 33 34 48
185 204 4 23 27 29 55
181 204 2 80 83
179 204 4 10 73 109 110
175 204 2 46 73
167 204 3 3 29 100
201 203 3 2 23 37
200 203 1 59
199 203 5 9 54 73 82 114
192 203 4 10 62 65 70
188 203 3 5 21 125
187 203 3 101 109 122
186 203 2 49 53
197 202 1 49
195 202 4 2 5 76 96
193 202 5 9 31 33 69 92
189 202 5 13 37 57 71 79
175 202 4 18 48 107 109
167 202 3 12 30 127
165 202 1 121
200 201 2 74 93
199 201 5 35 54 77 113 129
196 201 2 70 75
193 201 3 20 83 107
190 201 3 12 69 88
188 201 2 26 79
187 201 4 48 51 55 56
197 200 3 53 125 127
193 200 5 10 15 29 34 49
187 200 2 109 113
183 200 1 73
179 200 2 20 108
173 200 1 56
171 200 2 24 33
197 199 3 24 28 80
196 199 5 15 54 57 69 111
194 199 5 32 48 53 65 67
192 199 3 28 64 79
191 199 4 34 76 81 99
189 199 3 52 95 102
188 199 3 20 34 107
197 198 3 16 97 122
191 198 2 13 98
185 198 4 4 8 9 76
173 198 3 43 46 102
163 198 2 58 128
157 198 3 20 35 60
155 198 2 82 123
196 197 3 5 26 104
195 197 4 68 88 100 126
193 197 5 15 29 37 43 97
191 197 3 17 18 81
190 197 4 16 21 79 121
189 197 5 25 30 68 111 112
188 197 5 19 47 63 73 95
193 196 4 4 58 74 84
191 196 2 4 75
183 196 4 14 23 29 92
179 196 4 32 35 69 83
177 196 5 25 34 64 72 88
171 196 2 48 61
169 196 4 41 58 71 126
193 195 1 58
188 195 4 9 61 118 128
176 195 1 106
172 195 5 12 16 69 117 122
167 195 5 5 19 97 107 124
164 195 1 45
161 195 3 4 85 118
193 194 2 36 63
189 194 5 12 45 79 95 113
187 194 4 33 86 100 117
185 194 1 15
181 194 3 43 44 48
179 194 5 38 45 86 96 129
177 194 3 94 115 120
191 193 5 36 77 83 96 103
190 193 5 17 66 99 105 124
188 193 2 31 110
187 193 1 49
186 193 4 2 12 56 57
182 193 4 40 62 99 113
181 193 2 75 124
191 192 5 41 44 82 99 123
185 192 1 83
181 192 3 16 88 111
179 192 5 3 20 41 61 75
175 192 5 24 28 46 52 64
169 192 5 91 93 104 113 129
163 192 4 36 44 45 76
186 191 4 27 88 111 128
183 191 4 5 73 76 94
179 191 5 9 50 55 86 116
177 191 5 29 46 75 98 121
175 191 3 65 106 119
174 191 3 35 38 63
169 191 2 57 111
183 190 5 80 85 97 102 105
181 190 5 3 29 32 39 80
179 190 2 11 42
163 190 4 27 54 78 94
161 190 4 17 44 89 119
151 190 4 12 35 89 104
149 190 2 26 73
188 189 2 21 111
185 189 4 3 13 22 84
184 189 3 3 82 116
179 189 3 13 21 66
178 189 1 86
167 189 2 28 82
164 189 3 5 6 93
177 188 5 14 20 82 101 123
175 188 2 8 65
169 188 2 48 126
165 188 3 17 61 106
163 188 2 67 91
161 188 2 31 74
159 188 3 8 43 80
184 187 3 7 23 64
183 187 1 11
180 187 3 12 68 126
178 187 5 40 41 50 78 123
177 187 2 3 125
175 187 4 16 48 86 129
172 187 3 29 31 84
179 186 5 18 22 28 88 106
173 186 3 34 103 117
163 186 1 22
157 186 1 58
151 186 1 82
143 186 5 25 26 74 89 121
137 186 5 79 84 85 100 102
184 185 3 53 89 121
183 185 2 43 53
182 185 3 11 26 53
181 185 5 26 27 35 114 121
173 185 5 91 104 105 111 116
168 185 5 3 73 79 102 106
166 185 5 25 58 104 111 129
181 184 1 34
179 184 3 33 67 72
177 184 5 34 37 50 94 104
175 184 4 29 61 100 124
173 184 5 16 40 43 79 119
167 184 2 32 128
165 184 4 7 69 79 113
182 183 5 16 28 76 104 129
179 183 4 26 28 29 65
178 183 4 60 66 67 94
176 183 3 28 86 87
173 183 5 12 28 43 111 117
172 183 1 28
170 183 4 40 45 85 88
181 182 2 56 62
177 182 3 27 78 95
173 182 4 23 56 80 95
171 182 4 15 19 96 100
167 182 4 73 105 123 124
165 182 1 83
159 182 5 14 18 20 90 118
180 181 1 96
179 181 1 69
176 181 4 47 74 79 96
175 181 5 47 53 85 94 117
174 181 3 51 64 80
173 181 3 13 92 97
171 181 3 12 19 105
179 180 5 19 30 59 105 125
167 180 4 52 107 108 121
161 180 3 51 59 107
151 180 4 34 64 79 128
149 180 5 43 90 111 112 125
131 180 5 6 27 99 101 113
127 180 4 23 24 54 105
172 179 3 88 97 109
171 179 2 90 117
170 179 1 91
169 179 3 25 31 124
167 179 1 23
165 179 2 97 111
161 179 5 81 90 94 106 109
177 178 1 67
171 178 3 34 43 78
169 178 1 115
167 178 5 58 69 80 87 89
165 178 2 68 77
161 178 1 116
159 178 1 98
176 177 5 6 11 36 37 57
172 177 4 39 63 91 123
166 177 2 60 82
158 177 2 47 116
157 177 1 69
151 177 1 123
149 177 5 42 48 85 89 127
173 176 3 85 97 115
171 176 2 73 107
169 176 5 6 10 48 89 106
161 176 2 14 69
157 176 2 74 78
149 176 1 67
137 176 1 21
174 175 3 10 52 98
173 175 3 14 27 66
166 175 3 6 65 68
162 175 1 42
158 175 2 88 96
157 175 5 27 39 42 80 127
153 175 2 27 93
163 174 3 29 94 110
157 174 5 27 102 110 118 121
151 174 2 17 127
143 174 3 39 46 66
139 174 2 36 74
137 174 4 82 87 89 111
133 174 2 41 52
172 173 4 3 23 53 76
171 173 3 64 67 118
169 173 2 17 54
168 173 5 77 87 94 105 120
166 173 3 17 46 117
163 173 4 35 55 56 85
158 173 5 38 65 71 97 122
171 172 1 119
165 172 1 51
163 172 5 19 33 38 101 129
161 172 3 23 41 83
159 172 3 6 25 101
157 172 1 102
153 172 4 51 60 80 124
170 171 1 83
167 171 5 25 38 76 92 124
166 171 2 42 89
164 171 1 41
161 171 1 116
160 171 5 15 62 74 101 105
157 171 4 35 99 114 121
169 170 4 24 68 72 116
167 170 2 81 103
163 170 4 44 56 73 74
161 170 2 2 106
159 170 3 16 79 126
149 170 1 73
147 170 4 8 43 56 89
166 169 2 58 122
163 169 1 126
162 169 2 2 100
161 169 4 17 64 75 89
159 169 1 28
158 169 2 67 93
157 169 5 25 48 76 106 118
163 168 3 23 58 123
157 168 2 81 121
151 168 2 3 6
149 168 1 81
143 168 4 9 33 53 128
139 168 5 17 25 87 101 123
137 168 4 22 67 71 78
166 167 3 35 88 119
164 167 2 5 22
162 167 5 10 36 60 62 65
161 167 3 59 109 110
159 167 5 27 29 79 94 113
158 167 2 16 93
157 167 4 60 85 117 123
157 166 1 69
155 166 4 8 36 85 112
151 166 2 52 57
145 166 1 46
141 166 2 90 115
137 166 5 3 11 43 66 68
135 166 1 45
163 165 5 22 23 25 61 94
161 165 4 8 15 95 123
157 165 5 18 29 39 55 90
149 165 4 64 97 110 115
148 165 1 33
137 165 2 71 75
136 165 4 35 76 77 123
163 164 5 27 28 68 72 80
159 164 3 3 22 122
155 164 5 22 32 49 51 112
143 164 1 14
135 164 3 92 99 129
131 164 5 6 24 57 75 83
129 164 2 24 120
162 163 2 38 129
160 163 4 16 48 66 73
159 163 3 43 57 107
156 163 3 27 100 117
155 163 4 47 65 71 124
154 163 2 42 114
153 163 4 48 56 121 127
157 162 5 26 44 47 54 98
155 162 1 88
149 162 3 13 61 113
145 162 5 8 48 49 61 118
139 162 3 20 33 121
137 162 5 26 63 77 125 128
115 162 3 2 8 71
159 161 4 17 37 76 111
158 161 3 35 118 121
157 161 2 11 102
156 161 2 59 94
155 161 5 18 60 65 82 123
153 161 3 22 44 52
151 161 5 4 18 62 66 125
151 160 3 68 77 105
143 160 3 14 25 119
141 160 5 4 17 19 29 127
139 160 3 12 61 76
133 160 1 95
129 160 5 6 100 106 108 125
127 160 2 97 110
158 159 4 6 33 68 97
154 159 4 45 54 87 108
151 159 5 6 31 45 78 95
149 159 2 61 78
148 159 5 15 19 68 108 127
145 159 2 58 129
142 159 3 2 59 87
157 158 5 6 7 10 18 59
155 158 1 77
153 158 2 89 97
149 158 3 50 73 95
141 158 3 54 97 123
139 158 5 27 40 58 77 86
137 158 5 11 21 46 62 97
155 157 3 24 67 89
149 157 3 38 49 57
146 157 5 17 71 97 101 125
144 157 4 33 75 87 120
142 157 3 85 94 99
140 157 4 5 25 28 55
137 157 5 11 28 62 90 125
149 156 4 20 59 78 81
145 156 2 52 71
133 156 2 35 38
131 156 4 8 64 92 97
125 156 1 2
119 156 4 5 18 23 128
115 156 3 16 74 81
154 155 5 7 22 34 97 106
153 155 5 9 49 70 100 108
151 155 2 7 59
149 155 1 90
148 155 2 61 77
147 155 4 9 58 102 104
143 155 4 41 61 95 125
151 154 1 76
145 154 4 7 9 26 114
141 154 2 31 61
137 154 2 13 29
129 154 4 10 27 81 91
127 154 5 33 37 57 79 92
125 154 5 46 64 67 73 94
151 153 1 18
149 153 1 29
148 153 5 47 95 103 117 120
146 153 3 40 71 105
145 153 1 31
143 153 5 46 63 78 85 103
140 153 1 123
149 152 5 17 60 64 77 113
147 152 4 19 114 119 126
139 152 3 29 64 109
131 152 4 38 83 125 127
125 152 5 13 32 45 97 112
123 152 3 51 55 72
119 152 3 67 71 82
149 151 5 5 27 44 79 112
145 151 3 32 118 129
144 151 3 8 17 85
143 151 5 21 34 48 53 128
142 151 3 4 32 60
141 151 4 11 14 19 65
138 151 5 3 7 14 105 118
143 150 4 6 27 42 106
139 150 3 26 85 86
133 150 4 13 15 30 70
131 150 1 60
127 150 1 72
113 150 4 25 42 52 87
109 150 2 77 122
144 149 1 119
142 149 5 30 79 82 96 97
141 149 1 73
139 149 3 5 90 102
137 149 4 79 89 97 111
134 149 1 71
133 149 4 18 63 64 104
137 148 3 10 79 92
133 148 4 19 30 90 116
127 148 4 7 34 41 110
123 148 3 69 71 116
121 148 3 13 52 119
119 148 4 39 57 58 80
99 148 4 11 40 80 113
145 147 3 14 25 54
143 147 4 21 98 106 125
139 147 5 33 46 66 81 123
134 147 5 3 25 34 91 98
128 147 5 3 31 78 118 125
127 147 3 43 54 76
122 147 1 70
145 146 5 3 15 21 104 108
143 146 4 37 63 92 94
141 146 1 75
131 146 2 36 85
125 146 5 6 9 81 93 123
123 146 5 9 70 78 115 123
121 146 5 9 47 88 112 123
142 145 1 16
139 145 5 14 86 91 115 129
137 145 4 4 15 23 63
136 145 3 10 42 96
131 145 5 61 73 84 117 119
124 145 5 39 62 83 94 116
122 145 5 24 28 34 37 113
143 144 3 25 35 90
139 144 1 92
137 144 4 5 42 87 116
131 144 5 6 51 74 83 110
125 144 3 5 103 105
119 144 2 58 119
101 144 2 59 118
135 143 2 8 75
131 143 4 90 101 110 112
129 143 2 6 41
128 143 4 11 96 108 119
127 143 3 14 16 88
126 143 4 15 50 70 95
124 143 3 40 65 67
139 142 5 4 7 71 97 114
131 142 3 26 35 65
129 142 4 44 86 107 124
119 142 2 13 118
107 142 2 3 37
105 142 4 68 72 90 124
99 142 3 43 113 119
140 141 4 22 38 60 78
133 141 5 10 43 77 115 128
131 141 3 24 64 95
130 141 1 50
128 141 4 98 99 114 118
127 141 3 34 62 111
125 141 1 16
137 140 4 8 28 59 96
131 140 3 71 77 124
129 140 5 3 4 73 85 114
123 140 2 41 105
121 140 1 29
117 140 1 11
113 140 3 49 68 102
138 139 2 23 30
137 139 1 57
136 139 2 70 110
133 139 5 9 13 30 93 117
132 139 5 11 18 34 81 87
131 139 2 80 124
130 139 2 14 28
137 138 1 127
133 138 2 18 97
131 138 4 10 61 80 129
125 138 2 51 126
121 138 1 117
119 138 1 33
103 138 1 77
136 137 3 2 35 41
135 137 3 28 34 129
134 137 5 34 59 81 92 100
133 137 2 41 57
128 137 5 2 11 35 44 99
127 137 1 106
126 137 5 30 39 74 94 106
135 136 3 40 61 111
129 136 2 41 129
127 136 2 30 38
125 136 4 3 48 79 129
123 136 2 64 119
111 136 4 11 37 67 89
107 136 4 69 84 92 125
134 135 4 63 67 70 93
127 135 5 50 62 79 109 126
124 135 4 23 35 93 117
122 135 1 125
119 135 3 48 75 125
118 135 2 29 44
113 135 3 8 36 60
133 134 3 97 100 122
131 134 3 99 116 128
127 134 3 5 41 114
125 134 4 16 21 67 113
121 134 1 65
115 134 2 17 68
113 134 5 18 23 69 72 117
128 133 1 87
127 133 3 2 21 40
125 133 2 14 97
123 133 5 8 34 58 71 111
120 133 2 85 87
113 133 1 61
111 133 2 56 129
131 132 3 45 50 69
127 132 4 8 9 18 44
119 132 1 126
109 132 1 107
107 132 1 113
103 132 3 38 52 121
89 132 5 13 44 60 75 91
129 131 1 88
128 131 1 78
125 131 3 7 28 125
123 131 2 30 35
122 131 2 20 125
120 131 1 73
119 131 5 53 56 74 114 129
127 130 1 112
111 130 3 59 94 104
109 130 3 9 99 128
101 130 3 13 99 109
97 130 3 24 42 92
93 130 3 7 66 89
89 130 3 52 76 125
125 129 5 8 9 17 26 90
121 129 2 3 26
116 129 3 37 122 128
115 129 5 32 65 68 89 114
112 129 1 112
110 129 4 2 66 90 108
103 129 1 92
125 128 5 25 99 104 119 128
123 128 1 94
121 128 5 16 20 59 90 126
119 128 2 25 48
115 128 3 62 70 93
111 128 5 32 43 65 103 119
105 128 4 16 23 56 119
125 127 2 9 43
122 127 1 120
120 127 5 8 13 33 38 126
117 127 2 81 125
116 127 1 17
114 127 1 103
110 127 1 60
103 126 1 34
97 126 4 7 12 113 124
95 126 4 7 8 23 59
55 126 4 12 97 120 127
53 126 1 74
47 126 1 85
43 126 4 18 21 45 90
123 125 1 86
122 125 1 70
121 125 2 57 107
119 125 5 16 42 47 54 125
117 125 3 26 103 124
113 125 5 45 50 66 106 115
112 125 3 43 63 114
117 124 4 33 44 83 101
115 124 3 38 116 117
105 124 2 98 117
103 124 3 55 57 87
101 124 5 43 53 90 93 107
89 124 3 38 50 120
85 124 4 49 84 128 129
122 123 5 11 39 72 94 100
121 123 4 3 40 82 100
115 123 3 44 68 124
113 123 2 22 34
110 123 1 119
107 123 1 10
101 123 5 3 24 68 99 113
117 122 4 58 73 80 98
111 122 5 43 61 79 87 123
109 122 4 15 32 38 62
107 122 1 64
105 122 3 7 41 106
103 122 2 7 47
99 122 1 72
120 121 2 68 111
118 121 3 4 36 39
117 121 3 60 94 101
116 121 2 95 109
113 121 4 7 83 84 95
112 121 4 17 18 119 122
111 121 2 26 32
119 120 4 13 19 84 129
109 120 4 3 9 56 73
103 120 1 6
91 120 2 24 26
89 120 1 57
79 120 1 21
77 120 4 3 30 50 123
115 119 4 3 10 61 94
114 119 4 52 55 62 117
110 119 3 29 43 68
109 119 1 28
107 119 5 7 14 44 53 84
106 119 1 47
103 119 4 36 44 88 118
117 118 4 26 43 77 105
115 118 1 110
113 118 1 82
107 118 2 14 123
103 118 3 82 116 121
101 118 3 84 118 126
99 118 1 113
116 117 4 51 77 84 124
112 117 3 65 91 108
110 117 1 16
106 117 3 16 46 92
98 117 3 41 63 75
97 117 2 4 127
95 117 3 18 98 117
115 116 2 61 85
113 116 3 74 112 126
107 116 5 13 26 42 90 112
105 116 1 127
99 116 2 21 122
97 116 2 123 124
95 116 3 31 51 60
111 115 1 89
109 115 3 75 82 112
103 115 1 54
102 115 5 31 35 58 82 83
101 115 2 50 102
94 115 5 70 85 89 103 105
87 115 5 15 54 59 101 105
109 114 1 58
103 114 4 33 36 72 92
97 114 5 10 21 26 71 75
91 114 3 67 115 126
89 114 5 16 23 26 94 114
85 114 4 51 71 100 110
79 114 1 73
112 113 2 19 105
110 113 3 37 100 115
108 113 3 12 21 129
107 113 2 39 49
106 113 3 25 70 72
104 113 3 3 77 88
103 113 4 13 57 91 101
111 112 3 15 19 126
107 112 1 95
103 112 2 62 96
101 112 4 15 41 59 72
99 112 5 7 41 83 103 113
97 112 3 21 61 109
95 112 4 12 18 111 120
110 111 3 19 46 98
109 111 2 7 15
106 111 3 3 44 128
101 111 1 8
98 111 5 8 17 26 70 114
94 111 4 8 10 29 79
92 111 5 24 48 68 89 121
109 110 5 23 69 102 122 123
107 110 5 29 37 54 72 75
93 110 3 19 34 37
87 110 1 28
79 110 5 22 59 68 114 127
63 110 3 24 25 121
61 110 3 7 37 41
108 109 4 41 63 72 109
106 109 2 51 73
105 109 5 2 8 50 106 126
103 109 2 9 24
99 109 3 2 44 123
98 109 4 21 60 81 94
96 109 3 12 94 113
103 108 5 13 20 36 108 111
101 108 3 7 73 101
95 108 5 18 35 101 106 119
85 108 3 21 51 69
79 108 3 2 3 37
73 108 4 36 71 76 85
61 108 4 32 57 73 107
106 107 4 3 80 108 110
105 107 1 70
100 107 1 4
96 107 1 52
94 107 2 123 125
91 107 1 76
87 107 4 49 63 88 129
103 106 5 16 34 92 111 126
101 106 4 29 64 78 101
99 106 4 30 42 98 104
95 106 3 42 65 123
89 106 3 69 111 115
85 106 1 59
83 106 5 25 28 101 107 113
101 105 2 106 128
86 105 5 21 31 95 112 119
82 105 4 24 49 77 106
74 105 4 78 92 123 127
73 105 1 18
71 105 4 61 62 76 121
68 105 1 117
101 104 3 2 6 123
99 104 4 63 104 106 122
97 104 5 59 60 89 105 119
95 104 5 48 50 57 110 112
93 104 1 76
89 104 3 31 70 96
87 104 2 44 116
102 103 1 91
101 103 3 38 43 98
99 103 3 91 93 121
96 103 3 11 33 81
95 103 5 45 65 83 103 117
93 103 3 6 96 119
91 103 5 36 85 87 93 95
101 102 5 8 57 70 88 123
97 102 3 11 12 47
95 102 5 8 54 63 77 110
89 102 3 82 88 95
77 102 5 13 75 92 102 126
65 102 1 55
55 102 4 22 77 109 125
99 101 4 39 56 77 128
98 101 3 3 22 100
97 101 2 2 35
95 101 1 53
92 101 4 16 37 61 93
89 101 5 57 66 100 114 127
88 101 4 54 62 103 127
93 100 5 11 23 86 106 125
89 100 2 9 43
87 100 1 23
83 100 4 31 86 97 103
77 100 3 17 19 85
73 100 3 8 85 119
71 100 4 3 65 89 103
98 99 1 14
97 99 4 75 89 108 113
94 99 4 34 50 72 124
92 99 1 72
89 99 2 64 95
85 99 1 7
82 99 5 13 36 62 105 114
97 98 1 67
95 98 1 18
79 98 4 13 25 105 107
73 98 5 12 16 17 86 118
65 98 2 57 126
61 98 2 102 115
59 98 5 43 61 82 93 128
96 97 3 43 109 121
94 97 1 85
92 97 5 10 23 28 99 115
89 97 4 8 16 50 83
88 97 2 16 34
85 97 4 10 71 84 103
83 97 3 70 111 117
89 96 2 34 108
77 96 1 124
71 96 4 38 59 104 108
67 96 3 79 84 92
61 96 4 16 90 109 111
59 96 1 52
55 96 3 21 37 117
92 95 4 32 77 87 100
91 95 3 27 53 113
89 95 3 16 35 48
88 95 1 125
87 95 1 64
86 95 3 47 48 73
83 95 4 6 9 32 40
91 94 1 91
89 94 5 14 60 72 77 84
87 94 4 12 66 91 104
85 94 1 63
79 94 1 68
75 94 3 35 51 82
67 94 3 28 29 129
89 93 2 58 99
88 93 1 85
86 93 2 62 92
85 93 1 110
83 93 5 2 7 74 124 127
82 93 1 55
76 93 3 9 63 93
85 92 3 67 93 116
83 92 1 90
75 92 5 14 53 62 74 101
73 92 5 28 32 38 112 124
71 92 1 22
67 92 3 31 69 101
65 92 3 20 50 102
76 91 4 7 79 110 121
75 91 4 19 22 118 128
72 91 2 31 35
71 91 3 6 28 112
69 91 1 46
67 91 2 14 87
62 91 1 19
89 90 2 78 106
79 90 2 29 72
73 90 1 21
71 90 3 39 84 117
67 90 1 6
61 90 4 35 105 106 123
47 90 3 2 23 106
87 89 5 14 44 79 80 126
86 89 4 26 29 41 67
85 89 1 81
84 89 1 107
80 89 1 76
79 89 5 3 58 81 90 117
78 89 1 7
85 88 1 36
83 88 5 22 23 51 107 119
81 88 4 16 63 74 107
75 88 2 45 49
73 88 1 111
69 88 5 5 50 83 96 97
67 88 3 8 10 11
86 87 5 24 82 101 106 113
85 87 5 34 43 85 103 111
83 87 5 31 61 96 106 107
79 87 5 27 36 43 64 109
76 87 2 30 57
68 87 3 15 45 119
64 87 2 86 112
85 86 4 22 32 68 93
81 86 2 2 58
71 86 1 63
69 86 5 37 68 69 73 88
67 86 4 6 60 71 109
65 86 2 28 100
63 86 2 91 94
82 85 3 32 88 123
81 85 2 92 96
79 85 2 17 92
78 85 1 74
73 85 4 22 77 86 111
63 85 2 7 116
61 85 3 50 55 118
83 84 2 21 92
61 84 5 14 16 52 71 78
53 84 4 86 112 124 125
47 84 2 64 110
43 84 5 5 58 62 68 86
31 84 3 44 75 116
25 84 1 81
80 83 4 7 57 91 94
79 83 2 8 89
77 83 2 13 70
76 83 1 70
74 83 1 104
73 83 3 8 88 105
72 83 4 7 29 81 126
75 82 4 64 98 104 112
73 82 2 46 94
71 82 1 114
69 82 5 41 75 83 100 125
67 82 1 122
65 82 1 31
63 82 3 65 73 84
80 81 2 23 56
73 81 4 3 26 64 83
71 81 1 116
67 81 2 12 56
65 81 5 9 21 24 69 92
64 81 1 98
61 81 2 11 94
71 80 3 9 39 73
69 80 1 13
67 80 3 79 108 116
61 80 2 86 127
53 80 5 11 31 43 93 119
51 80 2 13 38
43 80 1 10
74 79 1 123
73 79 5 31 34 83 93 111
72 79 5 85 87 103 107 108
71 79 4 22 61 81 110
68 79 1 29
62 79 5 2 82 90 124 129
60 79 3 109 110 121
73 78 1 24
61 78 4 34 48 56 75
59 78 5 16 24 63 79 111
53 78 1 76
47 78 4 2 25 39 83
43 78 4 28 37 75 128
41 78 1 13
75 77 5 6 13 52 64 79
69 77 2 79 116
64 77 3 23 60 119
62 77 3 3 83 91
60 77 5 6 17 39 76 125
57 77 2 102 120
54 77 4 17 23 32 50
75 76 3 4 33 122
73 76 2 100 124
71 76 5 27 35 38 68 112
67 76 2 68 106
61 76 4 47 77 111 120
59 76 5 7 22 29 91 111
53 76 1 117
74 75 2 88 92
73 75 2 50 97
68 75 3 33 71 88
67 75 5 20 26 38 64 98
64 75 5 8 11 55 84 119
62 75 2 15 110
59 75 2 78 84
73 74 4 2 27 78 129
67 74 4 5 12 20 40
55 74 2 34 61
53 74 3 17 73 96
51 74 3 114 121 128
49 74 1 13
47 74 2 35 59
71 73 1 35
70 73 4 12 70 92 125
69 73 2 6 116
66 73 3 45 79 103
62 73 2 22 128
60 73 5 16 20 28 70 92
57 73 5 5 15 63 82 87
71 72 4 25 33 64 98
67 72 2 52 122
65 72 1 110
61 72 2 58 78
59 72 2 84 118
53 72 1 116
49 72 1 35
70 71 2 11 41
69 71 2 35 126
68 71 1 59
67 71 2 58 85
65 71 2 23 117
62 71 4 30 35 74 83
59 71 1 70
69 70 1 105
67 70 5 79 96 99 104 117
61 70 5 38 97 99 108 122
53 70 5 15 63 96 113 119
47 70 3 66 69 99
41 70 1 97
39 70 1 99
64 69 1 15
61 69 4 49 60 84 92
59 69 1 99
58 69 4 46 51 83 128
55 69 2 98 108
53 69 5 5 24 44 47 72
49 69 5 2 28 49 58 67
67 68 4 35 66 70 87
65 68 2 56 115
59 68 1 74
57 68 4 10 65 122 123
55 68 5 45 62 103 105 107
49 68 3 92 126 128
45 68 3 18 41 99
65 67 1 63
57 67 1 101
56 67 3 22 75 119
55 67 4 16 21 87 92
53 67 2 57 84
48 67 5 29 35 41 64 98
46 67 1 5
59 66 3 60 91 114
53 66 5 3 5 20 43 55
47 66 4 19 106 111 129
43 66 2 23 68
41 66 5 7 21 42 63 110
35 66 1 108
31 66 5 25 58 101 103 104
62 65 1 12
61 65 1 75
58 65 5 71 87 100 101 122
57 65 1 9
51 65 3 43 78 128
49 65 5 5 19 30 67 118
47 65 1 38
63 64 1 34
61 64 4 40 92 105 124
59 64 4 6 57 75 96
55 64 5 25 46 61 85 92
51 64 2 18 79
45 64 5 4 72 80 93 107
37 64 3 5 106 120
62 63 3 17 32 59
59 63 5 13 21 60 71 128
55 63 1 79
53 63 2 67 91
46 63 3 3 10 22
44 63 1 40
43 63 4 76 79 94 115
61 62 2 46 96
59 62 1 74
57 62 5 30 53 63 72 125
53 62 5 8 87 92 94 112
51 62 1 37
43 62 2 45 84
39 62 5 52 76 85 111 126
60 61 1 46
58 61 2 22 29
57 61 2 61 89
55 61 5 17 27 42 53 126
54 61 1 104
53 61 4 7 11 17 129
52 61 5 10 24 59 111 118
47 60 4 17 31 37 72
43 60 1 34
37 60 4 18 75 91 95
19 60 1 60
57 59 1 12
56 59 2 46 103
54 59 3 34 57 117
52 59 3 13 58 110
49 59 3 4 13 54
48 59 4 3 7 42 57
46 59 3 17 31 72
57 58 3 43 52 109
53 58 5 18 22 24 47 54
47 58 2 89 92
41 58 5 13 17 63 105 127
37 58 4 27 62 114 121
27 58 1 17
25 58 4 79 80 85 98
55 57 5 40 51 59 79 129
52 57 1 96
46 57 1 128
37 57 2 5 87
35 57 2 12 124
34 57 5 7 21 47 76 127
32 57 4 15 36 54 86
45 56 2 19 74
39 56 2 18 116
25 56 4 30 48 68 84
19 56 2 74 119
11 56 3 47 103 118
9 56 5 27 36 103 104 119
53 55 5 6 85 98 121 122
51 55 1 51
49 55 4 4 28 85 129
48 55 1 15
47 55 3 26 59 87
46 55 3 21 31 70
43 55 3 14 16 84
49 54 1 31
47 54 2 76 95
43 54 4 58 83 117 122
41 54 3 7 97 123
37 54 5 52 80 118 120 129
29 54 1 34
23 54 1 90
51 53 5 44 50 64 90 120
50 53 2 73 125
49 53 5 6 50 85 86 118
47 53 4 3 47 77 100
46 53 2 46 106
44 53 3 5 90 112
43 53 5 17 57 68 84 90
51 52 4 17 37 58 59
49 52 1 8
45 52 1 57
43 52 1 12
33 52 4 45 80 117 119
29 52 5 21 28 68 90 128
27 52 3 96 113 123
49 51 5 3 23 60 69 89
43 51 1 10
41 51 3 45 91 110
35 51 1 57
31 51 1 92
29 51 2 6 77
28 51 4 19 71 109 114
47 50 5 19 68 77 85 128
41 50 3 16 33 102
39 50 3 14 38 65
27 50 4 40 48 59 121
21 50 3 13 32 88
19 50 3 107 109 122
17 50 1 88
48 49 5 47 50 76 107 109
47 49 2 3 21
45 49 1 97
40 49 4 20 26 47 72
39 49 1 66
36 49 1 39
34 49 1 11
41 48 1 47
37 48 3 14 58 96
31 48 5 18 26 40 74 119
29 48 1 118
23 48 2 82 127
13 48 4 51 115 122 128
11 48 2 92 109
45 47 2 25 107
41 47 4 2 42 99 103
40 47 1 57
38 47 1 113
37 47 1 29
33 47 2 50 83
30 47 4 22 32 69 97
43 46 4 2 39 43 69
41 46 2 20 95
35 46 5 26 59 76 81 129
33 46 1 85
29 46 3 22 111 128
27 46 5 5 16 18 87 105
25 46 1 58
38 45 1 44
34 45 4 31 54 76 93
31 45 4 33 61 64 86
29 45 1 108
26 45 2 7 115
23 45 1 100
22 45 1 44
43 44 4 13 76 83 121
41 44 3 27 50 113
37 44 1 42
31 44 5 2 18 25 69 72
27 44 4 42 62 93 113
23 44 2 6 53
19 44 3 55 68 111
40 43 3 16 34 114
39 43 4 41 91 104 117
38 43 3 7 34 35
37 43 5 33 46 52 71 80
35 43 2 12 65
33 43 4 7 13 124 129
32 43 2 43 46
37 42 3 10 63 129
31 42 5 22 29 57 81 112
29 42 5 39 46 56 122 123
19 42 4 6 20 72 82
17 42 5 38 44 62 79 124
13 42 2 65 80
40 41 1 43
36 41 5 12 14 37 53 112
35 41 4 57 88 102 129
33 41 1 43
32 41 1 7
30 41 1 104
24 41 4 24 56 91 107
37 40 1 88
33 40 4 38 41 93 107
29 40 5 13 38 40 71 129
23 40 5 8 30 73 81 97
21 40 1 51
19 40 1 38
17 40 2 85 100
37 39 2 43 53
28 39 3 12 14 129
25 39 2 94 121
22 39 2 31 88
19 39 3 12 68 107
16 39 2 5 33
10 39 3 6 37 128
37 38 4 26 27 110 117
33 38 3 20 49 53
31 38 3 57 67 115
29 38 2 5 47
25 38 4 16 56 107 119
23 38 3 51 56 90
17 38 5 4 23 28 50 115
35 37 5 27 31 65 95 114
34 37 2 72 95
32 37 2 98 107
30 37 5 4 12 45 87 104
25 37 3 18 20 100
24 37 5 14 23 26 34 122
23 37 2 24 78
35 36 1 117
31 36 1 77
29 36 1 101
25 36 1 89
19 36 2 30 87
11 36 4 17 28 44 48
5 36 1 77
33 35 2 77 87
31 35 5 6 55 62 96 105
29 35 1 99
26 35 3 23 35 79
24 35 1 22
18 35 4 14 77 84 111
16 35 5 33 76 78 82 129
31 34 1 67
29 34 4 30 53 78 108
27 34 4 32 82 91 119
25 34 3 11 31 113
23 34 4 34 89 90 125
21 34 4 18 55 78 112
7 34 1 93
29 33 2 77 104
20 33 1 116
19 33 5 14 21 50 66 86
16 33 1 69
5 33 3 20 49 90
31 32 1 34
29 32 5 4 38 105 109 127
27 32 1 82
25 32 1 122
21 32 3 8 11 55
19 32 1 30
17 32 3 18 54 118
30 31 5 29 38 54 62 123
29 31 3 14 74 85
25 31 4 12 31 92 106
23 31 5 13 50 60 88 90
22 31 1 8
18 31 5 71 79 84 90 113
16 31 1 54
19 30 1 106
17 30 4 54 77 99 110
13 30 4 48 52 76 113
7 30 3 21 32 114
28 29 5 16 22 40 80 90
27 29 3 6 60 70
26 29 5 15 43 49 82 98
25 29 3 16 112 124
24 29 2 25 40
23 29 1 119
21 29 3 32 36 46
17 28 3 14 16 73
15 28 5 8 75 88 101 108
13 28 2 7 36
11 28 4 8 11 30 44
26 27 5 19 33 66 100 108
25 27 1 127
19 27 3 23 99 126
17 27 3 19 30 48
16 27 5 12 30 55 68 104
14 27 1 66
13 27 2 46 110
25 26 4 36 44 64 86
19 26 1 126
23 25 3 16 17 95
21 25 5 22 51 59 69 123
19 25 1 109
18 25 1 3
17 25 5 6 10 24 73 92
8 25 4 56 65 90 124
4 25 3 76 86 104
19 24 1 19
13 24 2 17 90
11 24 5 59 77 106 121 122
7 24 1 54
19 23 1 18
17 23 2 20 51
16 23 3 16 36 67
13 23 4 24 63 111 121
9 23 3 62 78 104
8 23 2 13 116
6 23 4 76 85 96 107
21 22 5 5 35 72 103 104
17 22 1 98
9 22 2 89 121
5 22 1 71
3 22 2 52 61
20 21 4 37 74 75 112
16 21 2 103 129
13 21 3 52 81 83
11 21 4 16 78 89 90
10 21 4 43 60 109 125
5 21 1 67
2 21 5 51 60 67 87 115
17 20 3 2 90 96
13 20 5 22 23 53 60 95
9 20 4 4 85 89 104
18 19 5 24 61 65 125 129
15 19 4 30 61 63 92
14 19 4 31 48 66 124
13 19 3 22 106 107
12 19 2 98 127
10 19 2 52 93
8 19 3 35 39 47
17 18 4 16 34 98 118
11 18 5 16 38 52 73 97
5 18 2 19 49
16 17 2 5 108
15 17 5 30 53 97 100 104
12 17 3 87 114 126
8 17 5 16 46 95 114 124
7 17 2 5 84
6 17 5 45 60 90 109 112
5 17 4 19 102 112 125
15 16 3 18 108 124
13 16 5 9 65 92 100 117
11 16 3 24 45 87
9 16 3 9 30 41
5 16 5 21 41 49 71 103
3 16 3 30 32 84
11 15 4 5 52 81 113
8 15 4 15 25 41 56
7 15 3 69 88 112
4 15 3 97 108 110
2 15 2 16 109
9 14 5 18 32 37 62 89
5 14 4 4 57 70 93
10 13 2 19 119
11 12 2 55 92
7 12 1 64
5 12 5 11 51 78 83 97
9 11 5 38 48 69 105 129
8 11 2 9 81
6 11 3 35 42 51
4 11 5 4 11 23 84 125
3 11 1 121
2 11 1 39
7 9 4 14 41 96 97
2 9 2 13 28
7 8 4 12 37 95 129
6 7 4 9 46 61 68
5 6 5 3 31 69 81 118
3 5 3 2 62 85
2 5 5 43 80 81 100 116
3 4 5 39 44 51 70 117
