41
18467 6334 26500 19169 15724
11478 29358 26962 24464 5705
2995 11942 4827 5436 32391
14604 3902 153 292 12382
3035 22190 1842 288 30106
1587 29314 9503 7448 25200
9905 17958 7391 10202 3625
8260 6202 8116 5030 20326
29087 27681 19964 1340 5686
25770 702 14364 1381 16590
1550 24353 1181 4287 2699
530 2461 12118 205 7540
16474 7195 506 5158 17589
31620 4343 9578 1187 113
990 3873 4327 3413 3454
20648 2085 14752 521 9260
20645 3592 22972 628 24196
3281 23370 6549 1348 9077
14890 3093 1444 2809 9507
387 31221 237 22604 5578
9265 12000 5984 4389 25402
5883 26415 2377 1094 25380
1662 11855 177 3706 28419
19271 25988 5331 1410 3470
3780 25751 1302 3559 1020
1454 17255 1277 1067 24123
17549 1559 343 15085 2904
8300 22981 65 229 8091
17325 23743 1133 4901 31336
2605 2779 8560 387 27845
18051 543 30869 6 13612
5015 18055 2416 4153 9534
25526 26223 15014 1161 61
17312 489 406 676 12324
13125 1464 2793 357 22710
20447 25614 6721 21 21308
2110 22997 342 564 29930
25916 4394 988 1728 29143
1779 19464 811 2386 30746
4454 373 1093 712 12951
19585 28608 5741 411 12580

53
3850 30925 6571 27532 11175
24256 31710 7815 1264 28987
28084 5226 27477 26400 3344
8063 23990 6397 4307 18942
2852 2038 751 2086 30415
15738 1453 23915 2141 26485
1807 7052 18020 1630 22686
11802 28954 6916 10419 28876
19136 21784 8357 9386 12618
9023 9658 3576 13922 18725
2690 9880 3207 18385 15265
13195 12131 6992 349 14637
31253 3731 28889 1270 2372
17157 11135 3572 219 20350
20421 11426 5320 3150 20804
12749 17993 3472 503 31929
14433 6036 8754 936 11657
634 19899 1952 11306 6224
7380 362 8248 5067 26641
16063 12563 196 5206 11679
32151 32403 30161 26997 27298
26815 4002 1257 2034 13355
12793 20653 6052 2555 3058
18961 19252 10 26553 20805
4207 29582 7051 693 30281
18413 17259 5105 141 27290
15396 9213 5459 735 262
26371 4728 313 2890 11532
22135 4180 2093 1346 8536
23614 18257 981 964 6002
424 29959 121 23975 30463
5284 5892 7516 855 16910
773 32419 666 25132 20804
1938 31636 104 3471 6307
27598 20361 122 8176 5790
26924 1054 2691 213 5066
20683 32209 652 17638 28775
6001 9018 978 5087 21802
12621 9762 390 8164 22681
6241 15536 622 6046 27010
7790 28608 1046 677 5877
2677 30470 313 29535 10590
30783 657 1363 598 31781
22573 9796 2281 46 27376
27109 10032 570 1289 6851
13069 13010 612 4669 25978
27007 16918 59 2944 63
10866 32004 768 25063 29906
13121 10962 1635 210 11852
16493 5662 7438 38 32602
22429 8227 1908 519 26410
2763 353 4317 1504 1251
1 10290 20 10300 31951

94
26211 7060 23094 1377 2458
31474 16211 12704 16984 10120
1890 31040 28757 25148 3970
9587 22089 18427 4535 5559
7047 2916 338 16299 4647
25155 1229 3232 5632 2499
9302 12634 2026 5524 23033
1070 25513 6679 2013 7243
18038 11637 30304 794 17128
15448 14351 15251 1854 13067
11652 7605 4471 6683 419
32544 280 2007 6618 19584
32659 9076 14138 925 13696
7815 18711 718 8042 19071
14990 528 1370 4470 230
992 2309 3923 16420 5041
11588 26921 5304 3650 7985
19091 2630 4108 8970 25679
1177 19010 1861 5048 7072
21778 27240 1486 21 20425
22468 20084 8124 202 16412
31895 14590 14512 342 23779
11066 5523 2176 1090 5138
20458 20059 1484 225 15961
29735 13813 23356 68 5058
17482 4924 741 4387 13997
9353 35 983 9637 10279
23830 10458 7411 363 31983
29045 22560 267 6712 21203
19352 16681 118 2495 25285
18317 27937 5900 2183 26829
6400 9675 86 993 15858
470 26514 127 968 19055
31478 10112 31041 140 11509
1325 29426 467 27283 22106
10477 2806 288 9019 25295
13099 17999 2328 1170 23890
25074 17662 5649 1124 25652
14812 19441 14775 576 14658
4986 1203 587 17643 32062
5637 11567 1374 8062 13827
11363 15533 2079 2179 6172
31273 23992 132 7395 12781
26933 28799 1188 1689 20544
30392 8817 23632 67 17832
3291 20388 2797 666 16807
27624 20544 255 1307 26287
16039 20757 5323 604 21117
21504 12651 16835 1056 23374
21737 14204 17050 44 1126
31191 3344 1080 1528 7681
3258 28576 7284 2262 20678
19224 789 6565 208 22382
8067 2966 1003 14192 4293
7354 282 1638 1902 6404
5659 3462 174 7728 5930
528 558 5071 363 1998
21232 20493 3329 179 4000
10509 19967 4259 567 22316
20199 16299 9798 1136 15859
28989 21814 1518 713 12385
21176 466 8973 52 234
18625 110 23146 155 3084
32474 10549 19460 164 17292
837 1448 1467 446 9008
83 6680 825 16375 3852
9142 21696 1382 342 6222
673 26193 174 3777 1209
24422 2967 486 3203 18813
28807 22235 22 7723 11085
18973 17770 17 614 31934
6145 1294 608 107 6646
17188 1974 1841 156 20084
8066 26961 3344 642 5010
10076 20928 2680 535 6555
3790 23204 1973 505 13623
212 31043 198 32508 20617
25539 10079 5263 167 20058
6154 22448 650 1739 25866
22346 20832 712 836 10404
13562 4799 373 2230 30328
17147 12961 3476 1208 13887
26067 1092 3351 29 4286
14776 3641 167 2554 31454
25783 8456 183 1200 11494
26292 7001 15896 4 14136
10471 963 1299 680 8140
17348 27060 4331 611 8727
8216 18175 185 106 4650
31026 15378 5655 325 28792
23196 1276 403 792 6496
31043 23116 120 21004 28978
28175 20367 470 5665 2445
8719 21176 395 1884 256

21
28623 24256 2182 20634 27802
11922 3758 1150 2068 6127
31610 11958 30174 20094 2110
17217 32297 5742 13910 4453
17756 9972 9716 9287 17224
6605 30052 391 32347 27228
10060 13626 2030 7368 28678
2258 7295 8381 4130 24519
8396 29069 6346 6086 14630
32004 9505 27516 1285 14479
2992 16000 291 18673 8086
4180 21341 3863 6873 4718
24440 23972 2073 11134 25581
10466 27782 10046 800 13455
2872 12117 4850 3819 8838
24275 614 11730 2260 16627
23780 5786 26727 3170 20925
13439 27439 4053 111 10476
16578 4266 18604 485 26927
12850 6018 4390 17900 10039
20412 3750 26871 323 15699

14
12403 9841 7212 32455 27324
28451 6297 18339 20659 27049
24132 28205 12474 8170 17598
5033 22537 1925 18153 5156
139 2332 1230 30330 17503
14512 3093 11902 808 23657
25652 4412 2445 11661 14623
20838 11239 4166 7344 19282
6832 947 4947 17384 5501
22410 801 13320 513 17145
20524 4704 310 30348 27252
10291 25890 1212 5032 2794
3780 8630 321 15914 18108
22680 2623 16195 66 9040

45
17634 24072 12626 15276 11943
912 3967 20259 7056 13097
22769 14416 9404 2507 15830
30692 22102 4276 20458 14598
21497 12614 500 1812 16231
30195 9583 17822 4182 18645
17946 18417 19366 588 16568
23945 535 23538 5376 32359
7794 20417 8958 3068 8269
8639 14102 11052 838 11223
7016 27331 5323 1180 2270
3784 27993 1463 23385 3445
18524 19735 17174 1912 28256
8624 31508 8738 10868 4987
5881 32399 476 20538 2310
12857 25263 2588 5855 7975
2954 17590 2535 5731 4661
17038 15201 259 5372 2793
4786 16642 506 139 4315
1290 13280 1453 12939 19851
6558 30544 1807 7618 1673
2553 29549 7 27720 27279
19880 263 2508 454 12840
8215 1388 12222 968 10456
30503 8034 21950 556 14414
22993 10577 5690 2485 23376
24561 7063 20832 644 4495
6133 25466 6350 601 30097
24376 22909 4853 163 28801
864 26529 752 17086 20562
4775 23642 1227 1550 12533
19500 17250 1808 708 13152
11592 3573 4735 92 14023
11333 18826 3391 578 27333
376 15774 207 30658 6917
5542 11995 11985 1887 723
6133 15513 3186 2886 3234
6430 24377 8741 475 28855
24890 8607 8000 30 19890
22649 2124 1054 3189 26363
32231 15785 13540 539 15984
6714 28672 393 1101 17942
762 16839 50 9263 27497
19620 16583 1671 315 22009
25924 19050 11768 316 10456

65
22567 25629 15146 13992 11753
2023 988 22176 7446 5474
1583 29240 2860 20184 10031
12808 8621 9475 1317 17277
17141 13249 20866 902 30870
12608 21539 1928 20769 24875
20110 20028 385 20340 29256
5923 24552 2186 19260 15630
20922 16635 26218 4987 3937
9835 25430 638 18558 23682
28795 2389 7321 3081 14833
20731 23507 19388 737 24644
32078 9610 27022 902 28418
6090 12485 10591 2780 697
1279 30644 59 15715 22435
18299 10275 2610 1250 27498
6022 15350 31581 500 32503
11358 17030 6729 1985 22211
16242 24451 3728 8026 28693
936 10063 1380 11699 21521
8492 18323 1166 12607 25524
28843 11688 8662 780 10400
24483 10856 2267 1906 31563
21696 27993 242 25899 30180
27940 434 10535 857 17213
7619 9976 6533 204 4575
2793 18277 4818 3739 7938
31827 6424 26284 2041 25825
10475 27490 1506 19751 15806
4977 10878 9845 1001 31094
21537 26312 82 11492 12939
30771 9346 31826 91 11458
10041 19423 1744 1406 15456
30440 12641 28364 376 29783
22209 30954 339 13146 13235
24600 6061 3312 4116 30992
9989 16069 1180 135 1637
38 10992 447 2872 19149
27924 1316 75 6080 32215
4682 29923 859 1626 16020
29545 22045 2741 1222 1339
2840 9823 1048 2541 21084
15470 32562 818 16315 26674
5614 28902 245 25940 21574
17566 12255 768 544 13732
24723 997 2013 1757 11029
12154 21443 218 18227 30970
23721 10309 680 2385 2959
3905 13376 147 660 15567
22052 24939 29375 376 14495
32390 15065 20731 116 25308
13809 305 4226 269 16100
3539 752 6418 46 28800
16557 21386 1690 2337 21078
5433 23217 128 5153 21251
274 26902 732 6729 22329
2426 8605 6159 595 31787
28787 25462 27653 129 32707
21346 27493 100 961 26189
15888 11083 198 700 10198
6865 12071 15269 86 24500
28716 7859 2343 613 23755
20683 26708 270 22164 32209
29561 11072 19332 283 5533
30362 1464 20200 877 6799

15
29264 30049 22638 23229 16609
17045 19128 5657 14411 30111
1264 7131 14760 10759 26438
20083 3132 32102 11594 19105
3930 29943 7561 10247 2720
25290 21458 14972 5484 25414
26170 709 18573 1640 15085
17169 15663 11520 2684 21742
32699 17708 29899 1741 19482
22734 27870 4660 26958 2978
28775 17359 11935 263 19318
17585 103 15362 172 16692
316 19060 3169 15180 10278
8168 1805 1870 2222 21654
14566 22102 1746 3494 22592

71
10384 28407 15597 18103 2245
32521 24376 23353 122 14364
32704 5077 5831 2191 23243
26383 3147 1454 18606 29414
22665 236 10574 825 5428
30016 29589 15325 32028 32586
24493 14418 1700 8862 19152
27398 22641 7351 1601 21180
3444 2694 8852 10185 32377
5676 16967 18354 3308 9409
160 23234 12801 257 17589
5573 23780 4684 27061 29899
21282 7595 1152 6178 29323
13717 9791 843 6461 24981
31810 25524 1628 3609 30649
31685 7389 6296 12240 5283
21111 25809 471 310 18357
18424 2100 1879 12183 22092
1627 231 19079 906 4556
25455 23367 100 1426 2345
6171 1296 11401 516 6420
28723 6962 689 6762 4494
14911 8990 3487 4845 22526
27645 1329 28763 827 9077
19005 15855 3917 3 220
1277 26125 3499 24919 17904
21968 21830 637 1152 31793
28067 31743 291 30717 31697
1684 19058 344 3736 25779
4011 21936 12328 1111 24951
12418 4623 4525 497 4093
21037 23371 4336 563 10310
29320 25766 590 24513 11481
29238 20083 13156 1542 32368
2873 20853 648 2345 30760
28063 10703 263 9335 6546
29077 3438 32755 353 12433
15941 26277 12747 375 17742
16212 24643 7648 1150 12336
27659 30908 73 692 2672
13318 1837 4647 1177 20758
1881 2619 9428 56 28082
225 12476 2475 5066 2902
1175 2788 113 91 12577
1479 5388 1655 6135 10210
23187 3057 3061 10944 8262
6999 14316 2404 2501 11001
13817 23405 375 860 15376
26242 31063 1178 24822 13603
14060 26034 6416 16 18230
3213 5273 137 8815 30157
16975 7236 1270 27 25641
862 30457 309 13390 25290
8396 13640 504 107 3766
19405 15158 2977 90 27253
28864 2164 24384 1167 19773
27844 32665 47 30429 32369
20494 4951 367 7619 10654
2988 20397 20106 258 27996
12430 7487 1066 3107 13054
104 25125 544 28230 12928
28014 3936 12520 1126 14106
4537 19406 239 156 2265
26787 26751 2294 1820 28407
2128 25443 264 304 1123
11745 24107 540 3595 107
22576 16108 1477 640 4394
6765 20839 104 839 26611
5705 15712 538 157 28395
13188 6328 4390 426 27879
22693 7194 32 5389 28344

66
18887 15488 22889 6175 32159
31899 22010 7585 26065 8324
2005 5106 1648 32361 11346
30116 29444 520 19012 12715
6999 7711 14353 7755 16025
22322 2447 1005 3747 13957
8505 31692 13135 18690 23908
24858 1674 21371 2198 23153
23821 32062 1786 8587 1654
21707 10531 31587 1980 18067
22394 28785 1342 8558 4103
63 7831 167 8160 15337
5841 19285 1568 5417 4225
21926 26367 1764 727 13767
4127 25656 7807 3752 22821
30053 1371 26951 139 13907
4963 14340 1151 2535 11099
23962 23003 7424 2053 21769
29548 4515 15226 1646 2646
6755 3143 4083 723 21179
12149 3352 7259 1082 8474
30063 6831 10544 92 14973
16113 24788 3800 1779 8349
26779 14961 1453 240 23222
26862 7311 20309 2104 31582
5560 17056 11442 718 20339
3886 32510 1348 30786 14597
3713 4759 2610 3325 10294
10286 6250 20637 192 19408
13575 19992 1412 8281 29122
26443 28872 1382 11191 26100
21360 21776 9959 685 15145
9791 18941 1906 3323 23254
356 16629 532 5173 7815
17682 16215 1104 2170 30571
24659 4275 25323 102 28927
17590 29783 4418 1676 5187
54 24257 1631 10486 2889
25104 12795 25672 673 30088
32223 9443 8899 779 31849
28880 31834 1151 14963 347
30935 31772 229 18610 10495
14272 954 7951 2295 10872
7955 16377 857 499 15142
6455 5612 31 11392 674
29583 383 13077 534 18429
667 273 10930 756 28205
5734 30830 2664 14387 8151
19001 5112 1481 794 4879
1792 138 9848 129 17569
12003 25143 418 2530 17804
5331 2382 5253 24 39
3705 10335 288 21364 5860
13478 6817 3881 347 12757
12860 16141 3260 249 8026
24397 627 384 2442 26059
19059 29400 1310 346 13103
23394 14782 30367 81 2481
24470 13855 13464 738 2834
29938 12596 2737 31 21525
15174 27411 9828 372 16811
25783 28085 380 10135 2019
28165 25633 1488 2027 12949
5812 30244 2123 230 2196
4103 18548 2272 377 17733
26272 3890 5227 354 6216

24
14628 11230 27681 12782 7413
30216 28165 18268 22173 31097
12371 30557 5882 10212 31766
221 18640 2498 18745 24028
22799 26004 2397 14056 17602
27953 1984 21615 6398 3181
27641 26687 2399 28696 31186
4472 5996 22313 1494 18447
3795 27050 1391 16438 27849
1790 2521 4448 823 10845
7033 28628 4826 19314 30433
9082 14003 3260 12526 4389
16419 9062 4659 766 9273
18743 32671 2977 20249 11944
16452 560 2786 534 12941
14985 4490 2648 815 6356
16469 26812 2257 547 22830
14754 10656 15879 31 30364
9546 4612 3987 1248 28538
12339 8419 13385 612 5404
32168 25890 1543 1231 28097
5557 25438 393 21379 21083
19246 4579 6026 433 30878
25328 26493 1708 20684 12496

27
23366 11338 6321 15317 17739
12206 1806 3336 27451 750
23773 1064 26226 4291 20783
15855 27695 7190 14429 3008
5402 1028 3589 16882 28105
29073 28580 25938 5572 27753
30487 18197 2007 4365 14821
5727 31043 6755 21196 10913
30767 7345 24524 5251 3194
1474 19232 3687 7389 29004
370 27046 1340 27543 11300
21315 1680 382 8100 28685
17560 12106 3572 12260 444
6050 426 18056 124 17572
10292 27271 1082 1674 32021
2298 12267 1035 457 23394
12991 31398 1533 9929 30752
20566 8802 68 2681 24699
75 9022 524 5216 23
17707 1789 200 5907 17632
1975 27074 2303 23964 371
31724 22890 24667 763 29617
30948 14129 29649 456 19721
5866 24239 3182 3900 20775
584 8505 4747 218 10506
25172 28273 3148 29399 10967
25776 44 10912 895 17248

44
11409 14690 28115 2373 28752
9211 20415 13462 22616 5677
7491 5349 11628 837 2658
5159 9161 28786 3065 6221
25574 31207 1575 19027 2040
31416 23459 1212 8215 23429
1842 6979 726 10872 31600
20275 12774 12858 1195 27902
3683 31002 5437 7407 24250
28434 32727 18605 26027 11618
679 26021 647 20350 24114
23494 1259 28164 5517 1318
2231 17982 968 28799 25416
25690 17326 5599 10419 1585
29343 12630 20796 86 7638
22683 21110 163 5580 24178
15728 7919 4670 1054 20865
15320 124 31129 790 27222
23144 21082 1123 1631 18196
31909 32283 3292 92 31494
8075 2176 1058 2027 2549
4316 15952 4442 12405 19244
6826 6900 21737 643 889
28220 8445 18511 134 18058
15798 14016 6291 179 568
26603 28735 616 1076 26854
23919 30435 830 9329 15549
16046 18775 255 1237 9177
32692 25641 13278 2868 14529
23003 23475 409 29194 3320
3147 5479 4303 335 21204
23582 7741 21807 30 30958
18105 18266 2891 1191 17656
5173 3037 1862 729 18405
11675 3871 3580 214 3305
21892 3025 574 3624 11080
9728 16768 1590 994 13089
4258 12310 25998 217 22093
2082 1387 1189 3748 21203
1753 30616 345 1097 15955
12641 17160 2685 214 12753
25327 30408 3178 48 20044
2703 10374 1258 5841 19990
32163 18082 30108 4223 14168

37
18337 10832 14972 21379 5436
137 14486 7678 4618 8778
12194 32066 4792 16831 26403
7555 3310 13432 5163 2829
23710 1173 4383 3041 29032
30676 2990 18304 1050 15242
11854 24877 1175 6905 30691
9967 17812 3236 679 25207
7371 30796 1098 17979 19032
13443 18219 1322 11384 2332
28046 535 6352 150 2723
29608 9397 22292 1234 11443
8266 20647 917 7334 528
9508 9400 372 3849 6239
21612 5511 23251 2121 579
10193 29099 940 5417 1953
5116 2601 2335 9784 1457
12892 8477 15168 851 19095
2270 32751 3760 13444 752
10836 25286 75 473 8908
2681 7321 36 1580 9930
16555 18953 128 219 569
995 5172 551 2187 15834
51 20348 84 31711 24699
29323 32405 32119 20159 3151
17249 32018 13 6567 3372
2305 12313 2732 145 28281
783 26526 338 6721 10432
12297 1051 6329 2065 21342
31099 1502 1459 1197 1023
15265 10778 2353 6363 7614
8823 17988 566 1733 1175
10486 13807 826 1828 7864
9450 269 979 740 18612
29070 4665 14518 496 11680
1335 20629 5016 10598 8426
11790 28668 4 15139 16916

30
26327 12449 30707 13600 156
8145 23852 13403 8314 26824
4041 32351 21312 31456 14503
11021 13208 4595 2397 15452
7000 980 29147 7173 16570
11877 11785 11972 462 19568
21742 28186 7583 2529 20695
31692 31218 23952 12602 12444
1775 32411 2220 17068 18881
3355 12994 4422 3713 30442
748 22820 2774 3871 21206
628 1829 5971 4411 21663
26056 32701 1566 14892 15525
3457 8802 286 3905 7813
22414 24107 1638 558 30556
22814 10760 9500 860 28504
26927 9602 9812 175 8342
5526 18184 2341 3941 26385
21864 13219 506 8274 7139
3807 9782 7580 668 10167
7992 15890 12979 1839 16593
23119 12608 2577 5019 29752
978 116 15936 696 12525
21246 21862 4438 1979 2782
10043 17751 1022 3845 9001
6120 22232 1586 81 21340
30407 28829 29020 649 14899
13631 18266 6758 5275 23969
25393 24516 516 1100 28553
11656 9965 14450 502 1439

16
31016 27357 31763 32031 25827
4623 11665 16558 10841 18558
31857 1326 2090 12555 17562
4573 24984 10370 3172 26121
1880 3320 28552 5628 32491
26815 18182 7229 7779 23739
2095 17678 1167 6111 3049
18136 28442 5042 1153 12866
8498 31894 1072 23685 4299
22435 30044 1591 20357 4654
6377 30979 14630 24 23335
10872 9028 10538 260 19842
26259 29275 1518 4066 10158
4345 161 27564 500 26770
2450 29970 760 28744 2750
12460 31494 506 14530 30827

73
14576 31213 8970 19878 23915
15100 2204 1519 20431 3924
20529 20347 7594 1067 32240
30452 14474 18214 9130 11722
31870 1983 13274 8483 13036
835 30280 5582 4208 3100
28979 29797 9568 24298 6216
7674 923 1658 8524 27252
9620 7352 1983 8837 5905
7261 2846 93 30985 28413
16656 18907 10886 209 6329
25257 26022 16279 2489 24928
17958 26131 3184 3169 25380
28316 10837 14524 1605 15134
17869 8655 10230 4396 17403
2589 4353 1068 9369 24885
11065 23307 234 13563 5803
27500 341 10270 1257 6913
7579 24755 484 785 9408
14021 4526 873 9090 11594
14252 27656 94 24331 8232
29906 24706 2906 79 17253
4857 3167 2160 19488 18263
23698 31094 2118 2323 9700
3451 20262 117 7491 14741
12458 23378 17266 955 1555
15701 1143 10622 87 19058
1636 8689 472 5294 9727
17439 5759 9527 2235 2968
11649 18414 187 15626 5927
27870 14777 465 1029 31398
12351 29394 1481 32641 29298
23292 2840 765 1873 26683
30904 2668 328 1529 13451
23565 24863 10517 225 2790
21277 24341 2259 2969 2169
9084 26833 1280 27928 15187
12807 18101 872 3020 27418
8924 17857 79 6881 4266
31465 25219 3973 66 7474
17313 14199 4773 760 31383
18587 15067 9217 1227 14822
7776 26995 1008 28552 12548
22820 5277 2361 198 26194
11699 4053 1596 12500 6931
273 6008 321 17563 8542
205 294 23218 375 26969
20210 3483 2677 1364 11423
9599 23589 1328 2889 31934
20433 16908 6 966 3179
2342 18959 787 1022 24522
19680 1497 4818 870 28065
11966 1067 185 324 5873
4178 6553 98 14104 14581
20671 22222 7048 665 16345
31430 28898 9400 290 5328
30512 13572 5313 527 19457
26059 32300 1784 7290 6960
28133 7111 2671 825 394
1801 25557 444 4435 21529
16967 3464 1481 1898 6662
17081 22733 1794 3 19283
22573 8516 7933 137 23215
6579 26199 419 5767 9267
10604 32049 71 4419 3913
1164 4287 451 6028 24230
26411 3728 1587 964 5081
13032 753 1269 3004 26463
16764 21036 2274 930 27436
20902 16368 5762 231 16411
20062 22084 5711 102 28461
5306 23039 1349 2407 17812
27845 25288 14600 286 11597

4
12189 16010 14787 16461 13183
14119 32612 11323 22397 14613
2598 1140 21197 13029 26722
5421 14425 2211 27529 1017

92
21031 25442 18814 11123 25509
4106 32351 16775 21381 14682
19713 3565 20057 19958 27951
8795 18349 3784 12913 16888
3761 7362 1812 20863 16714
740 24636 639 23427 1282
4493 2273 13440 1090 18128
15051 16387 2865 3544 15171
13493 22067 3173 4158 28181
21162 784 4251 1589 7011
6012 22847 961 8395 28714
8653 10904 7607 3141 22408
12151 31713 550 185 5383
18400 12781 1199 9116 25451
1519 5324 874 13797 29599
23678 2958 21253 475 7193
32469 844 21075 2022 5988
4665 4288 1221 2839 32114
19263 23910 13405 1442 21510
9983 15376 1218 2285 16342
1536 20800 280 26802 2225
7426 7081 1166 834 25386
10999 1009 6927 66 24313
12685 27248 6892 61 4976
8291 4408 8445 528 18460
8519 9795 643 1044 29857
328 13261 980 10922 18525
2829 32132 1160 5685 26419
17776 8172 1361 1477 1267
25801 162 3292 73 30563
13470 5648 57 1008 10535
6601 8229 1371 6666 18292
11915 5202 227 4336 4407
29942 41 11208 499 29263
2189 25216 151 5811 26279
6018 14801 446 728 1176
5697 3495 15381 24 24219
16485 10225 744 2850 32069
7511 21300 196 204 17402
360 24406 234 27137 1398
4767 1878 10264 140 24752
13197 31859 6054 397 31177
2545 3072 334 2590 25588
18620 5605 1087 1315 30289
6363 4936 1759 180 24031
3535 8244 152 18084 29961
27785 2334 1749 60 13714
7133 20826 277 6076 24305
7797 15058 3514 53 32157
8504 8924 1547 474 17734
7179 20354 378 295 4438
17318 25334 414 1362 6879
7676 18134 50 594 21385
13521 20203 3656 227 18928
13146 29662 7360 188 7951
16137 27054 766 6 12279
2299 22026 680 2268 15302
14076 423 4886 358 10703
131 30701 155 11521 23283
355 11441 98 1713 10517
11752 17293 3056 893 9381
12883 26500 3024 576 10279
10480 6691 178 3323 7408
18371 30039 1330 1486 17823
8597 15906 264 1184 4908
11548 16659 41 1509 20462
1067 1380 10126 66 26238
2354 24984 214 7034 19813
6247 16861 621 2905 19571
12867 7705 3026 551 10012
17982 1794 1703 1174 3105
14040 8331 3100 476 8180
21315 21 4403 331 18460
27106 1633 309 1141 12657
7707 20271 77 7378 210
3121 14321 235 11904 1191
12602 9120 3166 1025 29296
17285 21087 225 3930 21608
6070 31777 4013 396 6552
6797 31390 1183 301 12348
13944 20996 27 84 31262
24796 366 3867 156 25198
3687 3836 146 1986 31884
12831 20531 2924 214 13573
7936 21005 612 9303 14148
11817 6622 23 3282 13850
947 10834 81 2289 22191
2204 156 4815 1037 13694
20127 23538 24809 222 13152
14801 5543 1775 1580 10988
22571 591 13510 108 21321
2992 4357 12 7893 1035

59
30548 17219 12083 20376 1913
921 5921 11077 3926 7065
4653 17807 9398 23308 15768
16005 24488 2208 10754 27818
32054 6966 1727 5690 18808
15086 2548 17249 1041 6600
18278 6154 6949 8490 21965
12393 4628 4621 166 4345
22275 31010 4077 8968 13942
24929 3966 19865 1128 27977
846 29043 3126 10244 32070
5671 11264 12054 1122 9092
32079 13630 9431 1487 12753
14352 23956 1196 13288 13914
14595 16885 28592 256 24824
26971 5704 17634 1056 25520
20814 21955 667 12311 9092
27224 20025 2460 6284 1506
17527 20140 2449 2944 28746
21629 1778 20025 414 7220
1249 11996 1523 15300 31363
21690 19680 1790 7202 20655
7028 13293 131 629 2163
6063 2056 14932 285 7338
26766 31399 3566 12882 14760
20389 673 17923 716 9176
13932 13547 118 4078 30126
17801 4360 113 244 1510
14580 6687 919 758 27001
19099 26668 904 27509 797
499 4771 31 31091 9936
18386 25846 515 6948 21973
28410 8878 1723 3332 4877
25569 15279 11428 85 8837
28639 26456 1058 3669 20344
24236 25543 2482 3305 9806
7220 4836 12141 1012 17450
4047 1203 1675 428 26561
1156 9942 15 4929 7877
12515 13026 4527 341 7918
16874 15525 20353 438 3813
18440 6029 7777 44 13477
3452 13894 1637 1858 32491
10854 17713 4585 42 29977
8996 3180 2616 1563 3082
30105 13501 3156 57 18305
20086 23455 664 7871 25026
24849 345 11070 7 29233
26809 30916 2659 178 2802
9242 1449 25448 20 4296
19599 19514 2055 227 15224
15952 19915 791 933 32148
2893 20059 1279 1182 29262
14811 5855 909 709 1026
3884 3057 1799 2825 739
11439 14701 2468 2715 29707
3538 16758 69 1875 30120
26079 24467 507 362 20380
12165 8659 2278 489 5023

48
16270 13353 14445 13844 19385
776 16728 10470 46 12330
27439 27328 23211 26115 32224
9321 27988 12462 4411 8437
5300 377 25855 668 16423
711 2464 20536 1397 15200
32709 10076 15026 13710 27856
3974 11884 24456 507 7104
5838 29635 1811 2375 24114
6551 8630 30098 774 5759
1306 28181 3615 16703 16789
14125 12392 17989 306 5967
31852 24358 25317 980 19628
25916 2565 21214 169 5234
29383 5323 2386 1528 901
10350 20371 3049 4870 5379
26304 1914 5608 249 1063
2500 17450 4167 7097 17651
9211 20427 942 3905 20292
10851 32604 9561 28442 8028
11170 7190 512 988 5934
4644 4881 14271 1030 7721
3242 27307 22303 77 29528
1673 13467 4753 606 3927
26760 1174 13721 444 29630
12038 16154 102 1368 943
11304 9516 2259 760 12719
31788 5263 8224 366 2804
10137 12566 1719 3966 30809
810 12585 2774 3 21074
23145 4613 3227 1352 15334
21223 12782 999 192 12829
26042 30069 383 15074 2212
32587 6264 6490 164 24417
4699 1352 17505 170 23427
6680 3911 7494 469 25333
963 15400 4766 255 20098
5620 29448 2 29597 29607
22275 29004 945 25783 1333
297 19157 232 6742 31816
17999 9845 12207 110 19609
3051 6593 3042 578 6599
6181 10729 19439 855 23138
7550 1654 2533 643 5654
7324 32014 690 6412 19362
29039 6972 5797 1130 31691
6958 10451 16212 47 10358
1516 25397 7533 1794 5691

71
5528 22982 17758 30495 28016
27691 32164 18476 13289 30247
32222 15626 13360 6700 2465
3483 14266 7483 3918 9921
7446 7597 1233 2137 14293
24009 402 27046 8398 12316
3849 18887 364 31633 24533
23296 12911 7232 15711 29051
1585 8985 791 28591 12830
14980 1433 971 278 7939
7092 13147 4021 612 32271
16682 11399 5440 5465 30261
19892 52 14063 125 4425
31351 23301 8044 1903 14707
2466 2483 50 6804 27643
10532 10090 30170 685 14331
13337 6561 10543 260 20786
31253 26105 1781 1598 28954
31330 28833 7759 3122 9526
24195 28854 2835 26510 13338
1438 16959 12 4484 19123
3707 10095 1500 485 20044
22124 17979 452 4281 14302
9549 1795 2987 4295 22247
5023 24287 83 20493 19344
15557 12405 809 1203 19031
17533 20201 4350 416 14916
2772 3894 703 20103 16056
29454 11740 24866 881 29331
13382 14805 2004 764 7816
14035 9180 11461 751 19183
30790 14092 543 5540 7179
5530 2730 1715 736 30637
51 6344 793 26601 20065
15189 3305 7300 1823 18363
12842 21018 6763 1349 1220
2399 28618 624 2299 18770
953 29328 421 24009 6305
1380 475 739 2228 22519
7281 20264 3869 1312 1761
5342 21851 4955 1058 30187
947 9847 70 12660 4939
2436 9332 155 18357 30828
4235 32764 445 6251 7168
2611 657 16739 281 12708
6632 2071 2260 241 21773
24880 11029 20780 130 18140
6680 18242 6351 630 11851
4159 13683 319 334 21944
30558 16867 25 7064 30825
9660 6937 1955 2839 22705
28782 8999 11472 583 25281
6889 8497 85 3236 11122
4448 19213 627 4268 25524
4825 30127 177 31178 25103
11890 6257 8532 119 19029
5807 7098 97 4551 3957
20632 22532 829 202 32617
23848 30960 189 19229 11542
31336 13273 31091 80 7274
25305 11223 29802 510 28044
12973 3234 1607 124 9053
8580 19097 5404 316 17170
32217 15080 2994 161 11867
12894 11695 3724 500 31349
4908 346 1694 157 18865
31731 13790 31894 1012 28798
5294 12581 2046 297 21813
4093 3710 4714 2444 22504
29583 29878 1099 98 8135
31444 17746 517 4113 3951

49
18621 5606 5180 13558 22533
5584 892 12671 15823 9095
28943 24783 9202 16466 8969
27007 5308 29731 199 12231
6278 28405 17138 16850 4766
26240 11221 13069 11246 6430
24257 1919 6074 2072 21118
183 25581 2219 31492 24368
24755 8043 6364 875 6154
17633 22612 10870 5004 27403
1887 18431 1896 1218 23460
5997 17337 10992 1765 31850
4708 22918 12267 5452 10150
4145 23962 215 19042 4842
629 3455 816 6883 29156
23443 31932 247 3410 27785
309 15493 447 5119 8485
32570 23926 30008 196 26395
2872 24171 1239 22134 25634
26728 6316 31067 1291 4652
2700 1946 2565 8755 5834
3973 20799 1408 36 32494
30442 1040 32204 447 25695
25821 32058 60 19415 76
236 22236 10080 457 1504
26768 31982 1678 14065 6576
1964 20882 19809 1122 31560
18987 3019 2337 814 21713
4692 13363 785 6776 9195
26007 9477 22060 80 25928
1032 10962 2548 7106 7083
23052 570 17584 183 25880
31740 1780 13283 1029 3455
2462 24867 290 6573 25059
31293 3745 17856 815 9072
24584 11558 720 10548 25747
18389 3011 186 3775 20579
30928 4719 8795 369 2067
24219 5842 11016 134 12186
24727 9118 14209 285 32750
4839 31103 1428 25966 11910
23762 31510 1073 15132 26071
26780 204 5695 13 14241
32357 10324 13186 306 27622
22992 5226 169 58 11085
28776 24235 29527 293 30137
18268 11753 215 126 13225
105 2093 509 11432 16899
18995 4157 11682 476 20254

6
8276 30848 3650 1945 27504
4425 10452 3932 15096 9852
13587 338 12859 9602 9433
32623 29476 23912 2083 24139
24571 30946 5364 2652 4992
21050 15768 9470 11841 24646

84
24 25681 17215 12826 30535
19057 26743 1749 2649 19496
24186 1533 11261 468 4221
11932 8782 949 15412 1549
29234 9635 25828 5845 31897
28278 5035 18978 4522 8885
20622 9814 5472 7119 24527
25753 17203 27238 13885 12053
7391 13924 1576 9936 9775
30459 31725 15459 10315 19241
3987 3039 10403 5007 27794
49 10397 5551 5479 5028
16364 4980 4388 234 16901
28924 2869 22076 1282 29270
16477 10106 2566 6248 4641
22562 21184 149 23358 10045
5072 18690 2236 3469 19784
22848 22445 185 14030 26191
21608 31986 850 13290 19433
13220 18022 7137 3166 22925
21121 2616 1917 7009 4556
26627 4244 12179 559 20099
24995 5811 1375 1272 965
23094 30433 2007 4672 9363
11431 762 31786 716 9280
25258 216 8396 99 22135
9353 15448 552 6957 6706
18277 32157 2400 2755 18624
17921 28122 85 11075 16906
14166 24148 8077 374 21105
15171 11497 646 4848 15135
25199 20650 22 16874 4306
24587 17323 516 4094 15604
1282 8523 4357 772 31926
16696 21942 3404 903 5456
25715 31398 1275 12773 28507
17656 17107 2346 355 22060
29155 16259 28650 331 23065
1892 5369 831 2894 29360
1082 17010 1028 3601 31060
19433 29463 1611 2209 2878
4085 1488 586 1515 5707
3531 18368 280 5849 27111
26643 2105 11295 279 5925
16878 2682 2445 354 32040
13390 21436 257 1076 4231
5508 22745 1803 784 28068
25157 24798 41 20532 6329
23734 22584 322 1503 16778
27681 32191 2293 11025 11695
5997 8457 430 8900 1051
8229 11651 1351 1553 5218
9602 24541 9640 612 31686
10152 11377 1546 4436 30564
13395 10280 2872 78 30825
2643 19307 714 553 4935
26378 16068 1066 1066 12740
4059 23828 974 1758 28834
20517 18903 786 3356 5059
24116 7967 3019 1133 14280
11743 400 21071 200 18092
6525 10414 444 7203 28650
693 21894 2101 3637 959
3408 24661 518 929 26106
24492 3078 3868 670 12855
18026 22997 3627 21 11654
11942 2135 6131 515 27739
25361 31609 136 10490 24951
1577 1577 322 3678 23747
27789 10254 928 6490 9930
24510 23088 39 2255 4063
20458 1787 3452 722 9331
3555 329 353 41 7379
14460 7699 3528 2346 29617
16303 14295 132 1660 14924
31050 15718 10008 481 15386
5677 14537 254 2416 14682
12246 1756 2759 130 1422
13888 12778 1015 1568 105
20198 4 2351 268 25733
18200 7214 1192 1017 19450
32323 31198 30776 214 5736
10043 16322 1790 2754 3899
9615 216 4357 82 281

91
13949 486 31148 27851 2760
28311 30170 23390 6169 15493
6165 24792 4715 16274 554
919 15642 5354 5983 28035
19464 32452 5016 4729 20591
1734 21652 3575 17948 19123
136 7388 10882 3610 24681
11109 6601 500 18653 27029
8448 12650 2558 6967 11612
11936 5039 895 2181 10174
15444 28710 4940 1979 957
13425 31887 5391 32178 24399
23696 28389 3194 176 7450
800 32422 851 22658 5246
13699 4024 189 4719 17416
5210 4451 4800 687 32383
7352 19683 1719 1644 6959
918 1854 3193 4512 13139
13160 17902 98 22242 28154
27990 29776 278 20503 13255
28767 28662 30739 1219 651
5537 2535 531 70 24696
12131 13804 167 12577 10915
12334 10030 1013 3073 11691
11088 31961 704 4410 5676
6518 15195 1043 4004 10484
12481 29631 630 13992 702
25275 32581 1287 8974 14022
7961 22965 1060 835 8978
17255 31008 7335 557 18106
11526 1020 1258 3804 12357
4283 5292 5021 1005 838
6578 1310 2721 1712 237
5075 84 27462 190 18014
102 12808 203 19835 20660
27396 29853 296 1523 17664
1013 11492 5424 182 10201
25026 29326 1646 2037 23580
351 12527 5 22500 9619
9248 19796 862 4285 19674
12558 13498 520 6106 2341
460 12410 81 22040 14865
1398 12048 2246 3401 19263
2113 642 9141 614 2272
184 1130 453 3028 21751
5154 11710 2947 3093 12207
13554 14560 246 2179 31
14536 29274 690 370 263
12054 31911 298 32489 11014
5838 24771 216 17007 1303
13364 26540 9 30032 5713
6441 23471 509 416 13954
600 22508 217 6535 9169
27193 30213 134 15107 4731
6394 1748 39 2621 3514
5340 25187 408 17484 13356
21128 28599 2865 1244 1023
361 25065 93 26968 5331
12206 28637 506 213 7451
27408 31856 52 31215 14237
13374 1155 211 8823 8193
806 6760 2022 338 31817
12428 23553 212 3062 28722
30888 29960 11493 195 19319
10089 2046 916 1603 30096
11007 29114 54 23783 24022
60 12680 28 9644 5893
26779 30803 39 11238 26215
27501 31979 175 24281 4464
4119 2155 324 1323 12877
19033 32644 110 6174 20149
11834 11370 118 4846 97
3842 614 5926 16 13312
21748 31587 3101 10 23393
11689 18630 196 8637 29993
13760 23463 158 2787 2317
1018 25727 432 4690 31356
6937 7253 2202 80 32330
4746 1521 443 465 1762
7032 22684 1130 134 21006
24723 31720 972 810 4572
9371 5693 1318 811 9802
6535 21698 1912 342 24626
13335 5819 26 333 12850
5772 23516 64 4877 1003
9380 11990 668 229 26409
13913 29900 649 640 14789
27789 32375 137 6163 26785
4829 3982 124 158 12197
12968 1008 260 6966 11205
11968 7251 107 14237 27078

92
12148 16170 6247 8192 2553
22962 20932 17223 29508 24748
12267 29596 697 3720 10393
18982 4712 21253 14389 31232
6078 26108 4245 3710 8854
817 31564 9017 4645 2809
22906 2803 27657 629 921
7478 3809 26 16120 23345
2747 879 1928 25612 14791
19930 21771 1309 2603 18593
18961 27016 2657 6087 5810
19039 383 10005 1574 10091
10593 28345 1161 12997 13690
16622 25148 1059 2989 28991
7135 920 9453 2143 21733
14237 30125 2660 508 21162
18790 15700 95 11631 2971
140 4258 1889 5138 10597
10980 4722 7691 8162 10787
30185 104 6469 2130 9771
504 14778 277 4306 23327
8203 4504 469 6561 13089
3473 29234 1262 79 21279
8211 19853 2220 2140 17169
13651 32327 3988 26850 71
198 19721 1993 11099 28126
29202 4045 25068 649 20720
4754 108 1914 8747 7547
29001 20591 23403 282 15446
1182 16098 160 565 8124
17875 30094 236 6869 13826
4849 30000 5627 1263 3143
24567 19853 9749 656 7447
11867 13813 171 3054 14368
22204 27854 26 17886 13574
16942 1485 103 2854 23151
13009 24966 1641 1901 27978
5348 24139 5283 1704 19294
21762 31431 185 13714 32171
21903 19677 1838 1081 8976
13164 13851 5502 947 3051
21241 19129 18277 523 27337
7580 164 3334 99 29170
32189 3473 25162 111 5697
7931 12592 2709 4747 12710
177 32441 454 9760 443
12005 29077 256 28797 7226
6221 18086 765 1984 23635
5074 10957 138 1717 6076
6502 22024 934 1259 1196
10668 16202 173 3648 9981
22443 24641 432 12604 22208
2534 26658 723 1535 26737
13259 31202 268 19373 17948
9178 11923 1489 136 6910
22082 28071 74 14876 740
7145 14437 53 47 11378
16757 31908 704 229 28343
2233 9351 223 6337 21959
18439 28606 342 30858 31848
7611 17605 49 257 22342
5190 13368 860 8881 4451
7736 20315 288 3512 28139
11858 28505 1932 333 4205
25362 3585 3325 1118 9773
9395 6306 1055 2367 2764
20719 21405 2114 313 10966
18529 19869 51 4801 18583
11191 17181 685 7656 15584
13233 30164 124 255 8945
10617 27537 3119 148 16345
8184 22043 1304 1123 8306
32087 2244 12736 435 27417
6096 11561 484 3855 10345
8845 4332 1597 106 28979
14574 32158 2885 26 30063
1095 10383 625 5576 22843
20263 25511 2000 1093 27207
58 9600 200 9365 4976
7158 3946 246 2699 19792
16505 24649 1378 363 8325
3589 27479 719 77 1431
5980 29901 2671 23 31264
29236 3659 22527 236 5175
10033 31411 44 4529 20864
1120 3471 10 437 10194
18161 2032 2113 2642 21568
12612 3070 3157 364 2239
23182 19660 12737 6 19768
19014 24831 392 2115 14268
4702 9504 2021 1255 31394
10794 21042 114 1178 1431

96
2536 23209 20316 16592 12412
31844 18128 7607 1136 9254
18130 8467 13426 6437 16136
26058 31926 17557 22915 24010
9650 20431 1819 449 11230
11340 2021 4834 15167 15897
28931 21722 8416 8224 23191
21669 3437 27515 1806 26195
2234 6975 2983 12855 18465
32653 11866 23947 1307 30511
29295 19562 9128 1165 11117
7840 2238 2725 8094 15957
15798 19264 10244 3135 4073
28992 338 24124 204 2848
25870 234 720 3040 22232
1218 26979 359 15315 18577
25789 6031 16523 1388 10935
5578 9941 1403 4135 10362
29667 19000 684 356 15792
22251 7713 9481 168 19194
24140 27436 1462 29518 12496
1573 256 464 21801 7149
32419 1325 10876 256 5778
31299 16895 7474 1175 29407
32587 7724 201 931 431
27791 22475 569 7355 9540
16604 17659 12905 750 29801
17718 11540 282 3736 1055
702 15123 691 2280 4671
25477 14995 26989 1284 11580
8349 322 2195 1680 25019
23062 31550 888 1830 18614
18635 3138 2613 4614 9603
11592 18434 85 1160 23648
2185 2334 101 1581 28139
18504 2082 1222 55 2042
29955 30153 6436 123 20210
8701 12071 2171 2871 25419
22048 6119 207 1102 9307
11192 1397 7008 39 28271
6 32388 492 15486 14871
6729 16656 68 386 29932
19324 15264 906 1661 17025
32754 8778 7479 771 6293
1620 28055 537 22942 30751
394 24398 1300 446 58
13320 17986 1282 4969 18288
5234 18599 246 3058 30514
26396 21523 381 6910 11564
28515 16420 2737 721 10379
3899 2047 2965 2784 13257
26330 30420 3686 866 31429
21147 2876 1820 157 29030
113 1788 397 4083 12390
31729 13676 26755 1240 21115
5625 7874 551 812 20784
29701 660 786 2181 281
24387 18510 3464 60 22187
12057 97 4657 182 27252
76 8931 550 7414 14763
30764 30921 7141 360 27472
6671 5075 298 1260 17219
31166 2196 24754 357 16212
7617 14905 235 5814 7453
30014 5509 31000 471 2854
2319 26445 37 19287 22333
16440 5868 323 10773 7819
12037 19525 783 2566 11856
31525 1618 12686 191 15090
22016 588 2380 656 5670
458 6823 1037 470 6335
8771 15221 1402 4749 26145
7574 10688 2658 719 3451
5826 17166 626 5983 16250
824 24980 236 31883 8680
26039 25168 75 2805 7513
29744 31425 8718 88 6487
6057 14121 418 1913 26017
28467 18898 284 6326 8368
2609 4941 179 962 10371
23825 24683 1052 1340 7407
17337 6949 1022 269 5184
26811 3315 3553 11 20894
26528 18572 2305 166 1689
7393 3632 172 5484 5183
12007 1868 4961 138 20806
31815 3344 8477 44 1549
31749 7723 661 3059 18037
22651 1909 1948 919 28484
12618 17448 3712 213 26412
16773 9215 1156 2250 4458
1398 13074 165 10792 30363
246 18612 745 1836 27698
32713 11178 9568 228 4691
8324 14151 245 6969 17143
20388 15903 1312 1206 9302

29
3700 17543 27836 4934 1755
26738 30942 10612 11729 27469
29371 3483 15762 13077 27846
10730 8733 11246 5674 25498
11601 30406 12427 25348 1457
24381 7968 1906 3966 18815
24526 23610 3981 1409 5841
4912 23684 1168 13634 18905
19934 17092 17424 164 10288
15100 22872 1815 404 27741
23565 25105 11422 1948 5478
31561 29387 31092 1307 3510
28033 4792 219 6283 30947
24677 28010 1378 273 305
24568 13421 1540 2440 9874
17895 2692 9739 5261 20018
1320 6461 6436 3945 2912
7495 26113 5524 2955 30146
5172 14634 3365 1806 15480
31718 846 16238 249 21443
3053 11112 7648 881 19655
6982 5 31045 508 2469
26003 1946 30059 441 10048
636 29248 2925 12204 14348
13571 27127 31892 192 3810
371 22237 1950 4429 21400
24267 23282 5886 131 7526
433 11584 2410 7707 21356
14608 1082 2519 5856 23706

80
14810 23921 1874 12143 23239
28389 11404 4160 12060 21705
20458 18756 5477 15845 15723
13502 2629 16289 1126 13178
30298 6162 2451 2751 14619
16715 7829 3479 3931 13155
5203 22116 2118 23182 31581
425 14881 1572 8394 30714
22452 9167 11818 8 16589
17000 23275 2169 572 5788
11814 19017 1307 1187 7427
17526 11897 7352 1174 20187
7859 4876 3603 10362 15297
754 2238 2084 8580 28892
14568 15254 4160 2773 17736
29160 25727 26857 6477 6310
18330 31452 1432 12683 23596
8782 24762 3690 4782 17752
1475 24619 2438 20588 11464
9578 98 2628 3439 3565
13388 5487 1938 7024 24629
28224 29410 702 3856 14041
22606 9824 23862 767 27254
11653 12610 864 2295 2185
19110 15999 8391 2155 3641
26162 28182 785 10016 5923
3430 17878 4300 1992 15653
10316 30352 2126 6757 5981
12693 1496 22203 319 22428
22169 15314 3260 622 26997
14677 21796 4514 217 2000
12378 3474 642 2005 28070
25873 4138 1540 4856 25793
13287 32115 693 6511 15665
4026 20598 7273 398 23766
14098 18468 3434 726 1740
32237 2436 6280 149 18900
28837 6381 831 1721 12583
27647 16752 524 2332 13876
2966 15238 210 7943 29131
19019 919 12217 492 11132
6749 1071 300 8969 23143
17236 25547 3199 5510 19641
32649 18149 15721 4105 25039
32587 15349 30210 108 23917
21244 4529 3547 2926 11183
29294 4187 26122 1227 32395
4197 10028 56 2080 13745
29148 23520 1359 961 17563
32566 32713 26926 20177 20191
12637 14463 1708 24 31721
26886 19497 1237 7876 1683
12746 29218 704 931 12722
4280 3469 447 9539 14811
20240 8354 2622 610 19266
30586 25207 12099 133 765
816 25100 260 28646 1171
7563 1326 1708 175 24606
5813 5190 728 1094 20416
5219 7731 1326 8682 31193
16430 12170 714 1214 11449
17416 5913 1922 1574 13456
16725 22595 17 12943 3664
12600 20411 105 18669 8745
7727 15835 1278 1102 29351
4844 30473 359 19679 16043
7632 30130 1822 22416 10312
2051 12595 9 7496 11644
29137 32220 648 2123 20765
22584 1825 22524 23 23917
25937 13734 2170 507 18220
4417 23548 648 2588 4966
16756 24509 71 25516 1250
14549 25367 1 29791 7012
15816 19531 494 1268 31174
15438 13638 4782 888 12361
6947 11490 308 767 28430
32566 13204 16504 1731 27697
15710 19793 35 1175 4524
17348 32426 34 25454 18403

21
15440 10529 20052 29305 1727
11938 3489 27394 2098 25427
461 32507 1297 9123 30815
3706 26193 1194 10991 7009
2365 6821 4390 806 27534
9660 6582 5 13588 4578
4287 15676 2805 2605 28050
5775 20497 4700 28215 25832
18770 2240 14491 264 30838
963 11168 1231 15265 29180
12193 5596 277 2143 28560
13971 17172 692 14680 1556
18117 6526 5191 2241 963
11794 9292 1134 20105 22503
3387 9317 167 25748 29921
15106 27146 251 30016 15764
7770 6398 787 13379 6681
27757 7859 14353 343 13211
32369 7093 19215 195 18639
459 617 19642 572 31115
5624 31363 12 26857 18714

65
2165 23983 28670 28810 16424
4569 9144 6887 3559 20075
31438 12103 30505 1422 9841
22370 16364 4285 6761 30391
27851 17607 15511 2695 8841
31994 6573 5373 1474 18053
16922 1720 6524 4805 22489
32162 22570 20636 1108 12916
32474 29005 27602 18390 19839
15232 13268 235 8222 29964
19680 14074 925 7626 11316
30683 147 24496 5502 32207
26247 740 1773 2465 18062
853 6728 2734 9905 9274
25660 9183 16423 2602 32317
31027 26545 17576 1113 4532
24453 8280 15743 154 31556
11569 4135 1146 1491 1282
29107 22071 295 1616 30363
3601 6325 5845 511 4303
15069 9506 8954 2986 8803
12732 1189 333 7772 29835
468 29212 745 4551 11983
29958 21709 9873 491 21016
21396 21977 188 307 31196
31629 14477 6534 475 28048
6901 22976 15150 677 22890
5492 18899 495 2144 7534
5774 12891 8389 3782 23795
6012 22160 14810 608 5588
3958 21576 15492 167 6891
26 9122 691 2357 18556
32126 28543 61 25974 19556
15946 12590 2350 4633 7108
28727 15057 2456 1585 14215
26134 12038 4832 639 7311
10625 17596 1907 710 1113
22119 8066 27020 207 27285
31331 15751 30931 312 8155
9384 8042 1571 299 9708
9674 1226 543 5523 27019
31191 30397 201 32668 3762
13586 992 438 5470 3866
20855 8554 3883 15 17947
7313 1795 605 4211 5424
31589 22562 463 1740 27838
22665 436 845 1059 14832
31883 13753 26127 672 8351
27349 4654 1530 320 3808
27311 20746 2517 340 17636
6778 19309 2724 1849 4471
29196 3332 1430 3424 30642
9132 1957 367 2017 10820
4138 3455 1945 301 25144
2411 2909 1401 1020 15328
31130 25972 17283 53 21107
155 21785 11694 300 4269
25709 2442 232 1312 7731
4455 17213 3260 1640 32095
17058 7698 3226 485 21775
25207 7885 5575 25 6614
4826 7581 2092 40 10413
4424 1411 3570 369 3073
11207 18753 2228 41 16398
27114 13977 1416 1712 21132

69
23556 21101 26882 3909 6181
7548 13505 9097 31256 2981
574 9767 2931 15529 18728
30050 30820 14807 18883 16931
8173 7538 6601 1346 9165
24056 1025 4730 10950 1641
30426 2220 8763 16172 26477
3456 32358 39 9143 3066
18526 5843 2251 3342 23345
528 3930 3775 2930 4771
21050 12672 2783 8157 10628
21895 810 1179 8742 24861
17102 29470 5621 28874 14896
24585 25847 5034 28231 3264
4155 15541 1717 3227 6317
28927 1513 672 17484 22851
7521 540 5768 2397 30916
16803 2185 1689 22607 29420
31081 25344 2597 3043 30806
6248 6303 1194 4265 31160
19754 21199 1410 5495 21657
4985 10716 1164 1379 20693
5070 22213 2457 4703 5882
4544 21087 211 20403 4813
31450 814 711 622 28560
335 29585 1147 27228 16332
13209 5021 2804 247 25671
22501 22294 680 6638 1496
6320 28501 87 2733 32519
1608 26987 703 1470 2623
29997 20288 19512 235 14448
23616 32596 706 25835 8648
25871 14231 2651 938 4316
2327 3216 794 454 28503
1642 32177 291 27946 28528
5653 28578 191 17745 23633
5484 32591 66 13378 23462
19843 12012 1031 8802 4414
6284 31685 135 31979 26099
18626 15384 632 3359 22275
4070 7324 1130 3299 14012
3182 30485 224 16304 605
4285 20037 129 23684 5832
2446 30040 249 31566 22033
6416 10825 9407 301 17889
19480 26750 519 2092 24752
7730 4806 1636 686 26322
29746 10855 632 5607 9635
16693 18049 84 21281 408
10020 3224 1382 237 30766
8384 9139 2986 1348 14374
15607 255 4393 729 25202
21676 851 71 7135 18990
29733 307 1942 440 27042
24605 17194 2904 1980 22770
6586 12601 3525 693 26905
32214 18849 753 602 15807
32626 19565 10166 93 25431
4239 12766 1015 265 12144
30171 30253 5490 97 10509
24033 12845 1038 4171 23399
25895 722 1323 128 2575
17673 27856 884 1361 8019
3540 1504 322 1787 26340
7761 3434 256 135 23626
4213 161 363 3152 68
85 10415 370 1504 32739
14590 3870 277 412 8814
19453 9317 133 1867 32761

71
12704 5885 2585 25307 12098
16183 1097 6383 10070 28488
30061 25279 3705 5996 25250
28543 23386 1694 1478 23847
1806 31692 22578 16271 20092
3158 4364 4347 13355 14872
24990 1308 12260 8625 8203
27434 13051 11500 9243 17400
30422 32462 15717 5522 19170
4543 25229 4358 2337 9138
17778 26124 108 3124 10707
15517 18472 4126 5226 24366
25736 31717 3166 19318 8215
8439 18770 3001 1803 11954
1050 13336 1450 17925 6324
24818 21934 2049 7012 3668
8368 5036 569 3201 9868
2932 2641 653 910 10976
16545 17377 4872 334 12281
23050 7389 62 22977 27825
24401 14019 1514 7408 31647
10476 23090 203 2804 11023
24372 26033 396 5181 3283
8112 15979 3380 670 5375
723 28029 143 2269 15192
29105 31621 2733 376 29122
25126 11536 14817 692 29330
20373 23813 1328 874 11258
30977 24647 18041 387 623
11801 12548 541 2868 7415
6447 19397 1693 1273 18735
26471 17501 38 1853 27474
1 308 14515 1890 2177
464 32595 98 17434 18743
10945 21409 339 1529 31432
4666 136 30365 80 21135
21506 31341 11845 36 23110
11864 5968 176 1897 23463
11579 22612 110 3167 6781
7785 9567 1306 4675 1834
23905 13035 320 8985 27126
22858 9383 65 7059 18861
10253 3021 824 4451 13391
17630 15101 1146 489 9113
13396 2491 545 1934 25115
3416 20779 4635 2944 1638
21889 472 3168 144 24925
9393 11904 748 1485 15281
31934 10277 1806 743 20942
1229 31651 325 20253 12744
10022 22846 266 4699 15228
19572 26712 2210 1812 31805
7822 2706 4059 305 21009
602 29271 86 5280 21599
20315 18322 1366 2878 25758
23131 4469 330 15313 20955
10483 27001 1304 1816 32046
18794 16603 412 653 19656
19046 11472 354 1834 18059
30001 22605 28879 701 6082
11579 29708 859 1437 7159
969 9450 701 723 24146
9173 23708 301 4028 29823
10370 8584 417 2185 9262
3673 2631 2147 522 7186
22713 18538 253 7877 5017
21988 24635 673 6494 21704
7131 29038 3458 1547 3223
23592 7565 338 1112 15801
12466 13361 193 15256 30831
336 7996 548 9305 6687

61
17232 25184 12966 25830 8859
7027 2384 10088 25348 18355
31441 24958 26230 4035 436
23265 15284 6850 5044 22142
30068 20994 439 3436 6396
25113 3139 23415 2934 20122
5657 31179 3029 3781 18816
32633 30589 22968 13023 19411
910 29245 3561 15530 16461
19219 8431 21859 417 7432
31711 12590 23655 9786 8061
11965 30018 2119 4080 6521
18114 18742 5136 657 14546
10 20957 3631 845 10085
15924 32407 169 30447 3097
19543 2890 2859 974 26051
4584 26514 335 2715 14113
4232 22422 2687 3258 23444
17301 21276 5264 2188 10810
32369 7422 25436 867 32342
25173 9285 26602 3277 27170
266 45 3381 3769 30855
10360 31249 502 28717 24584
30332 29344 1258 9246 17852
2822 13272 3344 3919 1037
382 6349 3915 5825 7932
23368 21794 5711 584 15569
5513 1271 9849 131 19685
3366 19708 2726 1239 15527
22225 158 8536 378 1039
32032 944 11158 2068 8503
24020 22524 3422 283 11237
21026 10118 1598 6496 11854
24103 9094 1062 5053 17792
25551 672 4191 1347 30242
17244 23707 5654 114 18860
18154 4093 1023 6135 13063
31779 29394 770 5994 26164
1735 22849 1379 5373 28191
4815 5080 323 1886 27181
17310 10433 2703 6450 23058
14994 30958 867 6490 26019
31106 7293 490 820 21650
20555 13577 386 2286 21840
15514 1711 339 432 32492
17641 2536 2453 2 22544
31950 168 1209 92 4577
292 26253 36 13659 12655
17283 4878 71 642 17870
10106 30742 37 20672 24905
581 18646 5220 749 30439
11457 32655 97 13928 15946
712 26713 653 744 17888
23026 10421 483 3494 11620
31693 23376 21535 282 23463
27493 20539 2533 854 18149
4183 1573 1768 2310 13484
5944 9404 327 2065 23395
7170 28744 7905 1164 25629
5090 27108 193 7083 28121
21119 16665 430 1585 9101

95
24478 11040 28110 10264 23658
5967 6847 262 5539 30181
21071 28511 18535 27989 27753
27808 2008 25560 6930 22309
4938 28531 6556 13792 19658
5465 4575 8976 2019 18985
16581 183 6782 20419 14810
24246 1013 2695 8083 790
15126 26242 563 18284 6224
11314 18418 3643 9843 13701
17043 31079 3041 26632 12160
880 24997 2200 28605 1089
32736 21342 9766 1912 21039
31274 24104 11200 3060 12119
16942 24129 7076 474 14987
579 18680 6940 791 31837
2343 24144 7150 375 13474
10835 8179 1275 9243 15421
22947 21662 7222 1927 31796
11680 30148 1429 30874 26256
9276 11197 1297 2432 27427
3435 6862 2300 5984 19869
10154 24696 126 1613 13227
24326 27320 19074 177 756
5223 23732 5217 273 28552
4011 32605 76 3551 29365
31442 9132 1149 1695 11878
11193 151 3186 2544 11510
12219 9482 1383 1252 16484
9610 18440 106 5152 3358
5647 18277 7583 112 31474
16407 28893 479 27595 611
3628 3250 274 1865 28942
1801 3568 1235 1170 653
344 9105 1439 3894 1369
16175 4217 254 14006 8803
2138 21449 4866 890 12189
21 12149 71 24620 15328
5622 1879 4007 589 25803
1021 13720 256 2702 17729
17960 25527 2969 4983 14783
13332 32735 982 18713 12361
9999 18606 717 1070 2754
3099 29551 615 7446 29428
5541 14692 3972 1218 19227
6367 22478 1833 914 16919
13818 14906 2193 952 14705
15011 17915 60 5007 20102
518 19704 179 19260 4132
19982 21574 1831 1818 16878
28446 831 4172 962 13497
5495 3552 6703 147 10147
12339 10938 81 3192 27633
3455 20067 1496 201 15607
16017 29834 260 14677 31829
331 4016 543 2217 30584
25786 24090 530 1870 32736
15256 9699 479 3458 31561
3960 25413 1904 2410 4219
27294 24225 1268 25 9410
1050 22864 254 814 865
4361 16695 5254 191 5266
3991 17875 947 712 3100
10501 6796 5525 976 28812
26568 27568 13424 182 31871
14990 24501 78 7817 29496
261 26287 182 12290 20138
1788 12290 64 5960 15829
14622 10994 446 2286 24403
2000 2826 10233 394 14124
27366 24529 3629 1389 23458
8730 7801 326 2899 26427
6772 17772 253 205 29184
23852 4512 251 11766 4689
30542 21768 647 628 5149
3348 1774 2075 276 1688
23750 19002 3 2347 16219
2257 22908 197 314 5723
3837 26720 24 3769 23845
27271 5611 273 4251 25660
10737 2345 56 156 9134
22230 26152 1502 679 27070
2465 16363 795 2192 18324
29976 10759 838 153 23005
15960 23388 836 4834 375
8100 26276 1644 745 2915
23384 24742 2303 407 13202
1899 13310 495 4304 24320
31495 647 32075 167 25934
23676 7515 77 2554 11224
2621 8843 772 4640 3370
1012 787 8355 726 18567
32583 22951 127 197 7544
15517 21209 90 426 4335
27430 27858 29953 528 17023

62
25051 22090 12213 19710 20343
6681 22588 8955 7285 10069
14533 8117 13005 2113 26722
16501 16647 3678 15586 8876
29640 12809 22011 9074 20184
10102 31954 3170 25403 28870
12832 16951 2474 2589 2704
30937 3231 474 496 19977
416 26729 5074 1273 24399
28357 11061 32077 315 5509
21975 31208 2963 21740 22023
5523 5000 395 656 22088
8772 1215 14109 6407 13550
31144 8118 1441 1745 30942
7342 7974 5914 1816 28095
3208 3838 1210 5274 6261
3195 29893 5468 1124 27983
754 13539 12615 1892 23905
30337 4912 26090 2909 14929
19042 10546 6424 5077 13821
859 32495 9114 26646 22810
7062 12412 842 720 22304
4065 1034 85 2446 6726
26739 18443 1691 3478 24722
20766 27740 720 20766 4774
27037 5155 973 205 6333
27099 668 2987 3261 12853
5386 17280 4083 72 22188
310 27673 62 7377 30144
30143 391 25877 1067 28247
14202 31624 392 30524 17529
22050 15739 517 661 7312
1127 2829 854 9979 17147
2180 9816 4966 1676 5210
6305 15821 5647 553 15019
15702 19704 289 1511 29826
12854 10725 3156 127 10693
10410 247 37 265 32513
1210 29785 937 90 31443
29091 11445 303 10332 25589
24104 5748 6132 570 27969
9906 18073 2507 1837 27410
19799 32704 692 11388 21416
25544 14977 892 5447 23847
21688 17024 253 10873 18908
1352 28244 5028 1031 19672
15540 32679 974 26248 11832
21766 31371 173 31716 19542
13730 12231 1069 3751 10147
220 10757 56 7818 24327
1981 22028 1705 1577 26578
4390 22595 1728 2943 14735
9619 17836 250 3573 13633
15317 14099 1783 2338 18702
3464 11915 2193 833 31000
10013 16480 12621 87 26104
23432 20315 463 4123 17900
24246 27478 414 2168 23619
6868 509 341 4162 31311
2061 18407 1502 729 6389
24138 22795 426 339 2358
15174 12494 3641 31 32619

22
2192 10858 17117 11307 4672
27063 3730 25259 16018 442
21851 24089 26666 3976 29032
2511 29878 3350 6252 6655
1971 4025 19187 2902 28711
6960 27475 11812 5941 9701
20767 30569 8797 2749 3541
22978 20841 24036 3028 16081
27255 28559 2906 368 8889
10308 23328 2038 801 22219
19405 7811 1847 12040 17533
22862 5045 1835 9843 30350
27544 20187 18075 177 7325
24915 6233 1368 8469 6876
30454 31958 22011 10735 28889
900 24921 139 15894 9346
31547 28133 10984 3529 19604
18206 185 23841 3179 20601
1851 14710 35 21109 27938
21869 11013 2 6703 28908
6251 22497 557 15023 22180
1260 24881 132 23701 22267

21
229 4620 19453 31470 10498
28584 17822 31322 15037 5762
22749 14348 5333 25133 5889
30918 6738 20263 6768 6315
29239 374 26577 3241 6611
23814 1266 1308 9024 6555
31484 3963 1961 1743 30780
20673 21745 2013 9685 2085
25252 4896 913 6790 4864
8653 1952 14679 976 10747
6269 148 10941 230 19627
1448 1340 7242 433 19959
27071 3045 769 8945 6534
5928 1991 2725 847 22323
21849 9761 306 5551 32091
19602 155 22 461 17248
28543 14122 7427 3414 3445
9726 1597 3512 143 18016
19913 7562 726 31481 26987
27364 12955 277 54 28884
16098 834 1213 485 32079

82
5503 31394 8017 22765 2386
9189 18070 26162 4994 15769
26094 787 2924 11385 20151
31935 1424 32466 12952 26771
14753 8819 494 7899 14953
25755 25613 27563 29604 11567
13571 24814 1450 8943 23009
17525 23572 4672 5007 4957
17041 11135 1365 6817 4163
22196 3303 1012 333 4978
19962 13326 8297 3014 21455
3575 232 3291 8478 18609
100 9629 1510 28443 26497
23309 7705 2632 692 2999
23341 32071 2187 17718 6721
2633 18620 4627 554 32510
12352 27618 1167 1472 22197
3191 30178 1502 12839 5570
20240 10518 3458 182 7650
5269 23310 728 1679 1047
8421 3045 8478 754 19564
20646 29640 2498 22239 23255
7608 8108 848 3797 12327
15865 31553 3664 7256 25811
29742 5423 1715 11587 7725
6871 4241 11298 1313 20802
27544 270 32312 195 13047
4915 31325 144 29462 9111
12617 2381 5226 203 31984
9958 8118 1408 610 25646
2653 27389 7315 1188 12388
18307 498 6485 779 27258
1668 3923 707 16336 16321
21715 17500 10815 527 10596
6868 12055 5847 3305 4590
1828 21695 1224 2637 22603
10550 24054 447 5368 20864
29783 23567 17467 1393 3474
24271 8869 1407 3471 28788
10877 6911 11399 376 3577
16717 8233 253 5624 24976
2557 30543 298 14544 29224
6367 23172 1436 2156 14110
31054 1123 10119 224 15539
2176 25880 19 22156 28633
7586 20168 1427 1257 21620
18045 24 8772 54 17579
28875 25379 13087 17 3260
23509 27764 1904 929 19599
9394 25902 703 751 21992
2496 24547 18 16752 14977
1164 2554 749 979 26515
12772 7371 11624 327 18291
19230 8087 2622 2309 11179
18709 23388 11329 15 22559
7793 7444 854 318 12273
31736 16775 28458 385 30250
11458 29279 666 1634 5776
15245 25106 1384 5605 30563
3124 22069 1505 4163 7580
29858 17321 23376 151 7357
1711 26305 91 22609 11155
9677 1232 2801 1350 19853
6822 16346 2423 1445 14335
19747 31510 824 27475 20019
8698 6530 373 4905 8660
17092 3704 2389 255 6833
29509 751 1201 1180 28403
13134 8276 408 1528 23746
5259 20141 1154 1736 25432
2493 986 570 9064 930
1275 9381 56 122 16045
807 6052 238 2681 12434
23270 6582 2524 284 7157
19318 4837 5072 85 20003
13355 708 2554 326 713
21354 12002 1120 231 13889
12505 17468 3966 421 17111
24687 30846 73 690 20740
6740 25657 317 582 24161
22387 16340 6852 234 4099
22416 23955 122 1891 14462

95
10049 18642 11298 18202 4264
26891 29549 16795 22338 32037
22447 18186 2118 24151 30661
5784 4232 3643 17865 29594
32526 10804 26726 8403 18605
16373 1440 14344 5960 21522
26665 18205 2184 7452 14803
3920 18699 49 4841 17078
1641 31439 6591 23990 12272
19440 9403 53 612 11121
12327 1233 3314 7074 3598
24644 7778 29239 1756 10356
31678 1224 31082 4980 10232
29470 19535 12101 3192 11660
30491 25706 7052 1890 9432
8785 28526 1081 24871 2399
11599 11155 1723 2523 16227
24872 25420 52 11315 6659
20551 12562 3116 5212 14727
28181 29423 26703 24 1521
820 17966 571 5336 18343
2753 543 1267 7712 6217
27398 10254 4014 5654 16052
16002 10414 3069 6215 15797
2811 22619 897 3243 17414
10209 3681 952 3033 21240
25389 31953 90 853 5328
27955 889 70 437 12758
13801 9255 4701 351 6683
4417 20813 731 10127 8716
29759 27913 30048 872 9879
9872 27728 42 10042 5219
32084 7052 1963 430 24689
2932 19213 117 661 22624
934 2052 1641 12721 8611
26543 15001 73 17949 31078
15290 9749 384 2041 12749
30812 24375 1123 595 4123
25271 23400 58 5896 27902
641 9465 40 15110 10396
21695 25022 733 3420 4537
9990 15181 34 1619 10401
11001 204 18417 277 12452
26724 28911 27125 226 18511
4025 1235 1593 920 23481
29643 59 24847 25 8864
31995 458 21976 747 19953
336 24685 1784 6312 8403
13253 17084 963 1246 19245
1601 16173 2371 92 16176
21508 8457 15 3432 12305
21371 30318 35 6538 16178
29621 17259 2361 747 14004
25474 22802 41 316 12777
7256 1188 1192 464 23277
26213 11610 19 4237 1759
11010 15412 62 371 14668
25677 13418 186 17538 8945
8049 24877 170 3988 2151
23724 12861 62 4496 30023
30145 23206 12105 469 18820
5787 1560 730 1493 16463
4864 2560 187 4297 11666
3457 19298 147 310 6298
10087 16411 1494 1806 18012
24762 13472 16 25928 18487
21855 10052 23678 194 14859
8448 23132 239 6957 20673
18434 17549 519 243 11279
28778 16816 2655 59 24222
19181 16157 527 1189 23761
15750 1952 532 2207 21172
5463 9699 268 7640 32396
25491 31670 649 711 31899
21549 9792 18101 123 9257
9566 12573 1933 869 3541
4650 13495 469 7189 10423
10972 8648 234 2238 28359
279 966 449 4903 9378
26088 21822 336 7564 31595
27353 9703 22812 15 16498
16918 16992 1133 1531 14565
27085 25962 1866 2547 5575
2848 13596 837 670 7296
26368 30583 99 27738 13109
25066 15022 5 8710 802
13193 14333 2230 184 3291
26425 15 1854 145 7209
22188 32224 63 31069 5315
152 10065 93 28035 23906
425 31277 424 18383 4228
9915 1093 777 520 3802
19073 11459 2311 207 29358
6027 22678 1934 3790 15685
21353 18663 7 27018 16200

39
31336 21244 14714 14208 25182
1696 12341 8599 12161 6725
11360 3853 11133 6771 2991
3100 1015 12195 1942 28872
15273 18640 6199 5017 14879
21937 24989 5901 404 7720
7191 30262 14255 754 13456
24116 31682 4570 2234 10321
26251 11444 31023 7175 11029
5685 32699 5785 2717 11233
25902 1596 6716 9711 25645
3562 11306 3772 386 8818
9950 3003 7704 338 12580
19217 8 3263 2040 1443
29944 27256 129 20734 1325
10535 5586 15 395 2481
21876 27427 144 20811 11975
30843 29848 110 8535 25230
14955 27366 1427 1184 24552
2511 30810 3130 32257 31905
12374 17452 698 1037 1934
25933 26977 621 1060 8801
22891 2835 1235 8603 19098
25883 18938 13914 1522 26611
10201 29484 5774 457 20391
19546 32709 1859 7612 23781
21358 14761 1662 2655 17615
24633 6987 792 915 4518
24209 2242 1676 1416 5942
13251 32076 851 23498 7029
14703 31433 1705 10357 4920
8792 5854 715 1143 2384
687 7954 41 5523 22774
3210 10878 15257 19 24880
8813 25825 4460 1095 1462
3035 5074 7658 477 22208
137 17272 1029 5636 22016
12725 15485 5602 553 25311
15746 13760 9047 77 15920

1
30622 23586 1260 25788 24368

81
19620 6927 3593 30744 6118
27071 16084 1121 14151 24096
3178 13506 3845 32646 1173
13414 24555 1186 22553 12947
29120 7026 18298 32440 17131
9403 28548 3121 5631 5189
6988 4589 10049 17 24041
30532 897 12143 2208 14668
9775 15739 2815 107 32176
8549 2560 4109 565 4865
15529 17975 4002 19470 11248
27837 5715 4112 784 32342
8762 8019 6632 4923 28672
17315 1976 1985 11772 26299
24222 226 371 18136 27090
1268 31624 1406 10172 9494
503 1384 22697 343 11882
11880 1223 7280 88 8812
25175 1708 1438 24679 14045
1069 13203 1135 7453 30719
2120 3836 937 4407 21501
8064 19566 3437 2888 18082
13565 17921 777 4650 3792
14081 42 24243 124 24741
7096 14853 2285 2814 13281
23962 29342 2934 18741 1878
1129 21440 2022 4834 4559
20812 6538 958 10 3933
2567 28547 509 753 4952
26929 14870 136 10499 1682
2797 9129 3106 3934 4514
24859 16720 133 94 29080
167 23838 791 26305 25586
15395 15188 2104 723 27933
23619 25231 175 16372 28453
28630 30778 115 10378 16175
7464 23879 702 9166 883
30070 3713 25305 408 9082
11889 13780 2229 1193 25589
28403 18910 346 7196 31331
13035 22797 122 7914 7907
32287 4350 4043 28 28719
5123 3436 11795 236 6051
156 6225 1314 5905 15246
2357 11861 169 1221 1686
28443 3366 290 323 22868
11784 5287 4456 317 22438
19971 496 1559 204 1634
3295 4889 5511 1371 27953
11425 24158 1512 2100 18692
8673 6291 3517 113 22505
1483 28251 774 2853 19670
151 17513 675 1943 25540
8481 24298 14 9365 6362
32229 6216 31387 31 26441
314 20383 692 1818 30631
28952 6521 31190 114 6391
8270 18017 4099 443 31269
23771 1802 328 4507 26411
14850 32612 384 19222 27269
29099 2116 174 1021 4314
2848 3216 4725 151 7020
13546 781 7226 294 20351
3828 2374 640 429 6474
9454 3761 5103 274 13762
28300 28744 249 7467 28146
21082 4213 1522 1278 23681
7253 28828 184 17024 7173
17623 15928 390 1533 14179
23850 13585 217 12922 28763
8699 23371 563 7202 19663
23457 25940 22 19377 2796
31307 4565 772 964 20872
30614 202 14204 235 28350
8373 769 2773 161 27411
6571 2603 868 59 13858
22354 1929 1026 301 9239
27164 32448 416 2188 3920
6628 6816 2528 885 11683
27185 8255 1561 5550 22520
830 4967 17 598 939

23
23638 19639 16181 22791 17183
5801 11559 1998 31009 20035
18971 26 19107 13036 14874
10432 11964 576 6140 9187
6365 7247 10844 3450 30971
8253 26611 14849 16180 6325
18600 23885 2863 199 6712
29410 14596 28942 2961 3668
234 31504 1566 23519 2958
11431 17289 1823 4376 27822
2525 3317 14278 2103 7338
15909 12589 2393 5245 460
28211 13510 30648 148 28632
1013 3791 367 24250 6981
1906 19394 1911 23712 7614
5425 11707 76 21689 20742
11938 11141 2297 4980 28145
277 2896 304 3340 24432
23001 13208 32627 75 16765
4693 19871 133 759 3553
22465 15176 2410 3984 23405
17620 4627 1053 5849 397
4791 5532 6436 852 23065

10
15144 8015 7508 5061 20264
12366 17561 19312 27386 12962
24093 8200 24000 3228 12464
5118 16814 6880 27449 7765
5740 5783 15666 59 19975
31702 19203 10684 13766 12856
28566 126 30849 6069 19981
4054 23124 949 21106 5450
1031 27093 1400 24277 21407
25250 13036 29772 2465 11444

33
32677 28523 543 7327 11064
9040 21713 8868 17172 28985
2437 9000 22022 10695 26214
29343 8379 16331 7583 28039
267 21492 8010 21956 31444
15453 1798 21745 3691 12665
29669 18784 11599 6223 1811
18748 28361 4569 23856 20101
20253 21983 1726 802 1441
25983 10978 3028 415 4747
23575 26373 22157 1905 9473
11950 5575 15649 2001 8568
23358 32199 3708 16481 22485
4714 6909 767 375 28548
29329 17464 4449 699 1690
1361 350 28619 949 21909
22679 25462 31365 580 26741
28175 29143 832 27574 17266
6970 20780 1541 350 10198
1014 10716 1231 9718 9392
2028 1542 641 5926 12199
4285 19702 21856 1040 25255
29067 29003 1124 21052 22716
24 10813 368 8799 5551
8762 1508 4581 2581 18776
32403 16926 2357 187 28157
28956 7891 14319 197 14581
30814 31 17743 341 1971
31711 31687 520 13707 32668
26853 14843 985 5645 23154
17931 31849 652 19736 3206
3693 8126 25625 721 9537
29011 19182 293 284 5720

46
18728 19623 4407 32403 19661
28817 25680 13774 3667 25656
12509 23006 1086 24165 10192
25203 491 24908 9405 9443
25545 32476 21570 18593 5246
20921 11031 16222 536 22828
23636 18207 16809 6717 3350
3587 8867 11548 11989 6057
2451 8841 312 29796 2404
1030 28077 1270 31692 29928
13904 399 3355 3021 12325
30866 12979 16819 1717 8987
722 1906 10824 5271 28259
9245 7485 1834 363 702
15351 24154 2966 14183 1883
7974 31538 1705 25375 30743
6746 78 6077 251 21582
16536 15063 13354 3117 929
7738 24488 4397 1250 5094
11113 30484 764 10297 23705
3288 30957 2287 14876 10537
30021 16271 13152 1428 21746
6839 22173 526 24576 27723
22924 7 12355 373 16735
21546 12796 7192 894 2760
13664 26395 1213 31437 13672
19552 9880 3788 265 15222
19585 1711 231 6182 31
30309 30481 11590 874 29285
67 7196 934 18290 18880
16309 10915 919 3759 16895
312 27614 637 20126 16181
12063 3633 4855 1062 16840
26687 10262 32184 464 22847
26667 12300 7949 270 1327
23206 11690 5608 188 16197
24363 26282 278 16139 15790
3896 29483 937 1246 29222
3818 20937 1143 2873 10369
21772 7555 2092 1972 26499
29228 12608 23002 318 28526
31779 29361 32404 698 23432
22650 1971 1514 3153 18409
29418 14843 10302 1 2627
10535 32344 118 14266 20743
7519 25903 315 5712 4182

11
32282 81 6334 12912 15325
23993 14512 13660 26897 6515
3004 14535 15202 5644 8075
18891 26440 373 11317 3213
8990 2730 1583 6806 12334
18604 12196 2776 5205 1083
3741 24003 6562 20859 28988
14446 26774 2741 19075 7877
15352 20957 6849 9 12616
4906 803 1705 4149 19432
21031 22660 1468 29338 28193

95
27615 27146 30596 25368 8327
15381 5391 17947 8316 9343
13098 7163 1307 8043 19996
3355 25375 2940 10457 3161
15083 30314 11420 24807 19602
2141 20291 26544 831 15738
5388 8391 6183 8132 18273
15530 4166 18391 616 1429
28209 21859 1787 1755 10926
30748 15585 19209 11356 16750
17921 87 32472 1403 2829
4433 18212 20325 1891 17242
32079 14226 22307 598 17466
8443 25103 13289 260 3050
2037 2618 8444 4724 12674
15080 26236 8012 1830 2536
4480 21470 21221 2909 27006
7736 28829 2767 13448 2337
263 570 1709 21092 20604
14642 3658 2572 474 1188
12854 24481 12814 553 30048
15335 16180 8323 1508 6407
3132 2018 7470 128 31003
11949 5119 133 6511 22384
24304 1753 24853 103 27787
2680 9443 847 2544 20363
8380 28358 18266 376 9153
30089 16064 354 5657 23507
19726 1539 2597 2096 26729
1485 29028 428 1309 5531
13404 30620 1399 20998 21287
2358 28384 271 29290 4691
26077 1893 17160 1313 7867
12340 10021 504 7738 16435
11268 1484 1045 136 5814
19424 3763 6132 311 1997
6901 29511 204 7871 5006
2271 14247 2324 1644 22715
10661 31981 811 14436 10318
15873 14148 5619 619 11175
12072 32571 429 13003 1220
6732 32261 6 5488 23072
7399 32014 18 10442 1222
25563 29416 1729 744 14154
27161 13746 1836 2908 5286
3901 2176 8307 340 2224
88 28048 419 41 10887
11949 30796 111 17968 29403
13550 1319 47 1134 11871
7127 24989 457 6907 14259
16655 28762 3187 44 15137
11552 4484 2097 331 25739
12874 4875 13375 49 24541
25175 18284 1629 1390 321
701 24514 745 10432 3975
2155 21975 903 5520 14172
3100 23997 144 30563 16822
2476 16521 389 1285 410
14221 1916 3513 1236 32319
9017 27183 3534 29 32161
3663 16214 1399 1188 15073
29247 14069 307 779 7864
13873 17019 1193 555 4597
24423 25205 1467 132 25737
14198 29166 5663 436 32172
6425 29578 389 861 12141
404 31298 279 3305 28596
24426 3277 25375 104 21696
8991 18071 18199 78 29233
5397 687 899 1294 4491
4763 8120 36 5701 421
26171 25122 1801 1324 24624
1811 31872 139 16619 28151
19420 15485 7353 600 10358
10317 21199 10295 106 10492
20002 28989 7033 10 3771
27013 16695 1030 86 5594
12893 3083 403 820 22994
15562 1598 554 252 31343
30959 14899 3627 552 28917
28465 18088 1472 1205 27916
13413 5008 9531 101 9553
23248 3608 27911 148 9420
23755 29247 426 326 24901
29273 4836 15265 61 7197
23473 3536 155 56 24342
7925 27897 1014 146 14325
22336 14507 1541 595 29896
17284 3177 1503 890 22887
5213 16791 4236 177 13922
4442 8519 115 2884 12864
18455 15055 607 696 6657
11702 719 215 181 32108
2568 12557 1133 816 26029
12645 29700 438 9444 12221

74
24346 30377 25561 6173 393
537 31681 15137 3115 28415
19726 21210 3406 4384 26639
2112 5149 22761 2129 7136
27245 19112 25456 3613 2747
11276 11635 4861 2829 14083
11571 18475 6939 4468 4313
30833 11468 22617 7620 20351
8851 15644 1942 2714 2085
16174 9005 10711 3608 2061
27517 5741 32102 2574 29837
16080 26799 25323 413 24196
16168 14610 14279 576 27449
24960 29021 10251 163 12968
16447 23654 857 699 13459
29990 23577 29358 3216 9780
21050 32758 428 27708 27680
19875 30291 919 6912 22422
16056 32555 3438 26240 14253
3964 21060 5447 6041 9797
21989 30406 1782 4513 17625
10799 10618 242 19184 19064
19211 15887 789 5310 19655
32419 9176 12770 633 1414
15603 1912 17495 2018 8311
14788 973 26569 509 31644
13258 28187 2123 2173 23828
23848 8403 17186 179 21812
30673 16944 25 1854 10079
22383 28427 1455 1094 28715
715 20558 107 7890 3416
27152 16529 2733 1842 30215
1748 9900 7787 2058 5251
2483 27 29869 898 30098
32704 8744 9622 134 4219
15533 29829 19696 388 12602
18365 25870 3073 229 29111
1905 13583 4869 6561 25985
3068 1881 673 1184 12115
26958 9844 1684 428 22381
3985 30172 5928 881 10237
20356 13696 850 247 24423
1693 22017 2124 5883 9578
24694 29679 21829 43 27699
8618 3962 16018 1123 17298
24289 23327 3762 1026 6442
1617 12498 6030 396 13870
3168 9449 5102 50 9695
26368 16403 196 99 3110
23250 17664 7 2795 31812
7734 3714 4954 200 3337
318 262 740 20247 13514
31260 9883 28621 1241 7615
11349 23019 3219 3150 10292
26791 24802 923 1126 26006
916 27965 1525 2723 24648
6617 7530 5852 1155 14924
6994 31242 2873 149 21237
11130 14716 1493 3040 3563
27871 5322 23450 293 16770
3078 8785 16469 13 32334
32298 29271 14786 222 30689
12009 27264 1587 102 16342
1853 7837 4743 411 10517
12919 3028 2335 586 23574
21345 15527 982 4857 11884
18410 28160 21565 119 26020
11607 1305 485 887 19022
26303 27765 8174 99 21587
29559 30242 1896 116 25771
23031 25839 3699 526 10356
25122 18003 610 3202 2725
28967 22833 9492 339 2315
11222 27579 4786 460 174

41
30013 27164 17192 15229 2244
29348 2085 18425 11108 27805
10740 25755 15251 17680 21471
24057 1547 3862 4645 2198
2172 17015 19508 4323 16974
20530 13227 23255 3199 28207
3697 30589 3388 20234 24431
0 6810 997 29933 21136
7007 8850 11701 650 22527
21902 16655 8896 2813 31881
11837 21520 19080 2428 5878
21650 24653 16917 9 1465
12999 1648 762 697 20373
2116 28708 1439 16585 13222
4034 1515 6248 373 9839
26059 29665 3295 32086 10765
7988 28029 1016 11256 25430
3239 25697 1549 1009 2369
1585 8599 4362 6896 23791
20154 23999 12421 228 7456
11455 5027 4318 1061 10075
30179 20297 8027 136 30275
29046 524 32487 367 16312
1316 59 7852 294 6532
18907 8835 8463 3791 16531
7653 11399 5441 3488 31630
12174 25223 10809 510 15376
30825 20559 32590 304 30233
5056 2566 12611 1809 9739
6479 22220 3963 2087 4968
2741 1931 5239 343 26109
26779 24688 8596 1005 19590
32051 19730 13210 136 20322
5449 24385 4310 1099 11578
1349 32394 466 12070 13394
20969 5148 2744 825 2285
7573 22043 3256 72 30606
32492 23293 23043 183 18680
9887 108 7378 1199 9890
14292 15127 158 523 2029
31379 21963 10361 25 21549

65
20318 24723 1925 5160 30279
4930 9146 6906 9973 10948
28996 3178 441 21879 26473
20866 7451 8083 8080 9180
31452 14373 12193 6290 5949
3160 6861 1523 20444 9025
2663 29599 5310 8440 23480
958 27985 1382 2345 31373
11140 26538 8952 26045 13199
27428 30456 15028 32009 987
6409 1714 5691 1414 10144
15895 6063 3374 9166 16586
23278 27858 7627 2276 30651
31229 7124 21965 5398 27794
4265 5611 11493 170 21614
6817 8536 4148 329 24828
30028 23317 782 4244 25444
12386 16509 6696 4965 26722
8487 19119 1392 21967 11962
2705 1495 2835 1958 22728
24693 32762 2200 11563 26718
19364 1387 259 20644 8954
32079 1020 30842 1823 17860
20600 2820 7051 2147 2495
969 13138 1470 8916 10289
19678 2821 365 21645 7509
31967 20949 29521 2937 29721
26670 15700 1936 11652 18587
6419 5874 6002 714 10408
30154 6534 964 9954 12658
3352 3525 7606 1452 23903
31470 27752 32630 1288 6282
1484 9752 65 780 16262
5935 20850 2517 1244 23078
23932 22283 2472 1315 17713
5804 367 28061 227 26641
22749 28061 264 11826 6948
14799 3788 3563 182 22669
21126 31332 666 12861 13170
30797 3834 30034 475 8576
11603 23402 5137 1473 28786
32588 26228 15752 344 20146
22658 20075 160 1443 23907
2615 16253 523 3570 16245
31401 3012 16123 499 12963
29299 26219 189 72 17044
14444 3326 2362 284 1128
31076 29763 26046 499 22167
31269 6130 5312 812 4883
24777 16526 880 813 7675
14200 6923 1393 402 11044
32397 288 12263 4 14981
12575 12094 1241 4306 4217
23174 31697 378 32210 17152
14911 25410 2021 675 16745
11269 25138 1054 373 3789
32288 27263 11741 193 19911
164 5350 2708 412 1538
30921 4949 29907 933 10560
20697 1044 1213 1706 15450
6039 6321 318 893 2753
20419 17476 5688 419 3197
22734 1662 6073 981 21516
10364 25905 3307 223 5512
26870 6218 1826 1108 12033

100
25493 26300 32449 6901 32646
13431 801 20064 2015 1755
522 7805 8368 4577 7073
12845 19863 6422 19154 28833
1082 18547 2554 13891 19577
30156 4318 30245 2829 1427
21282 15317 3186 25128 4942
3638 17121 869 31294 12472
7263 25359 551 8788 1181
24597 17369 23787 6153 6493
17817 14425 17179 451 20789
26019 8127 26019 580 16550
4511 1159 3820 2580 16002
6568 14537 3976 10389 6278
27149 26057 30798 2 31178
15194 5836 7142 308 684
10851 20296 65 3852 15222
19107 9618 29532 618 28530
16896 6536 12665 441 11693
25570 13806 4929 20 28067
11116 7977 1 2175 4195
8681 13578 16188 401 21699
20057 19547 1049 12414 13730
17148 3230 1676 1590 10506
10260 10775 12397 2042 21140
29881 12501 4956 552 8653
27703 2828 11394 430 31536
6101 29985 391 31400 21174
1604 5216 7842 841 10111
11120 6464 1076 477 31296
26397 23818 3194 1521 4068
11838 14114 457 9485 22540
8634 25028 3056 23676 5082
10852 199 2356 1499 25617
22875 3614 5297 597 9597
14786 9008 22482 597 6146
266 7243 7674 142 15392
30173 10545 18912 1796 17521
4930 25673 1665 4127 20966
5069 13571 705 8086 10334
30203 24053 5767 319 4605
19420 15670 1373 312 21992
5893 17091 412 8134 4696
16084 14881 26512 112 5303
28300 7313 30708 677 25712
28229 16747 6292 379 6930
32558 24501 11835 1096 18298
19779 27712 138 20633 22416
27413 12418 1616 1179 29899
21190 83 30079 311 11850
14040 17987 3154 1446 32212
7234 4267 8435 190 25573
32748 14101 6164 148 1992
15811 16278 1227 718 22226
12562 7262 1453 2137 17403
19593 19785 446 7535 18335
29809 15418 29183 572 29203
12554 24211 73 32295 30139
21523 14070 16275 28 9428
26978 16176 8151 92 7506
13258 10269 16063 57 19223
12713 14077 69 23120 9594
16651 563 29543 52 32066
28369 16328 3519 112 29965
23428 11118 1006 1892 25870
24941 26113 15 23866 7080
706 12604 825 3441 25838
481 2748 376 1164 13285
2210 13038 24499 221 26533
13150 6300 4611 215 24564
4699 31876 81 4609 6618
712 31749 157 284 30526
10649 15054 69 3337 13809
2714 3131 1609 1338 17224
7965 25887 620 24119 27312
32409 13756 937 82 21945
26611 23602 8815 121 18188
24577 644 10982 50 23143
25254 7206 1953 555 3278
29998 15125 22266 114 31432
1323 6108 6017 793 2990
254 11728 265 11582 24111
14350 9607 1994 361 4614
10052 4901 5351 291 25306
17686 10576 10961 50 1298
1319 1277 73 4592 13960
11805 29468 56 25419 32459
20112 32070 663 20347 24245
18339 8644 3846 316 13782
32707 16404 17574 211 24399
11023 5398 2727 626 30536
6799 27639 262 27897 4845
5428 30327 135 9854 16142
26952 15450 1300 134 31487
11856 24691 500 1573 20006
2895 7065 25816 59 22625
19596 7534 3319 1085 18301
15166 7565 1980 840 23047
30521 25850 12197 11 30993
137 26591 64 24867 16601

30
27962 19924 31265 24733 10737
7632 29599 17328 28277 12012
22881 632 31392 9932 22416
3039 10192 17235 5367 7416
1200 20519 6172 23205 14206
11352 2605 2859 425 5882
27831 11713 7539 4766 4168
7202 579 2584 5856 19169
14849 18909 23583 205 23954
1065 8792 1387 9727 7884
25270 21055 1835 4097 10269
7107 6918 9688 2690 12375
12149 19399 2912 148 28653
10598 27187 2210 1920 18009
10238 37 8439 479 6015
15915 26518 882 3058 12515
8896 18757 1244 5655 25112
32477 16929 31087 1701 25171
3569 17314 22094 764 3851
17952 27162 9517 418 31531
14150 17187 7197 44 6397
97 614 5509 6545 31332
5871 3854 668 3366 4892
17841 26069 3973 909 26075
19597 2104 1394 1156 19649
24343 19505 519 905 1702
4558 15993 6678 1048 10866
10673 25017 1365 536 13562
22766 21073 2082 3438 9026
16751 4715 3865 1629 25628

85
24133 24334 13733 3004 3540
1190 19027 22162 18162 28587
21350 6149 30751 6367 21157
29619 32284 19475 14538 21571
26 8295 3065 3337 758
3458 5673 510 4430 32356
27584 13503 22970 4435 17302
32626 518 30687 1990 1326
31702 21489 30696 1311 14424
18262 2545 5819 1845 29489
1047 14425 18175 1915 29874
159 444 28371 308 31825
8554 12714 4559 742 28287
28085 29623 22498 2298 23638
30271 23459 14607 495 9750
32405 2458 210 512 31456
6467 6802 4341 5710 1641
26647 28672 1365 27606 31680
17572 1959 169 5232 19947
2485 2090 14578 854 10851
4190 3021 313 8890 19997
13112 10394 3369 205 13215
2682 18626 2662 368 5149
21735 14080 4389 2710 11031
30221 19049 15129 1519 23598
811 1036 634 3376 32642
30888 3410 27251 1762 18064
25684 28133 32551 495 21656
23815 30524 1291 5574 1739
170 24956 215 17597 7383
32104 28768 9567 477 19047
25 22955 98 27432 25222
4931 16927 11873 904 26876
24829 5307 1683 200 32288
11797 3113 2883 7272 28235
23163 5245 19626 55 25924
8406 941 5764 474 4731
3860 16426 5766 14 16718
25745 30976 607 12972 6973
1576 13701 24429 40 12110
7374 6300 111 47 16504
7549 4588 2743 1475 27974
26172 30534 233 364 27789
24534 22887 4328 1205 1420
494 13751 468 14209 5918
15033 12691 7026 833 27011
31681 12780 31527 171 7985
17891 18492 4793 154 18715
25221 18184 14632 508 3928
14647 1601 6951 85 23898
19614 16342 408 1984 31217
5388 6687 4912 22 7752
28530 20420 1609 766 30727
30010 172 16106 224 10652
2117 14381 746 7 27295
10074 18090 5733 609 16467
25185 1227 128 54 5504
4860 7257 1093 492 25702
11202 16416 1952 199 19982
957 30108 216 4679 898
1548 13589 1180 82 3525
27787 3276 2538 221 31055
1206 12348 455 196 6432
22226 1258 1547 798 25205
10884 6167 654 2311 17846
30311 20612 8477 373 23861
5266 1134 1875 361 23623
18751 6572 1114 4187 10347
15869 8971 1155 486 26953
20884 15084 393 1775 1914
31417 27433 15636 465 22415
25015 2401 495 2386 8438
8467 49 6456 307 28030
5102 3062 5722 38 18059
26407 13226 429 817 26991
12290 11830 8738 824 20502
19696 5632 32506 62 28111
25147 30900 139 2602 16657
2286 16999 1327 1455 9815
25473 31523 174 25834 2828
30881 3003 26830 357 3934
26268 18121 11734 41 22575
27153 1339 1162 103 6886
30016 32174 18405 44 3652
1435 5460 382 429 12038

36
19980 4667 9979 24579 15744
32763 2474 4971 29486 18559
1766 9281 3547 7295 7399
1025 22496 14147 17477 10026
16204 26542 2057 422 20273
11433 7408 5162 11711 7399
28139 29342 1167 3789 3921
29983 8978 741 16146 28046
17891 31584 3258 20907 11407
4973 20832 67 595 13611
10311 3299 84 18401 14988
32026 32017 12958 15436 45
7437 1513 2380 8874 5039
12951 303 908 4216 21087
22576 29657 5436 8746 32139
17506 30182 1809 281 28250
23670 290 9132 1618 19391
279 13028 268 8537 16341
18757 1872 1012 17131 7119
3194 589 194 4232 32502
5515 15153 4079 4880 20046
74 23069 427 3678 14043
15190 23810 533 16966 19046
5952 8035 434 5069 30425
16587 21505 1085 3742 21549
31332 17239 327 6153 20797
16118 30159 1175 27702 12193
30757 26564 22 2051 10818
4535 1052 179 4809 31592
18376 19668 1547 901 18728
16666 859 6672 886 11490
5701 577 229 2087 18438
30199 2103 11568 201 32099
21444 31899 112 10327 19234
19216 22297 240 902 32163
30055 26064 361 15056 12790

16
3517 18109 22450 26661 18241
12211 5082 4260 12472 5777
32101 2595 27401 22436 13791
31031 30340 17492 30383 1385
26980 3532 3119 9892 19740
1965 2556 6987 5083 1313
29237 21619 568 24221 11974
30340 17974 814 8716 30286
20091 163 325 705 23066
20688 42 5178 9693 10990
31308 2680 139 24763 5730
281 19159 2077 6904 29647
4864 9474 3549 339 15563
5884 10503 2771 1174 17667
24310 12490 1255 4345 25589
9733 1014 1220 3561 32124

9
18561 7999 26900 855 26491
5047 28862 12649 12629 20535
2648 13121 27849 5141 4218
17863 28310 13842 14809 5
14460 21065 14054 5486 11627
32099 1151 15827 1811 26637
31134 10078 14069 15638 19894
1861 21484 1857 18131 19230
21 2945 692 21800 26709

76
31211 2923 21269 10884 28707
30194 28975 26473 25373 21071
9622 27915 10147 2729 6168
16243 16606 25307 9241 23789
13534 6476 9823 3711 11460
3317 4626 4752 14726 898
15175 32658 13195 8581 21650
12695 11884 529 13160 14974
8291 31078 5208 14081 1080
25235 4121 1127 9864 8692
5923 1996 17208 1579 17759
78 24470 10804 3437 25913
13358 11847 3459 2664 31322
20286 25855 1010 102 20814
5780 27933 2070 31198 16672
13522 16132 529 7215 19323
8180 9667 592 14122 15305
1084 773 10042 349 25951
1356 30959 866 30626 21768
25925 2429 14332 1 32409
10051 10970 2111 13063 14199
12950 26045 13177 1634 17467
8954 7974 2876 2015 26422
32449 14912 26317 1535 13326
2199 1677 1100 9946 9145
25060 1381 21826 574 641
20105 14255 1697 716 31411
21991 4430 83 196 17249
15134 3735 2722 146 14394
2774 28628 2813 21384 646
41 4045 1433 17662 14239
23183 2957 689 2333 21437
32032 28033 30207 338 7137
21856 27935 9994 898 26206
12953 6089 244 1388 22919
16912 10553 5813 2377 21670
26630 12274 4217 2797 14498
15251 655 562 1262 14716
2297 18586 152 1640 29770
9684 17866 214 1311 1390
2782 18061 315 1265 10172
15673 16323 533 9476 26484
28388 31244 761 14906 27340
27091 3542 1882 1367 14901
14912 4144 261 844 14356
22293 31212 689 759 10003
17710 5299 1161 710 9218
3275 220 12428 192 10632
19109 15098 7628 601 29788
16317 3948 3895 1021 18216
5911 485 20128 43 9922
30459 510 31890 748 29385
29326 26156 14781 763 11739
14259 17962 513 3576 3084
24125 15857 6687 610 18214
21198 30771 3539 181 32060
3030 19570 635 116 20282
26732 35 2573 1231 26610
8308 7474 2857 346 22648
6498 23023 1594 1204 22435
7416 3717 4002 879 6472
4419 21632 2974 566 12104
3461 20268 757 1294 20307
29149 31209 283 15984 15078
17770 1867 4064 101 28979
11730 6422 1075 1551 6417
17253 13057 6611 280 525
28891 7578 841 616 22712
24635 8158 306 6385 2355
20256 28881 28435 63 18197
19001 32238 5714 331 30692
14092 16105 1360 1431 515
13486 15764 2510 267 5510
20413 5098 884 1175 17952
24245 30066 128 437 9838
20065 16080 27 293 31032

4
12322 16696 7369 28364 22282
7725 14626 1880 12007 29526
24481 27950 4011 16242 16472
19238 1957 27425 9910 28425

43
21403 10596 18920 24108 28066
4462 19123 8026 5301 15523
19281 397 16511 1638 30057
14580 22640 4502 29314 28947
9145 31975 1550 32500 8161
3253 4916 6994 4829 5243
20972 9634 146 17724 12225
533 17281 341 17281 17459
2377 30581 1928 20095 16181
15228 15470 13 65 799
1224 2379 19378 284 26032
1575 15557 18585 2566 31534
13677 12081 2027 604 16670
316 1407 17695 628 29066
32293 2190 4291 6792 3068
15706 5411 2261 9097 32067
408 2315 717 11750 18795
19127 5963 12906 2669 17008
19095 28570 937 25123 19183
8211 28997 643 31609 6389
12491 27008 1531 10920 9329
12980 19075 552 7730 151
4306 27830 307 24115 32506
1480 32730 456 15933 18955
11423 29173 531 6659 32585
2082 29228 28 16146 8466
11242 30471 117 29382 17202
17948 19579 1335 359 15328
3818 9941 5198 1130 16879
5467 32741 725 3848 21849
6952 25040 5212 226 10178
7703 30726 498 32691 19410
2477 25573 228 4069 13843
6714 13165 6779 1872 27909
2989 5536 34 8697 26896
7487 11105 3542 213 22001
15263 3800 3962 95 28739
2530 2735 12572 266 20113
1192 16745 314 14201 27609
22847 4889 3413 241 12829
920 24227 222 589 32529
17914 19982 128 1294 28643
17327 14802 1167 153 3241

44
3650 31230 17732 6194 8343
26001 5908 28774 3410 9366
6815 13109 11991 2931 26630
29891 21095 19843 11077 17201
23311 9737 23653 2341 4699
4634 2182 16302 6749 23431
19207 14635 30040 5365 16866
8383 10264 10378 2734 1286
14 11537 606 3748 8639
21701 1857 17734 577 16350
28352 28732 860 17268 5681
9186 20763 3893 1731 16632
23062 22417 2529 20700 1947
2414 6386 1228 23295 4183
14023 16199 5067 168 7557
14497 26254 4424 198 31674
21370 12293 18335 844 27209
7555 16865 51 5355 12780
30405 32476 21718 730 14565
2664 303 903 3489 11359
26062 25639 334 19894 30610
6446 22553 13875 3083 14333
11054 17049 7425 3391 23003
1102 4221 157 12133 11781
3710 26522 8360 3016 7483
366 19223 885 30012 32369
3642 15719 873 3511 5372
1284 32258 324 18746 26326
1825 18750 7 27650 8192
1491 15471 53 10113 7542
23148 20134 18619 738 5420
14715 175 25483 1019 12373
12323 28142 3403 744 19749
27251 26841 487 3120 30314
21409 32290 1403 21837 1268
31793 5155 24941 162 31351
16729 28400 3792 2357 20522
21381 3077 12 4695 31618
241 17899 1242 359 30428
30594 13242 31547 493 8486
28121 3088 5649 1038 10314
20690 21205 8291 36 32273
27588 30085 696 19246 4938
21503 21700 442 2615 11027

68
25990 25484 2856 19713 17502
12987 2231 2110 5926 19494
10601 30854 876 13109 18139
9508 9542 26548 10208 8488
30399 25983 11608 5041 30822
20153 7001 28641 1925 29587
19499 20031 13085 4386 10083
4383 22049 10602 3538 13894
1131 1720 1266 3351 30108
19004 30641 6152 6673 4920
2912 6255 576 19263 28830
4114 31043 1747 11493 4060
20644 1357 15046 1260 30707
25566 3639 24460 546 32657
16029 21261 245 195 17210
4387 0 5312 7401 12772
15470 23072 1899 17050 1353
30486 31281 9627 8545 8051
7561 31033 2811 7408 12370
32158 5585 18852 733 15176
17 27822 1920 10939 25827
5943 10068 3474 5001 8765
2286 25591 1600 12778 12618
26634 4846 12166 607 20134
32716 21664 21504 2812 31393
18375 29399 3347 520 22109
2234 24597 48 5837 29150
17387 25556 747 6882 24117
28978 31649 1021 18466 10101
16101 22393 233 580 16288
12565 26855 1905 9661 14671
8114 15452 959 3872 23381
17155 5621 1596 3077 259
4948 7918 4286 673 1909
4782 14214 256 2495 22638
21060 25205 4120 1529 7084
32758 2753 12862 219 12222
15196 521 10355 151 9715
11614 31386 289 9483 19518
5531 28336 6742 1380 553
4139 19766 5643 1692 13039
6850 15163 328 2341 12850
26845 24719 6583 112 31974
15336 1687 426 5118 21383
2096 6850 427 10180 16616
7038 26913 2906 887 15926
1696 14207 256 4113 24662
27137 4450 11874 364 8160
22145 3408 2492 1947 29574
32663 20790 26402 116 28904
15178 22936 264 26905 9591
9852 7055 1310 267 27307
25848 6847 3122 50 2334
30 5933 904 20885 30469
25434 32464 61 2486 26751
17887 32596 28 6392 21685
21291 9003 1201 251 10554
10537 1067 4399 952 17489
19230 26974 4440 298 27304
15402 9480 21104 32 19336
31536 1217 19332 71 27782
9054 8923 9029 214 31076
1148 11842 494 15076 16199
29124 62 6355 183 31501
6487 31169 616 3376 22348
11568 19878 4959 852 3272
22081 829 8770 441 25203
18743 1595 91 546 24901

9
13701 25473 8912 2382 10249
22908 25882 17837 22879 32502
1580 8072 25719 9239 13733
27548 7964 12724 17812 28203
5013 23595 5246 9397 14895
11649 31056 6609 9712 3168
7138 7514 13531 330 28440
3018 28327 740 25183 14153
19050 1230 16521 1687 23263

30
2519 31043 23124 9619 17197
28349 6309 27075 26392 17788
18443 1389 7687 27754 22878
3250 11205 12218 1082 6604
29647 584 15488 4450 10960
2156 14692 1456 548 11249
914 8658 6683 2518 31698
12318 18035 1730 10271 6303
26787 15696 1440 29464 19236
6517 14882 1681 6736 9883
1805 27970 490 4295 21922
3323 26998 4701 787 15199
15687 6081 2498 5793 20947
11752 693 3184 5574 2399
354 18014 3690 4919 18479
15877 21496 1625 1915 7281
5700 17258 597 7151 4026
876 4417 10369 2936 26529
709 383 10175 3435 21524
27238 5457 190 10081 12393
8909 20537 1026 8367 7678
15644 14996 1294 6445 3485
217 32026 426 3763 17242
15126 29780 6471 663 8092
7074 27905 1624 1000 6314
5235 12591 13074 656 15445
6684 29258 4172 1238 13560
29174 3857 72 2042 17
694 6044 85 7320 7798
1577 12161 1547 1771 16966

66
6826 32387 26969 2661 21644
14432 10105 9764 13104 27158
29517 20374 7099 7870 19
819 2480 4521 11103 32143
28009 12883 3777 2210 31599
7245 2536 6669 13355 17887
29072 2370 31303 9625 29804
22057 28471 14731 3916 20544
11004 27888 6381 29 1799
12505 24704 2075 2312 3251
29801 18002 5065 642 3820
29366 16936 5938 550 9858
23369 2067 4087 7159 24990
2250 30266 2422 11212 9366
5527 14396 144 11258 7420
6342 11410 731 15461 17986
10849 23767 8242 414 26574
4963 676 22259 1280 1631
25132 19455 3389 4240 10213
25557 17895 3591 340 16465
7917 17069 2479 984 13827
9637 29417 11256 939 929
29309 469 31731 1555 27511
366 25090 719 4162 12807
10357 18748 658 4481 18964
6118 22680 144 17386 7112
14634 5974 4566 2105 17562
23384 24261 5173 3951 31504
2411 26188 505 3125 14635
4350 18724 109 8404 31886
32637 15644 21857 475 8834
4670 17035 134 12380 8244
32005 13437 8560 183 4079
11044 18201 611 1144 32272
558 13642 3658 3071 6580
7087 25822 26 5758 30139
15129 3700 2619 2128 264
11927 30513 10103 1815 10954
9065 18228 1118 116 10727
6763 30135 44 28975 31925
17410 24858 1634 716 25340
7295 15987 440 16184 10434
25710 15356 3428 682 20813
24580 15667 225 2456 994
8134 19007 828 6847 2485
16248 24283 6905 190 1600
8333 18055 2010 138 7474
5044 32464 642 7113 18572
32208 12256 7869 43 23099
24271 12387 315 231 8823
328 17209 2998 836 30138
5603 9695 402 2743 7422
2419 21179 1181 1016 19537
6901 557 4199 7 28780
32304 19343 26363 81 20212
4852 16999 36 25697 6724
676 21899 580 1283 13943
32638 14114 4520 1137 20729
14572 9183 6228 509 31510
1092 26900 446 3682 8386
6351 3988 330 6215 1124
5817 16190 320 2549 16214
12203 21652 1249 2003 12448
9110 21160 1057 2198 29132
20938 5260 684 842 5603
14630 26149 655 591 1670

84
20034 14612 9943 17047 12591
3340 31483 844 12270 25975
11773 1724 23676 5748 25938
28573 7894 9859 1445 9013
13600 10755 1528 10223 12148
32664 24715 10672 19316 27389
5417 1666 5211 1048 27707
1507 10173 2938 12051 6089
21983 9768 7604 1608 1424
11340 31857 17349 30830 25781
5085 7645 6256 19374 17154
30880 13838 24343 8754 14251
7916 29503 1085 21905 2585
32716 1052 5346 219 15296
16786 13260 7295 1267 474
1043 22773 3874 3667 11014
53 20712 925 14272 18045
16301 16479 2485 3489 23423
2789 694 28854 147 29907
21644 7711 239 1489 27495
3319 30031 2831 1379 11228
7509 29651 151 4550 16184
31382 9778 4895 1285 11646
24659 12190 14200 1199 23783
30678 29747 1730 1164 17787
1037 28408 1922 311 7314
2873 28981 14743 92 24444
28970 32347 2968 31459 1958
2664 32582 343 21714 6727
30887 22786 12951 537 23105
4769 10484 134 6366 26274
5328 31486 658 25710 8255
1470 31389 700 1055 2278
22768 11670 30640 240 12157
8601 27234 10031 573 30691
16413 13589 197 798 23623
12146 9985 256 16172 13732
12815 21227 2396 2987 454
411 6393 4126 1958 3093
17917 14681 1569 290 10816
1682 1647 1659 3296 5577
18933 26426 1071 4274 15348
2315 32215 201 25953 31484
15285 10448 3862 1134 22811
6661 5005 4045 2485 5241
18318 22147 1299 3276 2652
5822 3229 4776 958 14412
30265 24426 604 2278 18013
16796 22703 696 2052 14936
11610 19540 163 2864 9101
11422 9821 398 6112 6571
12419 17179 1092 3626 8137
10350 31300 678 26050 9687
9877 31355 213 8724 12835
14529 29093 2946 1535 15678
275 12946 803 6069 26337
27348 13677 3523 912 28714
24366 8811 1582 933 15727
17405 25096 867 1358 1092
25280 585 21788 75 11255
13423 28601 2428 188 5912
18010 7512 2767 329 24234
1302 30113 104 12624 14229
7443 348 14115 90 28101
4964 7889 57 6312 603
10942 10 13725 180 30575
13139 25407 1810 1350 82
21978 7718 2916 949 25427
31014 23918 29259 4 32154
6928 879 3082 644 11746
15447 18044 656 764 22325
15669 11618 6446 1470 16741
11934 14055 45 12201 10812
30101 20579 53 831 2323
1960 28067 12931 220 31376
30771 27151 164 922 17674
31034 31064 380 905 21026
4413 27238 2589 273 21210
25593 1067 2975 470 27494
19404 9069 1193 329 24667
7155 29633 287 29727 32132
21177 8094 285 3336 32065
27402 9561 13988 16 12823
27400 13480 4045 127 26999

99
14190 3550 2775 13760 10103
22726 25597 23190 3715 19011
21525 22916 2370 987 22727
28368 16474 24353 5324 6458
3010 31266 1318 6368 22998
4918 24638 989 22088 20196
8425 16512 2723 117 30077
20159 12506 5972 7984 28846
19425 29321 3752 19767 20281
25505 29977 12297 23134 3677
19816 7938 13810 4505 4650
13606 18867 1663 19181 3743
19528 1537 6632 3947 32231
156 19335 2686 32 4759
8738 2503 7391 238 19050
4722 2536 231 8372 7204
31072 133 23769 1931 18841
27226 1040 3308 3281 10338
10160 3694 3848 10730 4514
11178 17684 145 32023 26624
8923 27490 1038 16756 6258
31251 5641 5066 332 12644
4366 22629 256 32318 2181
28327 6010 2 211 25812
27129 14104 15521 1988 27600
223 19784 8259 1498 25581
1522 23782 525 9986 917
11884 17264 1034 32703 24262
17025 32650 2064 26252 32289
15721 30346 39 10815 25948
16812 24320 4968 1402 9240
910 15010 11474 1005 22985
17031 6406 584 10742 19327
15459 17778 1373 1160 6575
30706 23154 21388 1507 22432
4586 17322 2550 1564 16251
7631 11323 2478 35 13701
1543 3691 1253 4666 30943
120 18970 9347 74 14624
23450 31100 276 25407 15322
30188 6857 20976 431 24457
1578 10913 1677 1538 16486
17870 20628 53 2092 22440
31921 3103 28659 2250 16700
18201 981 1321 20676 23705
2495 917 1667 988 13081
25802 6807 3366 193 28298
2154 21544 1745 9627 31643
18289 21802 30019 669 30031
28551 24667 25217 732 32599
6039 22356 2422 7796 7933
3077 6797 153 3959 32263
21341 5969 2801 909 10610
24178 31327 645 29053 31947
17860 28285 4584 595 18105
16013 190 12480 682 22029
4638 26801 104 11999 10966
15884 24876 165 21914 4811
25610 5562 31363 10 12156
11661 26047 185 22219 19083
4163 260 530 293 18600
5231 7069 4161 697 11608
610 413 602 9546 11187
606 27938 524 4440 20553
15543 25338 125 2626 19574
6218 32315 616 28818 8175
5444 708 9745 1775 6513
13160 21086 103 18108 28381
3259 12514 2795 1159 12024
15271 18977 1735 3396 9840
29696 13522 11580 272 17745
8671 26536 39 25543 12667
9971 23526 967 14185 23652
2254 16221 2074 218 5410
17529 25758 4018 928 16714
25195 6107 1840 50 7768
3894 6391 531 5843 32460
9154 2797 3367 888 31994
6621 8274 1809 938 24015
32367 29572 916 361 18956
17557 29327 497 1033 14460
7975 31808 456 29290 21958
8471 24419 624 874 30287
17940 8260 123 5809 26094
11086 22588 49 17671 9614
7785 2604 557 2814 30203
16137 25930 29 4240 24419
16692 26547 243 19820 9220
26286 23547 2596 811 17538
8892 18551 670 88 14348
6988 11510 164 389 2388
1678 691 1252 96 5619
4709 16108 451 745 31140
28751 25405 18834 99 26866
8172 14340 873 355 21865
2042 2415 323 1242 22988
278 10922 247 102 18626
19605 8540 80 2826 30158
11007 29337 28 17994 5261

63
19612 15088 12396 26304 14045
15448 3441 10507 11447 21683
818 7992 13012 31652 9786
21118 1598 1944 1575 14673
16993 24990 2559 132 2091
32189 30184 9812 23289 31034
13989 26015 3009 351 9448
32010 11486 25256 17130 26870
13286 1219 15823 54 24333
4838 1541 7043 3565 24497
27215 6630 28474 2976 18237
14038 26716 4740 13652 4289
28503 1905 511 3382 28827
301 2711 845 2812 19558
341 11632 196 28812 20957
31877 3405 24135 3222 23651
29258 3730 2017 2098 32373
11702 124 20107 1070 27395
28865 10104 17034 349 27578
14137 1848 3978 1168 22200
13866 30616 63 4259 27869
3373 7119 11453 296 30007
13996 22588 481 738 19264
18043 25520 1343 1148 11452
12034 3257 4352 149 32398
1859 609 401 5077 18751
28231 10866 3692 2300 5633
23099 1470 7470 105 13254
17994 17802 751 3207 4312
30369 2739 66 54 15524
32551 28832 9783 1115 22116
16491 20573 759 1670 8627
15587 18885 1323 1030 11970
14437 16667 123 4481 7660
3526 643 6772 148 21256
16578 22575 1820 1255 27969
32655 86 26449 1888 13661
31393 2295 10997 680 5244
14664 11346 595 6688 20411
26826 13661 3341 692 19659
5961 5487 3081 646 18401
2408 2028 2154 1724 28822
7818 6203 4458 716 10439
26247 4230 273 3656 2762
18909 27057 478 25992 15468
148 5231 78 27727 26530
12217 1377 7598 364 9968
2270 1485 59 6195 27060
31463 13707 187 965 2825
30397 1998 11307 25 10799
27557 3056 268 49 1545
19562 17987 48 11373 26714
13881 4463 446 2026 6477
30302 13627 229 1304 794
14525 12441 64 2055 30514
13992 12386 83 1366 21301
24993 2474 2415 116 24218
30675 10568 24814 28 4509
32290 10842 4576 112 18500
26391 14491 371 365 31212
21127 14976 3815 110 25748
14229 12113 36 2758 17411
13871 9279 790 238 14337

2
5136 5752 2868 17690 27468
26746 8021 13957 10466 10356

79
21586 29021 2969 9347 12248
28977 27380 20934 3692 31963
19781 6582 25803 16065 23019
6354 11326 5490 23706 30536
31562 31783 16679 788 4979
2605 3089 21896 3053 28625
14197 27647 7043 29056 7709
1372 23853 4864 22244 17290
15756 10600 1980 1275 2747
27081 55 12241 2565 15187
13682 22476 5357 1135 18152
17926 24144 16671 1819 21920
14005 11007 1658 7667 8448
28144 3205 12590 360 22475
25535 3781 16879 239 6888
13401 29322 636 30216 26727
26424 32392 4698 1490 10772
549 15345 2453 962 12125
12964 26663 7798 181 28004
4089 2000 13769 20 9854
1700 11714 4164 3359 26011
19015 27189 795 330 21325
6366 7273 12642 2904 3012
25725 27033 15720 323 32201
12796 10439 466 859 18929
567 2197 1468 3893 6896
22643 22892 24580 930 14029
5684 10416 100 192 2680
18579 11433 133 1098 15321
4227 2022 4149 340 20353
963 8048 2908 2478 2981
26030 6049 17687 306 5146
1235 22634 4096 218 7018
26171 28151 149 16309 27
27440 4533 23354 1312 31485
591 16420 637 3544 25285
32524 32757 22684 25527 19878
21387 26958 1666 224 4999
695 28833 606 26280 10613
24141 28399 1791 538 9043
24844 32187 1049 17007 7944
125 22669 516 12308 10294
12425 24286 286 15443 26567
16074 12629 1792 5128 16644
12381 12975 570 8193 12713
7103 486 14649 732 4174
1410 79 3845 512 13934
165 14388 366 6780 25548
14914 19027 2751 2512 21777
29797 32149 913 232 16175
12010 32728 108 13320 2778
23359 26252 1402 1186 22532
1511 22071 3153 79 32546
18729 12875 202 6666 6334
5743 6300 19554 155 14853
30799 31096 28339 528 5947
718 7074 1338 360 8813
3641 15975 1981 3019 22111
24505 1564 763 3572 13112
2177 2619 1259 49 19340
12352 23075 387 59 14781
22174 22959 401 32 17794
19596 10816 73 7219 27673
4388 7245 335 3972 31527
16226 2225 2094 685 18113
8253 2936 11207 73 4133
3273 19088 1176 1688 4540
6560 6926 2487 145 16495
31650 26366 23635 140 18406
25655 3699 24072 25 13419
2498 20867 116 501 12194
12924 1331 7414 546 30900
28072 5882 1169 26 32197
19361 8486 203 9775 31292
12205 28619 162 20215 17437
171 21440 5400 313 19592
47 9766 31 23109 28812
5401 22093 378 1353 13514
13496 13370 160 3872 19260

5
18074 29576 7231 1673 395
27989 13367 7877 18350 24741
2465 8945 15322 6210 19602
5981 22485 11270 8149 8119
30263 3304 32260 9173 15590

59
16231 9641 2485 26186 3786
19619 11793 11844 21732 27981
30692 4670 22142 2634 32240
11349 2521 4784 1842 25352
2667 31016 11938 8721 352
3390 3345 3662 7974 10981
31540 30723 22478 26939 18489
303 1370 25138 526 26627
32677 14564 12612 13435 7111
23821 9767 16667 1510 19778
1455 23324 12152 1452 21927
28395 2319 3545 588 26412
7382 9761 4631 13152 27127
7171 2699 3796 4040 11059
18862 7142 871 4380 16194
4730 12442 439 983 30015
12070 5158 3170 7660 27330
31828 3593 27643 681 12291
3782 24787 386 5025 5806
32550 2954 7395 443 4923
22795 9151 25335 585 7317
640 22257 3299 873 52
14062 15465 857 7700 24114
5301 527 18154 338 26659
1635 8467 1084 5828 27154
5282 15585 1386 7343 9777
31342 134 32232 369 17338
1257 30993 66 23203 27354
29656 8267 7388 732 22899
19029 13237 333 3981 799
32094 1089 5294 88 507
5512 27112 4892 2419 25031
7796 25149 6015 20 20153
15279 9245 294 384 27331
13256 14689 229 6875 20263
27231 1813 30465 2 6622
473 25956 664 11117 26574
23002 5851 7297 706 8917
16491 6601 4579 487 14866
31668 29947 3727 197 16318
16094 29314 11 12481 23197
19074 1096 2450 210 26853
4062 20768 1046 1713 27996
32551 29500 29748 22 31934
2651 14706 1453 3242 3095
7092 9333 27 8476 8496
31773 28194 14019 1216 22365
14929 23912 65 25482 17824
26011 571 8669 485 1719
18964 18879 637 14519 7575
23183 6640 732 799 183
15313 17317 2 13516 26750
22064 3317 6784 769 25095
4301 27995 497 1699 11679
21048 4641 4089 298 17178
25942 4611 2256 155 19605
1684 30171 37 1366 17478
31622 13039 23557 962 12471
13994 24503 132 1391 20267

31
21353 27154 27528 8840 26704
16334 17217 19921 5975 18263
1899 1628 331 9899 15281
10680 9376 8110 1505 15653
12648 16347 3645 29722 21738
26745 3740 29713 646 1885
18536 12541 4303 346 10660
1334 28320 4527 20366 4607
433 16379 9641 9774 5731
19001 1465 21367 2226 28686
22411 6698 9609 5738 9405
25008 12739 20359 3439 2698
7518 31063 927 8350 4812
26273 24148 31573 2678 4955
2642 3307 6399 4567 1538
32384 6382 30147 2520 271
13839 534 4526 6989 23279
19773 23427 6178 227 11252
18586 24980 358 26336 6158
9802 32024 2783 18726 15601
3288 10500 6440 5551 10355
5703 8300 6356 512 19069
16890 24054 1148 24492 26436
17478 14162 4403 625 10822
25872 70 17793 1191 24676
29743 6184 29840 15 20059
26971 23236 23356 488 25368
127 7639 743 6432 20521
9790 28507 595 2606 19783
23469 5896 20383 150 19822
19850 31630 133 27657 1016

66
2395 16503 32539 25903 8997
14082 8509 25384 6980 14925
6563 3719 2355 5907 5627
22783 1964 17240 5677 13651
1035 2032 83 24552 10269
1329 3604 1816 7731 23261
1814 476 28760 429 3008
15411 2179 455 5906 16607
4932 2061 1096 7751 2276
16609 15686 27943 457 23745
293 32542 136 23159 403
5523 10082 3213 1906 26882
22095 949 11986 639 31645
1318 14265 922 23135 14148
19507 1025 1223 1498 17569
16772 1112 1442 5470 6287
10397 2908 3560 11738 8054
25657 7643 6710 592 26545
3627 4381 348 3474 14726
4199 14638 4636 184 12062
1131 12652 1597 123 17186
3670 13224 1318 572 21622
4094 1064 92 795 20603
30112 15537 29800 49 30454
32747 118 4437 35 1192
21176 4516 421 457 19863
813 6376 22 12126 6459
151 18315 596 13754 30773
6565 15291 1028 252 9291
21976 1750 8170 180 2486
31000 593 30075 236 15229
25325 7 1527 220 15550
841 25807 111 10217 20892
9170 3593 717 2809 31999
17764 8105 1741 186 4442
9882 1897 296 410 12452
13510 15760 2414 597 5257
3173 3277 1649 1052 31169
3665 9895 2281 4 8697
14373 15597 22220 55 4047
3315 14 20216 127 3145
3038 14650 700 1063 11777
7242 1335 2655 73 32471
14523 7496 534 318 3135
5874 15036 208 425 3979
6392 2336 4002 285 16342
219 846 1456 717 23132
10125 5146 241 4897 16866
9286 15552 1174 375 13595
4014 12083 5467 1132 17297
13991 5997 1118 753 7538
6172 1718 1060 215 31165
8234 14106 1423 20 16330
9922 1335 64 219 19221
9884 14014 344 435 11418
125 6250 6 17848 7934
5387 13278 1390 1234 28636
21697 3949 515 863 28961
20160 7946 2286 429 24609
18256 3701 677 679 158
2777 272 19238 99 6430
898 10920 44 1645 26672
807 23678 6 4022 5888
16472 1258 239 4065 31097
7001 2837 697 49 28622
9513 6985 98 5851 28052

57
20607 26842 24273 1152 28329
2241 12851 2652 4437 26430
6524 18823 32006 4055 9959
914 4595 13055 5698 22645
26700 31490 24755 1748 15559
25876 5757 5094 10992 11121
6588 31412 3010 5288 32247
32230 26292 27579 127 28700
16340 26636 2088 26683 9916
9143 17113 18784 178 22009
19033 24065 10063 771 15295
31533 2079 25335 4754 13261
2348 364 28997 3297 22984
32759 8652 5198 8181 20969
11702 32526 3978 8637 27805
21052 28450 1216 22176 25029
29209 30889 22802 571 29577
1800 18544 4286 28154 24769
20088 4204 1513 12050 9131
14055 25837 1226 3030 21876
31811 24717 17070 1081 2301
280 30198 610 631 7895
600 15273 132 6013 14888
23966 29383 2374 22602 13931
18630 26920 1537 27692 8055
6142 28609 2150 2460 25530
23902 29722 25 19892 10637
8903 12301 8413 563 2515
30875 29507 7399 471 24929
561 8060 216 4476 24601
16097 30660 136 7712 26399
15885 5553 3946 1666 478
1677 22296 80 17172 21174
6566 15816 4839 936 759
7026 25006 15989 474 12780
22866 28483 175 14433 23638
4207 17687 6390 134 13889
11471 30043 30 19149 8523
31019 7942 18893 223 20516
26004 17722 26375 847 7578
19521 26486 1421 15 26211
16306 7911 2838 2128 28097
11635 14268 5204 864 561
11722 22904 2769 269 18739
8489 26953 3886 932 4354
15574 28266 597 396 29746
77 22004 61 19286 26915
911 11734 886 4455 22165
31829 23001 5846 501 12871
21625 28048 8602 251 17413
17961 12711 28 611 4422
663 31825 643 11583 28353
25763 4616 2751 410 3830
24444 8200 1359 935 21834
18240 17658 4428 132 2120
5574 10656 3109 2381 26334
22694 25809 26650 466 14628

63
29880 22546 20819 12564 20211
7901 20415 17321 23270 26672
26563 9610 20465 12214 5354
15235 204 5685 536 26184
24145 1377 16747 5583 27271
936 5226 18260 6773 19235
3428 28058 2682 20285 29434
1115 29920 533 2647 15714
10325 16901 2873 2500 26841
2918 18761 4654 5188 2657
19145 13538 6377 3857 27214
18973 1723 4364 1547 11755
5473 12367 1781 3615 4864
25282 7102 3936 1126 29317
25926 11470 579 27116 30279
8086 14754 7100 995 635
26337 802 21569 431 8119
24479 8714 1557 707 21051
27431 29384 1210 21393 7026
26763 25882 1449 758 18706
29403 28213 67 26421 7864
13626 12741 3773 1209 11787
86 6920 557 28607 9207
28416 8302 12882 204 25819
858 516 9417 2651 12658
15793 1305 2584 41 2747
22856 4528 509 3124 9511
25731 9446 106 25739 11789
3348 30727 57 6771 18822
6103 3226 5771 891 4630
19681 3483 364 3690 20174
20045 3492 663 7300 28508
6953 32467 184 25169 32221
30789 272 28039 142 14180
21738 10224 3289 1951 4216
691 32595 1591 14255 23437
1580 13290 448 13887 5417
13299 15771 1257 29 24924
7266 17979 1793 172 15075
4630 17232 915 1127 17602
20182 12924 73 22 2751
16184 19737 7959 494 11235
20770 4714 966 1164 26207
2314 26035 1006 21768 17676
2283 16369 12484 75 16548
20971 8125 1003 1633 27183
29601 7114 14646 810 21207
28182 9281 1543 211 26952
15642 3615 1460 1015 11096
17708 18791 798 181 19949
12070 401 1893 92 12561
430 2792 313 1914 7046
7608 22468 114 32294 26948
14414 2576 954 1239 18019
673 29994 12 867 27419
23617 2129 293 144 25036
1916 3227 3672 1737 20905
6514 29116 283 11900 26448
27490 1328 31137 43 1190
3394 27937 1757 13 10758
12574 12091 7170 199 28639
6261 17088 62 1427 9043
6165 31260 84 14389 679

82
22815 13499 7581 9672 25344
3993 27839 15727 8233 4618
30642 24259 25731 32603 21434
10436 9653 10502 11865 14209
30437 1094 19351 16504 30158
23815 27505 2420 11414 223
2657 13322 5895 469 11021
16262 838 13453 470 12943
29191 5899 658 6712 18117
8783 21838 11003 1512 10611
6668 17552 2079 8911 22171
4970 3144 21948 2785 28128
812 8516 1764 20603 5573
24801 11110 2351 2104 4258
106 29352 2766 8747 30551
22067 30076 372 24001 20269
12707 8214 1994 439 25155
26567 25896 1150 8386 23312
17588 1534 33 1119 22948
32213 472 3129 258 8532
21043 31315 634 32225 20424
8333 6685 3184 1632 7177
4484 18236 2027 715 29713
13272 25373 7106 170 16091
20648 23774 6172 51 3626
16236 23394 363 1470 10476
9480 465 144 2163 23060
13457 9547 13993 26 29336
32579 20958 4300 180 30741
16018 6212 8846 1728 13678
3859 2972 531 807 6257
16104 26367 10119 822 327
11228 27625 6483 148 5061
21702 31961 183 17417 963
27720 30633 597 1750 19186
5016 7152 516 4320 9650
10471 21640 3048 109 13984
28598 1770 915 826 11789
1305 6447 1422 702 20408
29804 26827 251 2225 12336
28777 27142 654 17800 16599
2402 4700 1560 598 15608
26074 24252 3018 116 9769
12250 24293 335 3166 20857
6663 8522 2366 4499 19377
29979 31875 636 21553 19365
434 4948 1227 897 31609
19966 28603 39 8813 25519
21450 24304 271 810 27108
5955 14223 497 1196 27592
32660 21739 6930 2379 771
4139 6442 5751 40 24313
20128 30629 109 31038 14659
2576 16348 1853 6457 921
4398 1929 3907 422 28662
21301 19121 1320 4271 9284
27895 8606 790 212 32723
3449 26771 51 28988 7765
31739 18524 3196 191 27838
6788 6127 4198 138 24687
15959 2261 975 632 31463
10855 324 13041 202 7571
31843 20588 22162 335 15802
3076 31354 121 29379 26051
14532 696 692 2023 19653
473 18258 287 9407 14265
11574 5944 977 3164 23846
15466 6547 266 2882 12911
30861 18940 26431 180 11978
16104 1420 4949 11 1576
21168 15136 1032 3353 18235
24839 8475 1257 143 7902
27829 12259 869 940 23712
4969 14541 412 3627 15799
5497 20168 264 2611 8092
18312 9043 6364 375 48
3621 23472 263 29577 3872
9212 14246 1160 4974 7818
10726 1451 833 1213 19139
12412 23584 489 161 13746
3889 28730 19 30045 11759
10408 24386 465 63 26389

72
14982 26285 19554 13940 22942
1689 14412 916 25604 4489
7024 2437 4694 23397 32676
24471 5555 23620 18706 3990
14336 3059 16019 2168 32239
19178 12194 4819 4129 21185
3508 32020 5178 3368 23729
13680 10426 3625 14440 8369
9318 30352 63 19487 12648
18294 621 22381 2160 24658
12198 9726 1212 13152 22091
12139 1963 2071 3647 15538
7041 25885 1838 5373 32120
7319 607 2636 1450 23883
28063 24311 27784 441 8294
18535 16578 2202 8587 15289
21644 10583 883 88 27121
9790 27671 1515 16898 19958
3045 1528 2186 14118 11855
14496 5248 9037 1610 2833
12116 27372 247 22736 26121
2623 24943 20 2613 399
28211 25513 25558 401 19914
2792 31862 476 3751 20416
31239 3355 24564 1565 11959
14461 8973 7172 663 10278
22434 23015 1135 1280 1599
3004 18920 1600 9682 23998
12116 23153 868 24 32767
12628 30894 1923 13447 18529
11912 23404 388 3041 11791
5958 4086 750 10393 15057
8870 31617 213 28827 21432
21433 18293 103 1230 26330
32363 3193 23660 115 4655
17778 147 10994 319 1037
458 30449 1224 32652 7641
392 25322 214 1743 9179
6800 10302 175 5215 24054
856 470 620 17579 18784
21027 11077 1200 556 1004
17540 10156 3547 137 31807
13483 7185 910 629 31321
5838 10260 20 17356 2022
23681 16905 489 7314 31401
17681 23208 284 969 22164
6263 15989 537 10370 27325
18859 10382 161 5284 21654
578 2165 246 15440 2333
16182 8224 6150 24 14727
22061 17852 1177 2899 10594
8923 27077 248 2231 5603
5202 30619 1027 50 6881
2666 25466 54 19817 27142
11320 31654 553 7784 20424
537 20904 372 981 16344
64 30644 369 12960 6090
5332 11166 413 3001 30604
12021 6911 566 1472 24063
9697 32130 81 10239 30996
403 18050 157 1671 11079
3455 7 1556 628 11119
15141 25338 17999 73 2336
23233 2829 24837 118 31812
6470 915 428 3158 27049
23284 11547 335 232 14578
1566 3236 1068 1593 26714
12443 32651 130 3510 27006
1494 1901 60 15878 26936
11724 10998 68 18276 21654
19949 10378 1097 308 8491
24143 5569 213 8462 6906

91
27617 4669 28851 8930 7446
20454 6176 3746 10746 22022
10135 498 21802 1623 15679
23438 22029 32361 31035 15039
687 22148 6217 9053 14440
7980 17519 11200 23341 7354
2274 6719 15360 5602 18617
22651 29565 697 2731 3728
20150 26904 671 11256 32339
19331 18656 19693 2949 29171
88 6302 138 32637 17326
20805 2236 4677 974 27382
25829 14247 20747 2582 24770
389 32385 4952 14238 20440
15189 13171 3171 1958 26069
9412 2975 9163 2496 20072
7007 27322 4 387 5794
29821 2433 26271 242 19044
12344 16353 4137 575 8479
19298 4292 6574 1845 11134
2348 15641 3116 3986 24560
2721 2907 1994 3734 24089
27281 3655 21139 85 11337
6053 3481 1526 806 14834
27778 4024 18548 22 6362
23206 17723 29322 675 11448
7326 31595 564 18812 20783
32478 3184 26975 207 12854
3731 92 29669 21 8915
22100 26230 325 12710 14024
6184 32227 825 13842 24998
21063 22015 239 7812 26753
282 13548 790 6117 26372
1382 4779 754 16900 3210
29101 16849 32525 137 18935
10484 12608 905 790 14693
5017 5759 10605 244 24536
239 21689 73 23294 31779
24668 6480 1822 4393 24660
19855 2204 11372 8 20032
6971 1440 3001 1473 7709
19106 15228 27 36 7177
7196 20906 189 3009 19371
11492 13630 2049 1198 18038
992 1239 1299 3433 25079
24868 3773 24390 28 19190
28638 3520 8379 21 16024
4490 14674 5428 586 2436
6654 13395 963 471 11099
26870 8958 493 4666 7540
18042 6292 342 5068 30825
21811 17310 31174 67 10850
30395 21676 1430 19 24734
4975 4315 2222 1121 3440
27405 3202 284 82 29650
9973 15259 1650 1799 12208
19010 11395 627 2428 7435
22699 17191 8846 53 10839
19696 29196 358 30010 6723
19255 28129 286 5798 25991
7032 25532 116 14260 24555
18664 3978 5971 92 18881
22128 17169 10629 19 29145
23385 28084 13 12660 21973
21405 32014 396 22095 17218
32235 662 15183 745 17658
19624 21905 20313 40 16441
27910 13850 6851 268 21911
11627 15711 8234 394 15123
6703 426 27028 52 5357
28725 17105 131 16 3057
21625 17689 1423 477 13779
24532 17454 18940 51 9753
24582 11677 1102 3919 6341
19957 12437 138 2270 10295
9007 13009 492 780 15110
4045 20563 1731 1563 16397
32546 13612 2766 211 24438
3598 12828 959 37 30454
13214 2348 5374 4 14257
8783 6037 304 140 17567
7268 24496 32 20234 17420
31819 21836 29447 15 17662
31888 4158 5814 57 18590
10832 2632 727 181 32173
13437 12798 2468 166 5742
30904 2823 20052 52 30700
25901 21662 24061 1 20480
5797 32236 240 12940 32301
2790 13140 2356 844 9808
3278 218 3211 1195 4774

34
21616 25060 14460 12041 14037
4368 10423 22534 13822 11354
15122 3329 22126 621 21454
2464 29949 546 14447 23046
10473 10080 19498 300 11320
28748 10773 10657 10104 28401
32204 3961 15831 4987 3974
22244 5493 1401 1977 18883
14536 6777 2553 1195 25650
12364 620 20256 1208 8711
37 1203 4346 2755 15420
7989 27792 6907 30135 30524
28757 2303 657 859 20464
409 24919 1149 20124 9591
30877 9248 2627 520 12191
10525 2943 2276 2505 10194
18240 31645 812 31866 9933
14026 25656 289 760 23338
16599 28265 141 9603 24750
5394 9851 838 253 13825
1866 9472 369 11668 32307
2878 24887 2858 4456 7007
1293 6608 526 4719 4079
5018 31265 91 28785 18255
6494 28803 1235 28695 5472
14701 5055 1843 461 16016
312 8735 273 8824 14850
22178 9808 30739 20 28959
30741 569 21844 33 26963
1860 8099 25731 855 22579
8017 26235 1932 1500 22231
7410 6902 3649 137 18595
29186 22228 24971 2512 7153
26842 4591 4819 2478 11958

69
29013 13787 1619 19264 26670
25142 1494 6467 2497 1762
8772 29206 7808 11852 17856
32139 4183 5641 26915 10226
21793 6894 747 31355 12839
6712 7290 8054 1643 6715
22991 2554 404 4576 3427
10261 18190 9282 10046 13235
26071 7214 1144 18332 28758
31018 31341 2289 9455 16135
3195 11300 2668 20405 22443
14751 13814 558 3577 15539
1917 31894 2113 11787 1338
16708 1231 3799 15538 12665
19186 28713 2577 20447 29524
22889 29646 2014 31396 19298
27823 7882 2841 3256 2275
3931 3895 749 4765 5379
6611 31452 2135 27854 31906
27696 19639 656 20200 936
2237 874 550 2778 11892
6008 13784 114 31456 23189
32363 2273 30011 554 17878
647 4788 1595 12527 3246
25009 653 4182 208 24849
9030 670 13824 329 8718
25912 32134 1407 2778 13094
32439 1496 8470 364 15980
24359 4273 1170 12640 27604
10646 2201 392 3463 6933
6262 17328 2357 7036 21205
17661 29299 992 10907 27669
12536 12068 72 210 24196
30846 20727 783 2929 25282
996 2161 571 1337 22305
347 20153 394 9799 5810
4398 382 2904 2074 724
28185 15080 497 422 11401
6543 25636 2835 176 9549
25321 18685 67 17052 5374
23549 9359 681 16283 18164
20630 25182 108 704 8762
26466 164 17660 205 18234
25439 20423 141 31855 19866
4434 32563 1460 29944 1351
22709 4233 273 17185 28396
27259 26944 437 568 19063
7742 1090 16463 11 27296
6275 10246 553 1134 2946
21192 9393 375 16215 26127
8072 9056 1755 6675 18277
28639 11522 596 1437 13755
28442 30623 430 16794 19648
8704 16184 2761 1114 28936
16693 30666 170 23906 10660
28399 27519 19 7164 4609
10309 14497 2977 1367 832
28487 17335 152 17 28996
13660 9019 296 1009 11354
339 3488 457 657 12067
9532 2043 394 5033 29778
5090 4682 2490 2083 26793
20960 5845 598 1574 1897
30037 745 23417 145 11485
1014 22938 1457 5329 7668
31791 2841 31805 921 32731
9944 13275 576 305 9902
25947 24152 56 126 26793
1109 32436 258 19271 18583

52
22224 3081 27922 25542 7795
16537 19602 823 26057 10243
9634 5528 1633 28084 22433
19048 31541 7231 4223 6293
5163 8186 3085 31235 14212
12247 5995 9137 8461 16610
14752 29976 1350 2415 10634
2833 27572 980 15627 15760
2990 15394 521 251 20192
16039 22473 142 879 13870
27241 31376 18694 28372 24587
22438 29133 20948 1719 2008
20681 3829 361 148 10032
713 15115 1127 31067 28953
4740 1713 3017 5016 17178
23848 1189 6034 402 24173
14279 20766 550 8918 25763
18308 15016 1478 14265 9514
8379 6200 1105 32203 30654
3679 10862 102 9473 5336
12186 23473 2044 28055 18624
2060 15821 398 31344 10695
2060 232 218 11494 8902
29694 397 14542 368 29128
10645 2604 12312 46 16267
13992 1990 7719 325 23256
3938 19653 1173 1256 26012
11551 14654 416 3054 1431
404 352 1346 10040 21045
3827 11475 427 2408 27217
4129 31716 551 3692 22881
12706 4606 3698 623 25758
17566 18844 612 4273 19464
20241 22533 1939 735 30598
12008 30081 25 3679 15825
2842 4007 132 20309 26585
3096 683 350 2927 4719
9188 1208 6247 584 16265
32557 1029 11188 1718 24946
11559 22295 336 10235 11176
18885 32506 141 29998 21617
1889 5334 142 10129 16564
20976 262 6505 445 3319
11787 18064 2387 1542 17196
8979 3601 10657 200 32644
12854 16018 1792 543 31930
20716 24811 562 4291 6995
3542 25996 1527 1344 8242
22191 28986 29588 135 16342
23618 28763 25986 42 22154
18197 30591 193 1512 607
3407 16199 104 3801 10552

49
10575 24564 12730 27832 13951
15271 7976 29786 15187 427
26953 25076 17037 24547 11699
15731 2101 21821 3696 18789
2033 10880 9597 760 23528
23398 29213 804 7483 16733
2872 23163 6227 20886 11355
3929 6990 9998 1825 26205
24584 31352 74 22557 6842
5117 11680 4558 6767 18366
29406 24216 22237 292 14518
6911 19112 958 3071 30115
848 846 17842 92 12296
27144 23725 23203 383 866
398 2080 1353 12639 32733
21706 6793 19317 357 22512
5313 2434 5070 751 29806
7956 3697 619 895 16298
10720 6112 25186 392 13187
26926 1677 15389 147 6447
12763 12914 121 3564 2600
1756 15466 190 1849 12820
290 32012 137 4755 16486
9639 20155 453 4100 6308
30772 51 30496 838 29437
17200 7673 13841 97 1493
10486 24393 75 1290 25711
9356 29582 647 17615 18127
11538 20274 1853 2568 11857
12619 3417 60 2273 10163
9148 1245 2668 91 18028
10157 24109 255 16194 25411
26547 29097 283 12214 7742
1159 1629 5429 337 12803
24290 25493 646 3336 11314
12344 37 5781 332 13571
1138 14732 179 5711 30965
9723 11650 645 356 2306
9741 15690 2909 1524 18220
31842 1477 24909 143 616
1398 24182 1108 30093 22806
24793 24514 22425 398 16818
11466 3953 294 444 22218
2739 12108 918 10277 24352
14217 1651 8052 425 22540
2860 3478 3911 85 22518
251 12262 47 15593 28655
364 19770 284 4293 19530
771 32587 411 22952 10041

51
32508 7594 2045 22751 19925
12945 2616 16290 16500 6206
2516 29473 16956 9302 32372
9869 20045 454 862 5627
15963 19345 11646 256 6349
31207 4899 16393 1527 27391
32237 31984 19114 4385 16120
8315 12154 2746 5872 13404
22162 29070 4514 27702 16955
2364 26011 23 29899 4454
30853 27035 196 17917 14441
1615 14434 2659 11299 20040
14558 19924 2323 8161 7425
853 358 160 24796 2011
20990 24127 7728 51 17623
1070 7583 371 18609 20791
18288 22115 7221 819 13196
28593 30654 1612 1268 28343
4652 4038 122 19844 13795
5913 3874 524 2988 11618
27790 24290 768 22149 18629
31370 23243 845 18596 11259
21283 24 8093 655 14121
11360 21569 2243 1663 7282
1812 4752 725 6286 1979
31222 2841 7961 1487 16066
25319 1549 11467 369 31885
5698 23755 5006 5086 6677
5818 7502 1323 15095 28895
3386 220 13690 2242 7280
42 1291 586 17689 29308
22942 1252 3138 78 21667
19632 30593 1016 4481 774
3476 8854 61 4019 11459
28810 32485 1759 10175 25831
19697 20242 6844 331 29164
962 29306 1239 16990 15203
32377 2609 21726 139 6867
23673 22948 3138 763 3139
8031 6540 183 7955 2451
31094 31464 163 23207 11948
9592 5438 1344 1518 9653
5218 16603 413 6723 30531
23425 20714 8735 994 24926
26524 25017 1142 562 19351
11924 9938 346 6254 19934
31782 7114 708 1812 28060
7038 2655 2682 2464 7354
8506 18453 3859 862 5853
4431 14528 99 4938 29201
685 7741 130 26882 14087

26
15969 21043 6479 17140 29960
27025 10527 10801 29173 23340
6733 26241 8678 8039 10437
17525 5890 28811 3023 12308
1308 7566 6915 2869 2590
665 17418 14154 386 5860
9618 858 5402 6015 32406
386 13316 266 30660 6114
19565 19 5408 5811 7608
23168 17442 346 7946 15072
16922 15993 473 1586 26094
24667 15870 1876 12545 23965
19099 10038 4577 1115 14762
2459 20501 3270 15813 28482
3203 13405 13070 815 24929
7313 20332 7268 784 11205
30363 1933 13174 2288 23700
1690 18938 2882 350 7328
2685 15023 6038 1633 32688
13063 8995 24054 565 29887
22573 31566 267 20196 733
23871 22521 86 18001 23839
8198 12405 2898 880 14700
26240 28450 253 21846 21241
20711 13832 510 6462 23171
27855 4635 16397 804 8141

88
13619 26557 7960 271 9285
31679 7345 17323 29047 32600
4686 5856 2982 9617 12301
1295 28948 21142 18762 12212
2136 22640 8458 1994 4179
26561 2169 3129 25137 17360
9794 10994 7356 4922 10718
18907 3836 213 16394 31457
25063 27593 1901 29145 32512
21520 9002 2108 2327 16582
10788 20751 11486 5166 26803
3688 2342 4714 1177 21704
3970 5460 79 16635 21838
30185 11538 909 5609 16481
611 5177 2746 9055 9317
29045 27434 1339 12905 17900
11035 655 29657 697 4308
2027 27098 22843 895 13227
22564 28141 1561 19376 16520
30734 23149 76 28841 24283
30109 11711 75 10495 23114
175 17163 82 32478 21955
4769 25291 5416 1392 3757
16889 16150 1727 3314 21568
32691 4644 25414 1843 867
25587 496 30235 99 31139
23719 16523 2182 1358 16831
32440 1708 2311 898 24282
7698 4013 2179 1664 7866
21412 15224 67 3069 11693
11545 8347 5096 309 4516
21505 8069 1469 892 6393
28476 27635 534 13704 10639
6835 3567 2647 57 21746
13508 1730 9956 286 3007
12776 2986 12056 31 12996
4949 17242 1485 3486 29851
27189 31104 476 4484 17928
304 16027 2791 2506 19836
30395 3660 4507 23 2075
30589 19928 497 1243 4208
10511 6927 3321 615 6088
7030 15906 1056 3605 27293
20341 28405 481 71 32067
1209 32331 39 5006 8277
10952 5003 391 1460 31227
27786 30540 39 23903 17617
19671 19320 2403 361 9846
31066 22205 510 8684 22847
8127 13292 1566 7242 18603
10298 382 5430 245 30896
9723 16703 7008 3300 28047
11414 6570 1717 308 29057
8272 7127 1818 3648 14002
3594 5792 222 16532 9937
31309 31451 149 1516 27716
23584 14633 2882 583 6779
10767 3337 2368 924 27699
22862 18517 1931 5688 29106
19804 5033 4660 1776 27032
31200 16439 44 1102 29976
17551 3337 212 955 20069
2327 1783 6905 509 16389
23800 7532 1010 6700 30157
584 25354 321 11096 3151
24133 24641 230 1562 28742
22481 15146 157 8254 30240
19405 17143 499 1541 27503
31552 59 13639 216 31218
12009 8797 3989 1957 23807
17248 9011 244 3123 26714
1307 24218 807 1490 25227
17856 7270 285 560 30146
3476 20522 21 640 6447
29853 5779 974 5626 6219
19182 3178 3107 733 13740
143 7185 200 6751 28187
29842 2812 25026 662 5907
4243 4177 297 9178 19406
30687 3780 15959 521 29220
15320 28062 1993 194 32155
18152 3706 501 4965 31779
24581 30087 446 4304 15014
2231 1017 7714 142 2179
7765 7623 31 3650 32453
11102 194 16336 164 20764
25070 3902 389 10492 12513
2613 464 4589 126 3330

1
14800 32433 6417 3867 7409

43
12747 10991 30123 31656 23824
687 698 11023 4257 31851
17006 532 19437 310 24911
6258 26214 117 16761 16390
26624 3291 5844 1466 28488
1418 6451 848 19103 17647
6901 28849 3712 10556 18687
2818 8431 14600 650 21070
26153 8036 20477 126 25224
13437 1884 27790 1401 31588
5206 14746 2837 2623 19361
606 30086 5109 3490 11167
618 5040 402 895 18672
1842 26028 975 2207 30899
2750 14022 1286 4145 1563
18347 3621 2343 1792 29260
8468 27222 1420 42 22526
9989 22026 987 4855 104
8603 14469 524 4758 4550
32637 10002 26090 11 1879
11212 7366 18117 502 21767
758 7063 646 22200 11473
28174 6084 25697 448 16044
30725 4856 25336 731 23611
4975 19234 2481 5569 28747
5699 6663 18549 622 28011
7418 10224 2764 116 2163
17052 10124 19654 296 22334
25675 110 23830 281 16270
5803 8006 3345 70 13975
12971 5596 7275 74 5687
22317 8982 1792 576 25019
3714 12409 3626 586 13961
10153 10835 898 8483 9892
55 19894 214 9932 94
22234 8520 32604 119 28885
4760 5669 6174 323 31192
10669 32497 1551 26410 32490
14299 7995 10631 331 11830
18912 10605 29039 91 3569
5925 24936 6 12072 14144
6366 9456 6364 482 4319
3865 6040 7755 276 11712

1
24001 16051 1571 28397 15724

25
28113 28230 3956 25779 6480
22806 24226 29140 1388 30989
10025 7534 1679 12105 28919
32530 31831 16529 23864 13039
16350 1727 25392 14096 19079
12511 4369 1040 19840 12882
1832 27319 5636 23961 2072
15747 17772 14724 4468 9703
1275 6016 6758 14273 11580
18164 32755 4579 19194 8690
10241 30687 5793 15865 28940
27118 31315 472 17116 13320
13714 22686 2163 6966 29844
26967 26989 24864 406 31537
16635 26658 22275 274 29636
993 10125 3 4512 7034
7202 6 32179 722 19059
1419 3561 13389 605 5482
3105 23700 6023 1909 9288
32616 18350 15611 556 21759
25664 25777 12420 71 26428
24656 22351 5582 1106 15730
2501 20890 5281 2471 1850
7525 25901 2649 951 427
31602 19018 29289 1479 2922

8
28607 4406 3856 17649 21101
9296 26773 13097 32184 3544
32651 4826 25991 25573 28942
11894 3711 4306 8451 28581
1882 12564 9163 12453 32009
1244 22202 173 14179 31747
21806 23796 9852 583 29936
519 11645 4584 563 8925

92
17007 29055 13722 18905 11800
2182 32296 4289 6952 8015
27918 13356 5923 5373 30753
1486 4070 3827 21946 8652
12358 10677 24630 1788 23487
31227 29573 23302 26268 572
9500 17819 14376 11161 23149
31017 8573 31514 745 18487
24476 21904 16010 6093 12644
7230 1711 26979 739 14970
13048 3085 26844 4341 14600
7108 22910 573 13357 25605
11030 13651 14338 817 16802
10061 15829 8821 1440 19436
32322 9693 608 396 23004
6555 29255 521 4893 13768
10591 31392 4978 27502 25489
1172 10296 120 26787 28174
7694 19758 1096 12410 6804
6143 23178 225 2531 26877
10607 516 11289 1104 25212
15453 12618 2378 547 25981
8306 5240 3564 5230 3582
7061 12356 612 4329 30301
31918 19589 1233 680 31331
9290 29542 1206 31821 23717
11972 7804 5271 1843 650
21854 8196 7362 550 10768
26221 13231 565 4464 23112
28571 28347 14196 39 7656
32096 21069 10807 790 26774
7941 14540 2821 26 15947
23027 15020 1493 1298 11039
273 10755 144 5675 8517
12601 10100 333 81 22279
15915 10439 2119 65 14231
1333 20529 82 8610 14794
74 32753 889 217 640
9088 27857 4 11691 4327
32344 1125 29908 242 21706
26618 20336 16717 622 3216
24101 18729 12770 24 11080
8948 15855 281 9345 14340
5341 2937 1340 3615 9252
3405 27450 1110 2313 4294
6530 22747 544 851 12265
37 26107 858 708 29027
15767 29841 981 31137 11491
27116 855 10003 151 10196
29617 18839 17669 649 1278
5967 13464 514 4836 31247
29177 28775 18362 152 13677
5746 26636 318 983 26864
226 1767 142 3875 21691
5573 8506 2476 594 19233
526 29424 298 1285 14924
15132 14595 6572 4 11699
25854 446 359 998 11878
17057 15565 3348 15 23321
32072 7714 21874 279 27607
23962 18836 5572 141 4880
79 7225 669 3188 13716
5479 11803 420 14544 7653
1920 30307 52 7555 6846
31038 2481 6084 313 21507
2003 32165 105 3808 5350
10152 10517 2785 119 10035
4583 2715 22869 148 22210
30905 30214 149 29426 22895
7045 3530 30 2541 21898
15765 32 15573 168 29325
31235 29244 23508 310 8126
29626 410 23822 234 25181
28869 8088 1255 81 18944
14251 13344 191 283 2254
16667 17457 7934 90 27946
6421 20325 703 2238 28108
27844 10221 16114 276 17169
15446 9683 5762 369 31838
8199 11260 2620 1487 14865
20282 9110 2107 82 1134
17674 8002 4079 730 21102
10100 17527 105 214 23349
24529 9183 1860 341 19859
102 20636 439 2972 20218
1369 30437 475 31516 22047
24026 20047 1606 1421 2216
996 29152 125 30243 28460
7015 2957 3913 248 2297
1265 1896 2379 1336 29792
13102 9918 1123 739 16324
2157 31187 1150 281 18919

60
21676 26395 24186 17932 22838
21118 12604 13458 10386 31867
15361 3669 18622 133 29342
26296 5851 22351 5643 16763
4207 22331 12690 31048 13603
9041 5927 10512 2565 17994
28157 11499 448 16 14757
10843 11980 1472 2941 29735
1288 26317 275 32046 19208
19097 31853 1784 10733 20799
1408 19255 9881 1935 24903
27325 23615 13899 290 10137
21384 9520 1183 330 12756
14656 655 29485 2788 22904
2748 16038 6457 1531 27633
6380 10029 6302 1568 29892
1870 1471 7121 2975 13206
16968 4158 23245 258 21288
19216 8763 578 2824 10713
18736 11707 15303 399 14243
15208 13015 3176 5646 29759
6085 5251 1516 1399 11121
3837 8462 2196 2051 31266
18867 14353 2219 10415 9308
4912 11767 5506 1455 5486
17002 29318 638 31389 16219
3471 29147 484 25906 25211
22396 24719 27171 497 29715
29573 25578 14035 60 4674
17253 21107 166 4776 15039
189 11004 698 12603 6395
20074 6330 3723 645 27460
12979 14248 818 4618 20236
30313 4715 5123 976 13917
1842 30339 328 22722 9513
2449 26482 870 23667 8576
19125 27716 2502 547 24594
1853 14106 5889 1030 17725
25077 8862 1067 1366 7946
24147 24520 2541 38 32496
20969 7373 5123 1261 21503
1898 13307 6424 196 15974
27965 24210 28374 494 27375
13633 4813 13075 304 15611
17807 29301 821 8460 21491
287 29931 383 9675 5374
132 243 1195 5285 21698
20337 6034 2063 109 3202
12830 151 14893 413 25893
963 11149 300 7753 7731
17545 9185 732 2384 31863
9861 3466 13879 174 31426
4122 18225 3118 990 30853
3103 6952 1855 153 31
10293 16908 1221 1677 29515
6609 21516 5830 775 18146
445 7948 3033 1651 26127
18647 25246 9577 84 19101
1572 13585 1083 412 3272
21909 10042 1684 345 17791

18
6108 31315 5209 17462 13376
14576 29034 25996 7397 13903
24375 17757 32393 6107 9813
20044 8506 25795 6239 10583
18790 2943 2649 5386 6957
1529 20860 4830 807 29802
20896 16893 583 56 12582
29473 3449 22046 3861 23978
443 7155 15173 12178 18253
12871 26424 28649 1723 31043
1577 25457 3007 6484 18498
19829 17169 200 8496 21439
28683 2379 512 2100 11146
5315 29213 176 26240 12326
4120 2388 13890 3971 9681
29013 14816 4218 876 28681
23935 28441 4103 504 27686
6203 22782 6883 857 20348

40
10673 19600 20273 9410 28191
19597 30629 358 26740 30217
15765 6649 25847 7601 14289
3440 27816 3081 6523 1621
32657 15427 24412 15541 6702
8306 2516 1148 2194 5846
20954 29624 5450 20546 24771
11473 2125 25558 2481 10091
934 59 689 25951 18194
5632 5228 2943 1391 6039
4961 10156 1517 14002 11002
28312 31207 26856 12491 864
9396 30292 8011 13003 21839
15676 14641 6402 1966 13760
26607 224 13408 280 32441
10564 14533 3813 2381 17327
5484 809 2053 1638 16087
2507 12239 457 17142 4239
3035 19109 1428 5262 30523
25077 16996 3892 2073 16988
31278 23769 1103 4537 18313
26749 32720 231 24092 17406
13244 6428 27620 127 6855
7606 10184 907 29195 4644
15085 624 21269 455 4417
705 32671 102 8857 28250
3372 31762 60 10908 19093
10701 9576 3550 3805 14382
22810 1456 13817 304 20676
2929 274 1359 9385 28700
7572 2844 687 931 4405
8741 13056 967 2396 19217
6857 26184 406 31544 7394
4642 9159 7006 119 14653
8764 17544 171 18846 867
17671 32168 822 16621 18067
15095 12870 320 5518 13606
832 26820 30 16593 3875
30648 5889 15218 428 9481
2387 11297 24 16955 10286

23
32702 25412 26464 21171 24241
8305 29190 9245 28356 11195
7940 975 8680 2272 23584
9749 10378 15839 11953 29944
26679 12331 28454 11169 4125
18907 29282 13464 29311 17251
14468 8020 20793 1919 17400
3991 15800 1475 2827 9450
22096 5949 24329 281 8963
12744 3643 764 2846 29051
2118 23657 7214 2623 21019
2259 26764 12263 563 15974
15871 25519 13077 3377 18665
6917 31967 189 23181 14287
31802 11021 14525 806 17329
561 24190 459 25532 15631
7226 4486 1254 9960 10926
1899 2229 3912 10601 10726
27989 2408 11817 232 472
29347 10038 15818 82 31841
2800 28006 321 27113 372
11922 24254 3538 638 7349
20250 23070 5726 1065 25555

15
23024 14141 14971 18497 23968
339 9925 17438 18107 25563
21964 6310 28620 4649 24272
7189 32586 13969 6204 7717
3811 3687 1921 3057 27478
28869 11999 3975 1116 27235
28438 1920 27998 3105 26034
2389 6021 1146 1792 13165
20545 18363 2298 3561 9738
6977 28510 5388 2595 21484
19341 1409 700 311 31988
19751 12377 882 2765 20153
8492 2716 14755 371 9860
10891 6210 7693 3145 15720
18795 4407 7 5865 18048

44
18425 25121 3828 12042 20941
17771 13931 30723 7842 11520
15182 27424 1759 23280 11775
788 13103 6618 17554 7474
27182 6932 11139 4296 23921
32347 22131 32754 13590 27638
9106 12362 2186 16707 23707
2545 31273 1849 13967 5608
2548 3393 8609 1305 18075
23185 4549 2446 9015 1955
26836 29139 2389 17089 4180
7713 27362 1044 20042 12729
11300 253 19186 324 6315
23834 24201 1718 8114 7007
12169 3208 8858 6438 2921
32462 4502 8353 1544 9257
5079 30931 1776 4569 19473
12017 30599 2882 29265 22101
8759 10579 8499 1000 26364
31450 1667 10744 1978 963
26171 27587 405 29262 22852
7624 716 15914 1852 19249
13577 15510 1588 12987 21106
11998 27168 1559 3243 24182
672 31964 1869 29310 28565
9244 6298 1530 2364 22915
27843 25358 3481 226 15548
849 4748 455 2052 14703
1066 7731 3723 925 3527
23278 28009 512 29460 6785
21827 3863 239 2145 27213
32010 25504 29 29529 21312
5136 6150 3453 1663 14072
11067 30207 830 18445 21610
29868 30475 550 13980 12950
11333 12723 1403 3033 10696
6405 2681 13848 314 3075
9222 29277 260 181 29861
17550 11242 219 16878 23604
29389 32378 475 25390 8380
23328 22793 6414 1141 30161
10080 4725 245 1066 13472
26515 12209 30533 171 17475
21886 2808 7038 640 16750

92
3809 12755 3136 25885 19528
755 5665 1018 7538 23667
8166 11293 15350 1631 13052
23691 6359 9084 17826 22237
14567 18761 5567 10108 32026
26418 28793 31633 20270 30874
15499 13080 2400 2985 7327
9476 31990 2173 1150 27310
9560 2811 5295 4967 8375
15820 32468 8854 2607 1144
10715 7999 4831 1735 8227
20986 1149 25631 678 17915
1155 25550 1126 32291 31118
11844 13825 1134 27433 30749
5869 1662 1985 1602 27980
27024 4506 32057 470 1411
25236 2161 31516 2246 14200
21481 3593 352 1382 21923
20920 25479 27459 835 14747
14607 32011 1108 19122 8475
8620 24965 656 14615 22076
7709 810 19223 4 9550
2271 1122 2725 8363 27291
16962 8166 3700 2566 26761
13101 26044 1226 6813 31391
21293 26723 15198 1988 6910
10275 13845 1466 713 32340
23167 10403 413 813 5363
29211 456 4870 557 24839
19148 5250 26173 232 27653
18102 16949 3174 1529 9788
19964 166 31700 186 16108
19619 31952 6557 174 704
8362 25230 151 2576 22232
23084 5752 18281 581 11031
3210 18913 563 29993 16817
61 4396 366 17260 4434
7138 9339 624 1667 20709
15022 3422 2098 829 17145
18336 13930 4178 2166 25698
23164 24377 5811 992 4983
7370 14568 14 7179 26614
7272 31618 16 24581 15800
10467 2295 2837 151 17327
10311 21114 667 7288 27859
3787 9615 2667 782 31605
7608 23147 1489 1615 18228
482 15288 691 3771 19559
2704 18078 386 18648 31555
9662 17612 592 5358 27145
22197 3211 3015 1162 27858
9457 17058 49 14349 24973
7647 16467 1042 4727 2450
22548 19401 226 5663 18748
7733 29109 50 14066 13435
25827 5513 23559 170 26141
20448 28786 2570 841 23971
7474 12983 29 30649 5232
18603 1522 187 5425 13130
2118 373 15429 296 22840
13746 21642 350 1467 9032
1202 14103 284 3617 14788
1803 5841 414 12679 21707
24926 26561 15922 62 9068
11676 32501 160 28008 6377
420 30203 222 16558 22343
14638 30041 8872 1596 9770
15235 7105 6868 163 7890
32574 2034 8308 66 24907
23504 13248 37 198 26151
23309 14595 244 19 18574
225 21903 1829 2097 5529
12405 2017 5140 133 28357
29982 1843 2084 113 1052
10514 995 4725 603 13764
13479 18652 1023 1411 22943
32127 24708 7133 325 31907
17659 1041 3200 400 6393
5917 7834 1574 1195 7182
7833 30706 515 13166 14984
6929 3572 411 1122 23238
5086 11065 1760 246 21761
14343 26252 143 26562 24737
21074 21944 1109 1598 28342
29001 25164 20638 2 1916
3078 9759 185 5614 18484
6619 6972 320 429 22058
9142 14481 251 8701 25249
9952 14778 1327 1907 16559
21614 18239 1636 410 10168
10204 13254 3517 166 30640
15878 7370 5904 697 5566

63
21594 27640 15596 31062 4663
2412 6580 5332 13945 5035
1059 28483 14906 11900 9141
13616 733 6247 8521 6798
25004 26495 10419 124 11425
22303 10863 11002 14739 7686
30437 8779 3433 1419 11365
5899 21164 8577 4744 16083
25490 1676 23198 1429 13472
16663 28423 3917 18797 16037
12136 10360 30063 198 30717
1738 447 6864 3712 8378
31477 7512 29734 202 1764
10785 10604 11318 2185 20843
230 4332 1118 7655 6744
15076 16806 1059 7825 14087
87 27297 2562 1039 29834
14618 25840 10738 459 17490
31693 3194 27141 3231 30034
5865 26390 4400 433 26543
1205 22939 1016 4132 30343
10009 7040 121 7151 30617
14117 13511 5502 755 30324
25104 6594 4190 997 20973
5773 5392 259 937 29031
20612 18303 311 4865 4094
29933 6036 380 1886 16216
8519 17463 6542 3079 5718
18069 18356 2322 4860 30370
11515 13523 385 2057 9000
14954 26990 4475 314 9398
27497 26749 20344 464 28445
20925 5870 4415 271 8199
2004 16462 269 316 30360
17897 19325 138 2994 14399
20952 3875 2921 1300 27595
29629 4009 2011 976 18693
16874 17491 854 8135 31100
17909 23734 1635 1213 2044
8966 1320 675 4537 13396
473 15129 511 9932 6040
12685 3883 495 377 19280
12150 811 253 1643 31845
20339 6227 3019 2637 31349
19631 14682 20 677 16354
21458 31352 40 25375 31576
31336 8001 21388 409 15447
30475 25970 22871 269 32169
7882 10827 1197 1800 29407
25392 230 2447 485 31454
12720 8143 301 848 19937
16188 27704 432 498 15709
10946 5184 1371 4342 23117
20413 13685 430 2770 13357
21677 1718 1676 2024 31020
20839 27119 75 8590 17457
10578 100 30944 71 6578
29533 7739 285 310 19743
23556 9471 2085 419 21707
3714 20728 469 1004 1869
9557 27600 621 411 30580
14879 9906 14073 400 30513
7935 7425 197 2891 7349

58
24161 24070 13332 12967 30124
28050 2922 2038 7180 24269
1262 17681 13320 17456 31488
9797 4339 10726 6729 1241
26922 10246 19130 13751 26786
17728 14140 5454 17779 25250
17164 31967 5361 11273 30982
22348 11266 2023 1553 13875
783 1319 1965 925 27506
624 349 1753 527 30238
707 5910 803 4126 20795
32010 438 5085 5461 24532
14608 2086 7413 258 13152
5548 6788 2933 10785 27091
1177 17630 15 9775 2472
30576 4108 148 5911 5546
18643 3420 5879 182 19255
8181 2334 5735 1963 20021
15776 11131 275 1731 30333
20750 4799 4480 563 32745
23675 19274 11 29745 24240
16547 21076 580 4576 22898
3030 11134 2019 2441 9537
1302 3593 6247 1623 24410
19894 1010 11103 808 19535
5976 707 864 1821 16531
24632 17050 909 6683 21808
4513 9741 77 1071 29971
305 10028 395 5802 3843
32026 8974 5400 1076 21605
20733 6475 1119 2392 12609
15249 16402 1010 30875 31860
25429 9810 712 2195 17247
25727 16901 610 236 10012
16509 17664 502 129 26053
487 2615 735 1363 5410
11154 15146 5820 998 8185
22549 6025 4338 2078 6227
128 31847 1018 5659 21784
19903 12502 202 1392 14698
12761 11534 838 1668 4808
23232 23032 118 21177 13358
9124 5405 459 6626 4837
32326 7847 13389 686 20093
9119 506 4831 1346 1049
14506 313 266 522 5853
14922 31217 225 23572 30054
25818 22114 912 1764 27583
23084 146 9675 16 6628
381 16560 4822 531 1151
17440 27746 104 1248 16652
2724 2733 2913 71 4161
2379 6000 303 10204 26316
18910 11087 2033 799 25226
27239 3918 53 3675 583
20588 13522 700 29 2383
11780 13881 5901 1131 22573
30725 5976 9256 526 19792

49
27060 28264 1409 27080 13484
18388 18279 30343 8270 31604
9920 23573 3607 23293 184
2895 13646 6139 32226 21139
28865 29477 31 23534 17081
2606 4435 32628 1167 14391
127 31548 1860 6175 2467
28381 10188 23720 136 26943
16497 13432 3710 3916 3249
24703 13409 13977 1860 23679
23703 27752 2790 20815 13660
29070 31839 1437 23493 30419
31765 31320 21341 31375 9512
11716 11415 29901 910 16590
618 12611 1506 15924 9631
8518 2539 24210 1291 29640
15048 8013 8353 111 9298
20641 28396 2411 7613 10634
14807 27494 16158 185 25556
14891 3873 28524 118 2381
30277 7063 22 871 7289
30960 6217 11425 932 16612
13673 32304 5523 13045 17946
22671 15410 14276 18 10950
13105 662 5162 1240 5243
2749 6635 12855 1215 13328
21783 1131 23338 297 18211
32315 28649 16475 1351 24490
19920 27737 680 11305 25545
13286 139 11745 379 29576
9502 19995 8761 2897 26534
26672 10911 30317 157 25713
21519 2259 15307 75 26370
19326 17454 3540 687 10218
10500 19502 7561 33 32464
3612 739 4152 2408 19903
30325 7285 19324 73 28010
22979 15733 6835 810 15773
868 8017 1370 3329 21308
18747 26797 17335 355 11058
9876 28879 15 11884 23849
23624 1652 28970 517 30315
18605 12986 4611 77 9137
3479 9297 2789 212 25654
24995 6788 1908 2844 11563
30557 15795 7422 2213 1993
20920 16693 2897 375 1798
9468 23572 36 2136 24897
18876 8268 5028 1719 28570

49
26396 13095 11264 5428 24138
28893 28625 206 27841 13018
19161 6067 903 8662 22197
10528 15735 410 1514 19004
5626 27924 1015 12328 18618
17754 27468 6118 11703 29852
1813 26601 597 7298 28952
26531 7722 2025 608 3282
32645 9767 10320 594 19141
17972 3331 9972 242 25272
9037 28020 8369 15316 19977
17589 25512 13582 1806 2985
26228 21227 13043 3778 780
31694 27530 12575 1527 10968
11576 7507 4301 12909 17171
18371 23872 1753 339 19401
2172 19141 4369 1259 19088
32650 31126 8461 30340 11382
6691 31162 2142 17065 21975
32386 25051 3456 756 3364
8400 14843 566 16127 5668
273 1532 7880 4849 6974
21814 6012 4107 7979 8851
31035 5727 28847 2808 17698
3401 25435 1650 19195 23273
16038 14597 3106 6669 12477
18480 586 25789 206 16716
25933 5284 429 15065 31280
754 31380 881 2620 32674
9128 16912 956 2622 28050
1256 6397 4751 6166 13757
20332 14439 5255 6755 23497
3664 20605 662 3934 6394
10385 2734 1645 1247 27815
12300 1084 19016 1597 26177
23819 4174 20849 242 20132
30314 10456 7800 2057 22645
32720 1319 31599 2399 16934
29505 29138 30676 1761 17389
30169 32669 1225 6087 6517
13179 20662 1498 94 16819
26909 27916 139 2842 29560
8129 6482 9934 1022 16120
555 12076 192 11113 4524
24210 31664 677 18827 15734
25258 32067 774 27908 2411
5088 25243 1077 371 326
9214 25428 701 2033 6905
8443 5258 1848 74 13877

19
5410 31513 8799 31422 14847
19020 31143 11140 29713 26157
16894 24412 676 2580 13719
26244 15333 5028 5237 2755
27397 10071 8605 2057 27711
16344 3557 20898 5291 6399
31526 16635 15762 25781 17157
4918 1743 10312 15678 1968
4560 250 23048 174 18171
22616 9489 10 11240 12642
21500 25012 6822 3314 21591
279 21888 21897 657 17730
15371 14468 6142 844 19173
2655 32189 2688 11470 13454
25921 29844 1210 600 1529
931 17506 16382 3537 13270
2625 27211 449 3026 22196
678 7940 2041 4508 27425
30192 26315 72 23568 19118

82
16419 21536 31966 8050 16507
10003 11146 24208 7339 21376
14208 7737 27989 984 19381
17378 31515 783 9740 377
815 24200 5566 5198 27702
26916 9757 20188 1232 9422
32553 30394 31175 28502 7864
14040 29660 1864 9163 26456
30935 616 11547 4288 19654
30618 19691 26616 1154 27076
5759 94 10201 5715 8086
21199 32706 5651 27213 7180
9329 22520 989 9328 12002
4214 11661 579 1953 5819
3083 317 1572 2152 21344
25278 1036 303 1107 29231
6407 14549 1517 3792 660
13810 6179 17511 642 3371
29952 5086 16031 830 5610
249 17837 59 28870 20466
16959 1283 7987 2459 15916
921 8751 1087 1035 13408
655 10412 2858 12960 10009
4529 24158 2406 20 29674
5047 31246 735 22685 23491
3860 30746 1053 32643 4338
24332 92 9678 514 3517
4786 8205 3866 1096 1710
7926 32481 1820 165 32460
31356 31380 976 27458 3185
6808 6011 6205 1064 14469
10394 31497 2676 1534 7215
3494 32138 163 29302 4437
6721 31909 846 7752 22314
14156 19090 1074 3627 22567
27308 31173 553 31453 593
939 31646 81 30402 26435
4418 9798 3855 871 26546
26355 20884 26805 443 12573
369 25406 221 16412 22139
1392 31036 593 30032 32392
2163 32365 944 2946 1450
9604 7138 7284 106 12664
11711 20507 591 2955 3384
20861 19519 3731 59 20488
28958 31626 2240 8666 456
8422 9593 19849 112 16679
29775 18529 23533 1139 27153
2527 31800 46 53 17815
3910 3906 1127 1630 23093
11470 24968 2617 1848 2037
6105 21075 2950 3066 5284
5547 6064 805 361 17694
6166 32327 5 19018 30639
2893 2690 644 717 11638
12445 20705 1497 2386 11445
19837 215 2829 9 9446
19267 29740 6839 1329 9640
20391 4976 3238 262 15059
13202 18647 106 889 3368
29123 30070 27387 132 13777
17810 5406 11460 735 22932
8702 24689 280 6864 27530
18727 30843 326 28357 27158
30953 7150 6895 301 4708
12833 27086 1048 3901 17906
19339 19608 4227 1532 24219
4113 11234 4165 330 17055
7954 32683 2297 6062 10203
8730 7619 2940 672 29946
11768 28314 930 559 17989
27696 1101 2038 366 3681
12375 10752 9971 130 6160
460 4430 890 844 6020
3720 15934 252 1165 4650
19264 31753 1262 13619 11646
111 1775 779 1044 29773
4187 17672 431 5537 11846
12397 10890 5844 197 14963
16667 4118 7838 655 25169
5715 29450 1133 409 15945
12116 24052 3608 209 14761

60
18550 11390 22669 29597 3494
7776 1526 29475 1278 13241
7449 8167 5211 16410 25211
31713 6143 31333 28 13488
7036 32503 7215 24192 14033
10685 26513 217 2919 15488
17967 8087 26395 2699 4786
27827 7052 20133 987 4196
5819 2165 1488 26581 32374
15844 28636 2583 14386 20462
14628 5131 1698 1703 6699
233 2647 4285 24554 11249
13058 8746 708 4529 25070
13326 17191 5148 7852 24095
25389 3125 32033 195 25440
17594 3770 16949 1345 11733
1177 30745 2114 13630 32151
4257 32158 1306 30655 26419
13 349 1729 846 11629
4619 5639 812 20448 28422
12778 28553 522 3292 30742
27901 6288 11380 94 7054
26909 2952 694 139 8412
16245 12099 1080 4843 3593
20808 2937 2585 782 1126
14828 7472 5181 59 28098
11047 27216 2682 1147 27821
16751 26657 1735 1813 29721
8935 3246 2321 4078 19381
4874 1231 26432 287 30364
12176 4517 20 1261 7007
9818 25273 6755 964 21110
19525 5962 10179 112 31758
15051 29552 373 14587 4442
18742 5540 24715 110 11117
17100 464 12088 210 29438
25735 5424 5917 13 14789
14100 4019 242 9933 18346
4792 29005 5107 1599 8277
31104 293 25165 574 5404
13386 7384 658 164 4184
327 27726 423 2238 32456
13254 2855 3673 556 8744
15503 32318 316 26512 20569
30583 6721 2018 240 17447
18167 968 27413 98 12686
7896 24753 1436 106 6273
9184 28361 1312 85 10682
319 31083 541 9044 8446
1519 27516 1102 2392 18407
20615 6219 2342 1490 27399
11303 5805 2394 1472 4537
7474 41 18585 61 14250
10815 30998 1128 1182 16490
18680 11010 13940 218 5927
14360 29025 217 16099 9248
3873 28614 92 183 19521
14601 12600 1190 1948 13162
6881 627 9485 253 29407
6140 30947 92 7063 25701

14
22854 17388 28784 24111 20732
9611 3932 26750 9609 12424
5004 27675 3399 14383 8037
8098 658 1092 9307 9858
2005 26658 386 2492 10861
9738 30569 9797 12985 31858
12545 13675 414 2653 31497
427 1457 6321 360 9550
12956 1581 8199 2245 4056
170 32442 96 13153 12339
1528 28221 96 8535 20420
1235 7275 664 19813 10349
3618 30955 590 4896 31532
2829 13742 3332 7557 5093

89
760 27391 19380 9193 7741
4244 5898 9958 6792 28467
22252 20804 26013 5794 4309
28195 9386 17139 4138 10049
27952 32036 468 24331 10944
29026 27495 19287 14075 12643
25239 14184 4165 5616 20893
60 14430 18728 7079 17479
18307 4935 9063 5237 10735
28015 6281 10743 2925 31740
25645 990 9949 3930 6758
24520 30130 471 20978 10608
9404 22572 8452 4273 18428
685 2170 21474 1583 28903
25719 32027 139 22290 5672
30116 15962 2923 974 15445
21242 23197 48 5557 20314
7465 13105 6707 265 29541
22282 29469 206 19694 30760
21051 32482 365 19320 30401
16293 11363 10758 1848 18498
15587 37 16068 422 13550
21659 29294 243 8153 7284
20496 14584 2856 3593 30851
25146 28547 463 14116 16997
1061 1529 6019 390 31883
30175 13876 27166 1361 3536
15964 21796 6094 380 7012
26023 28008 1429 29036 2239
32104 19981 17773 16 6097
29526 17142 28274 2649 21316
2549 21692 6463 1630 21373
30380 5194 7152 748 13792
18732 23286 370 2466 4253
741 4398 1477 5209 903
6386 5341 2311 53 15703
1960 23694 5967 735 21543
22608 32147 758 31929 30041
20673 13678 3575 415 15377
3739 13397 4266 273 5590
656 26120 858 35 18357
16348 6698 1053 671 7485
7428 3979 3189 813 21970
22570 30496 205 585 27578
14079 852 5434 135 2706
23553 28519 803 5655 2801
10046 5127 1014 632 2160
21691 19945 1790 20 12614
23991 10238 2054 1027 29119
16613 10186 4369 588 21142
14999 4703 1886 1554 14545
24196 20117 6451 469 25517
197 27009 191 27168 30305
7937 1465 3756 686 26498
15210 8980 1324 143 8849
19450 24751 1218 1445 16535
12830 1964 392 81 27405
5452 16 4572 1248 5772
22357 977 1705 3436 4784
24355 16998 630 1712 26359
17419 4977 828 3863 14911
5267 4110 134 1169 15754
23607 630 4807 278 7957
30051 15536 4490 108 25187
28155 506 9768 8 10844
17940 23431 763 37 27974
24179 1388 677 1531 22188
23456 26850 4801 995 31019
16792 1143 3653 588 6100
28561 13576 254 310 26800
18884 16482 76 4528 29899
3225 7804 337 3907 583
6722 25077 2074 930 22035
3868 6008 105 4341 18660
14258 2020 5038 96 14984
22867 28853 353 2838 14907
19553 4373 2092 318 12593
12787 1464 2015 117 29508
3000 4383 192 5323 18575
12002 26903 4480 409 27135
1195 26310 5877 730 2563
14415 6335 181 4976 2075
1003 21638 195 2958 16274
12793 22368 4824 92 12092
7627 26627 197 688 16649
11412 21644 126 907 20075
30105 26789 17864 441 12619
2099 25336 2463 568 24177
20554 29674 80 12792 8804

32
17464 27306 16214 14970 10757
4912 24636 3997 27996 16939
9349 6740 25791 15017 12117
15135 25580 9913 937 9727
1802 5512 4801 14889 23336
26735 23603 15473 2375 14723
9987 25933 3566 23677 32432
10969 4581 27095 1455 9806
26566 2440 19501 1394 11064
2638 27437 1867 179 19809
2404 29502 1987 15209 22148
18431 24725 6303 267 5211
6124 984 12309 1998 9734
9092 29192 65 24119 2208
30092 22575 15933 865 10879
6871 3631 194 3048 10179
21974 26670 13517 169 4568
30168 1285 30497 213 18130
509 17869 1112 11509 16335
13434 22291 6653 1166 20640
654 29814 964 14071 2423
18506 1129 3877 1821 5727
13886 29846 375 21704 14307
14431 31656 2433 5128 26289
3384 23649 18263 275 6195
25256 1350 3128 560 14931
30602 6425 4662 307 2607
132 17694 351 16865 9787
23283 114 14527 1005 15060
7460 11317 1878 10210 4004
20851 21885 5674 885 11404
4879 23485 12471 111 21059

39
648 24927 13444 1099 12480
23411 18016 13915 27604 13341
12623 29188 3660 11245 4751
6987 6564 10656 6789 24443
25318 1665 1101 8643 21184
31194 5065 8179 5766 9934
14591 17405 4033 10734 22508
27029 7387 2331 9877 2603
1495 9419 3052 15361 9996
19436 15125 2831 1459 19771
7646 14122 843 4296 9444
20225 5934 3912 5578 21447
18778 25813 2363 13363 13504
5040 11434 91 6556 75
368 29539 2914 11658 11669
8392 27053 816 12093 456
5718 1353 6669 4632 13661
31654 11381 24614 2598 13982
32341 640 18522 1191 22368
8223 18506 836 1493 14804
6386 28279 1645 9322 19075
18419 8019 857 9157 31799
4664 22261 2071 1489 27567
17908 28397 821 30133 14682
15072 178 5903 3691 25385
27227 2458 19154 2559 25836
30927 14142 26075 60 21154
22559 23864 422 14174 12959
20009 3896 42 2982 7722
2483 237 2941 8200 30439
21511 30921 525 14808 10532
32229 14772 3686 1951 18166
32706 14420 18076 129 16009
26667 3238 1 5178 6815
23062 21364 249 20478 11999
21597 4814 44 819 2347
19892 16825 1822 1478 17335
9317 31928 2061 8148 1819
20173 5018 153 23 1047

75
4028 31052 18660 25200 13635
29976 2205 8495 14729 30717
23821 26565 2131 22842 12485
28054 25006 2892 9328 24573
32158 17487 8241 4253 14159
22247 5971 7380 17079 19914
17044 8307 2864 20438 32127
32648 22683 31724 32588 610
4019 21983 9487 8791 14891
9917 10155 4186 3604 16134
26120 32752 1070 16256 15256
575 31157 675 31704 28263
954 6927 423 6219 17542
23956 2039 1097 2583 210
4956 3779 9270 1812 1610
31362 30270 801 26084 17480
29560 384 18516 1350 11669
1491 12503 685 2616 23399
16260 1977 865 1154 4611
26509 23889 937 485 23257
20790 283 2893 4615 29977
2772 16184 9268 4414 20181
756 15868 3978 287 28436
23008 26299 659 16065 5702
4852 7481 11316 978 1402
16686 6699 1831 911 687
27396 27380 238 19665 4642
21360 13929 747 530 18381
14360 15530 440 1646 22555
5628 5923 13740 261 17229
1517 18527 830 1842 27666
5016 21296 11283 662 8956
2143 25711 1707 28832 9455
2934 5435 940 4745 7960
14433 658 848 4309 28659
492 8208 60 20129 31401
1960 23394 154 28399 3174
2351 20816 13509 12 436
14853 11770 1007 2818 16293
4350 9520 729 5584 10499
16185 10190 179 586 19489
1041 23289 749 1534 18736
902 1885 3470 1611 30932
17312 124 7025 106 28836
33 27597 101 16566 13989
12822 13951 668 1835 8185
1678 26164 211 26223 11939
32600 21948 12182 234 20088
18079 2921 1595 1890 1932
11508 9611 3236 307 4259
13525 25731 3274 1778 13495
21088 5376 1113 6159 24928
20738 10977 255 3175 22037
2356 8572 572 4515 813
16699 12376 176 9613 26747
7590 14068 5063 2056 15431
28577 23061 2671 560 14509
20319 15576 800 100 25521
15277 15550 1184 2414 27796
16536 12241 75 2200 17906
29825 17909 1628 654 693
5725 9235 1425 2662 25709
25381 25219 270 1069 128
32263 29060 358 22048 16509
5836 483 30 2780 20100
8376 1995 4492 652 25390
616 5809 1751 786 27980
21680 24948 832 4933 23018
25833 248 966 1436 29636
251 1187 238 1588 6176
20380 17243 797 2634 6938
272 16001 4 29155 19778
21871 14738 70 3775 18373
31054 29406 134 14580 14894
1597 16633 992 200 7269

99
24940 26444 10915 31528 11694
3789 4745 7804 20446 11255
14111 9912 5739 30410 18043
21204 24545 1388 23659 14201
5059 26220 35 532 17008
22713 1170 30409 8781 12021
23125 10078 18739 9621 29882
1508 26934 11263 8854 12910
26293 20832 26714 4332 14175
19064 535 1544 7416 17998
25516 697 8008 43 3776
22163 8655 62 12733 20301
821 13588 2901 4259 17778
13357 32626 708 23457 12798
13332 5477 2818 874 23722
24310 28060 504 16683 5933
16256 963 1619 5448 22125
9370 1274 1647 2497 23146
23563 28621 167 8358 25652
649 2026 7339 2603 12046
12718 10048 475 13444 14286
20225 20950 919 20294 23130
47 22639 1225 25241 23035
201 5275 918 1151 28836
23133 27532 327 15148 22383
31306 19742 749 1034 20675
26158 26257 11320 68 26828
17812 7376 147 151 1938
1085 11287 2202 15 5925
22736 22127 811 3616 29685
31325 248 21008 446 21698
5103 26371 1282 449 29188
13403 22181 666 9711 26438
24745 21165 1371 3090 12499
1942 18650 786 3795 24324
301 6935 950 2484 20310
22705 29471 226 8041 3990
2963 367 1876 1321 19273
20624 4974 996 14215 15613
12715 9279 4250 306 18591
12029 6471 1844 1599 280
12277 8665 314 15004 25555
13159 31687 142 10100 26178
31319 25663 12137 441 17425
19875 22710 338 3827 24809
30170 25397 7325 47 10633
22929 12499 137 2272 24996
1503 25035 1436 1241 21188
14844 7035 889 901 766
28142 49 12992 63 17582
11852 1780 2019 405 1904
727 181 7451 157 31725
10215 26675 1461 45 3385
1920 5371 1016 420 13801
268 16854 460 2138 30986
1510 6631 1786 3306 31310
22309 307 522 686 14007
1357 23002 770 526 2194
14142 3867 1604 638 3811
6417 25548 3444 486 25471
7263 809 5989 86 5701
31332 25453 23692 111 9010
16507 7412 156 1562 20782
8209 4337 1669 94 10623
21806 846 292 18162 28615
13528 10707 275 8367 14839
15920 1303 24 3298 26192
22957 27392 173 8678 6642
20251 19715 1297 390 12412
20006 30623 183 1047 20585
6640 26310 6005 3 22012
1445 10417 1865 443 18278
9347 523 598 59 28141
24155 32409 140 21408 3277
18383 4122 361 5149 6285
12046 3341 223 1963 26993
32591 19 30693 2 16160
11997 22224 53 2875 21431
18091 9467 2131 226 5921
12925 28582 173 1668 21232
23789 19955 226 22721 14093
14152 1112 528 2526 8318
24235 20069 6460 662 24856
22822 15487 119 6584 20711
14907 9853 1445 22 32247
22251 15362 334 7078 30232
32059 20220 26267 268 13828
1278 23766 534 560 4040
24176 20796 95 7115 20666
18179 7031 27 609 10351
11599 20208 171 1422 20186
32509 1012 29767 89 29936
956 10153 454 692 28489
11711 9456 464 7559 1611
23567 1028 1929 132 27104
757 12595 46 9357 26667
5226 400 11507 120 14924
13496 20737 244 803 9520
19893 31114 67 8287 27236

50
3624 19827 3613 32234 20692
11062 28892 22470 6761 20370
15412 6796 2395 11222 4706
25788 19426 27457 97 21047
13044 5880 2051 21074 32004
32151 8456 21113 1355 2071
19121 19600 13778 3611 26371
7471 17774 1050 6860 13259
19761 1607 11479 17697 5123
1603 258 4156 4058 17936
3436 7630 3063 11129 30511
9313 3128 113 16960 31829
10525 8949 1445 11675 17303
7823 27239 1783 13739 20052
18248 24403 20402 1729 29692
8504 9062 297 7980 12970
32718 15053 32140 3593 30353
19700 27911 158 852 14320
27279 27599 22001 1240 19308
1632 26802 1244 942 30517
25061 26375 19702 215 8983
3315 21957 19 15437 14815
31350 5193 15099 1367 23069
24590 23639 16529 659 17071
6781 538 2093 6370 12515
25786 515 20476 138 15266
1830 6775 380 3444 31398
32664 1233 8572 482 19242
18104 4649 615 12523 728
10529 4107 4428 763 18248
885 11085 1851 14021 25881
9220 21821 787 193 20240
367 28075 431 24426 19733
9770 24720 1275 17363 20017
31934 12445 28092 537 8198
25134 746 29022 120 7799
32149 2704 12889 1342 19073
28 12842 33 22470 623
1170 30144 150 14951 23975
32339 993 10310 92 15098
2131 28108 692 22711 10858
12517 5043 71 10178 9497
15100 2248 155 15153 5169
10569 21187 216 2435 16241
8472 17 22943 121 27786
12447 1603 573 2128 30208
13719 27029 11641 867 6486
17553 27906 1188 530 5948
6233 4947 288 249 13662
29843 26608 6444 490 14091

99
11440 7891 29490 8883 18314
21349 17250 28850 2328 22098
1299 26738 5797 19851 17673
28096 19732 28249 4283 2870
15116 28253 8602 6597 20305
28160 25037 22411 10194 29606
2273 4995 1020 998 18646
9605 27439 1474 28550 20789
5991 15553 820 10563 13325
25130 627 19650 5890 31908
8835 20291 6135 3760 16117
7172 31153 1741 7935 16907
5924 5387 4259 10145 18506
13233 24852 6627 3202 32181
8245 519 5537 1870 26058
30306 6934 20391 475 5046
25988 32079 2036 29284 21157
14469 28395 52 15255 21925
24029 27820 581 13657 21169
20618 22124 2025 821 5755
14449 3163 6265 2176 14200
2590 10243 583 2128 26028
16876 18913 2725 2015 13651
17940 602 1747 1337 32645
24471 25181 3047 1640 19322
517 1742 1368 2043 22140
5130 19672 577 6718 25226
4887 1255 718 17731 26329
196 20170 551 28405 13898
18773 23203 634 1247 10334
8839 16912 7508 605 16755
12752 31644 368 3829 28500
24413 6657 26205 29 6993
16001 2744 3100 73 31591
17483 5760 5890 969 14207
3619 6712 570 4258 4243
25077 31290 888 19979 26145
23788 1661 1123 724 10051
11841 24893 662 11475 2998
1539 23849 3066 1261 25422
20397 26034 3611 1641 30224
15499 21938 3259 1872 754
17892 21180 9440 410 31335
1639 13329 1507 1705 19864
29481 24404 32403 5 32461
1332 16484 3291 7058 2178
22684 7029 1102 453 15568
7700 27965 1346 1384 25158
13455 28900 598 7706 12338
27441 6871 79 151 992
12069 7424 8137 80 31307
1081 5419 838 6998 7281
11556 25525 149 23082 9982
23649 21704 1389 1568 27539
17828 88 12829 416 1364
11220 30730 150 6299 4092
9129 27512 409 32636 27180
838 30039 138 10478 18232
7715 16210 879 11273 20375
14153 18778 2298 1105 20632
5942 34 10421 422 18629
11049 2641 1783 984 12585
13191 31430 22 17258 4688
22295 23537 5476 1019 20118
8234 2889 2137 1549 23986
4193 593 421 7853 26425
3265 6520 95 6906 14826
17923 5493 5455 221 7122
14340 32363 77 26064 29823
2270 2145 503 772 29660
14182 5366 640 547 22947
14590 31098 10 21314 10260
19884 19968 3419 761 26880
20192 17506 651 1904 10324
10527 10956 39 2852 14964
27036 24721 4166 284 13740
14926 28907 129 21160 18409
29816 7506 1969 189 30798
15271 1366 195 1208 22296
10272 4834 122 10437 11420
9222 17994 6751 623 7811
19914 27608 463 502 17424
16789 5466 1678 20 13328
3435 8335 167 1797 26215
23869 27963 98 2101 19671
20548 16797 21938 74 11888
5829 2855 2254 802 28477
8777 19238 706 716 5570
7402 18550 203 11794 19927
16051 7767 9729 52 12085
12952 6721 281 397 30184
2395 609 1097 728 22731
17028 17611 837 920 27721
11462 3841 2397 1038 12252
12530 7624 9797 70 13962
766 6150 178 1683 20404
1513 4849 159 431 18146
12566 30819 175 98 24054
10269 18716 1454 570 768

53
29805 3898 26506 8161 16567
6041 25074 25685 3476 17041
16084 14211 18545 7973 20292
18507 31228 20344 7564 23851
2257 31301 8223 12773 23749
11843 3049 3046 6288 1626
2208 9597 1224 7730 24899
4683 917 4765 12353 23755
1214 3611 2453 4900 31343
102 23298 3289 3775 28029
18684 1312 24827 131 7381
31362 29308 6541 402 21317
31635 24010 12493 574 18475
21912 5465 7229 8396 17502
82 12981 988 8678 29688
21787 1701 8663 2182 5271
10895 7497 347 1619 29202
13535 18870 1889 2619 31947
26113 29820 15203 1174 12408
11166 24822 4155 179 12259
10737 29383 949 32142 32072
24456 22758 12242 1132 21298
5362 16844 9051 522 26835
15599 5807 2389 159 63
5026 23920 16137 545 21088
10060 13124 7922 661 9046
16431 1777 4398 2911 29890
110 29036 1646 27242 1183
15221 8656 3788 2780 9237
11812 28830 1628 11921 14041
18242 57 9824 760 31090
7867 29142 1100 71 11820
17219 32468 1088 1936 20241
20186 7970 35 2951 12884
9508 22348 27449 378 5388
6175 13488 2002 1561 3504
19723 7714 121 5200 13600
9682 2397 1001 2346 11626
30617 1701 11307 2125 32698
30592 12932 28819 709 23038
32653 28648 19229 223 25833
21581 838 17530 372 18421
901 2310 2347 308 28767
14242 31640 2084 13795 23665
5371 14801 465 1659 8688
2560 22046 3647 735 13991
410 3737 613 6999 25973
4333 17582 4239 2550 3921
13613 29748 288 32520 20280
2436 8933 1545 247 19596
8381 14994 1811 1343 2722
7157 424 9243 463 6784
9950 19488 1851 1140 13212

4
3935 25271 1797 7886 27209
11398 8240 23742 19558 2473
6280 30750 15360 18649 22399
24959 1002 24774 3401 20519

21
2007 24767 8462 29954 6321
29811 23659 949 15733 22994
17792 31870 2839 3263 26335
17643 2162 31754 8493 17070
32168 13577 26064 31080 3267
16706 17968 891 32264 29445
8317 19457 4655 4454 23213
11665 903 27045 504 4327
2403 6999 7076 3568 23650
24587 26337 1056 17998 25716
25036 11487 5247 8647 4454
18405 18107 1914 6181 3422
27358 25718 2184 31664 3666
12572 31060 1438 31196 14846
10508 28017 377 31208 10869
12852 2072 3903 14084 16631
4286 19139 1483 2974 16082
23288 24798 12 22101 9392
31581 13867 239 25737 3519
73 29631 450 6585 23106
732 10126 84 27169 13897

69
23817 19728 1687 14940 18038
16653 6568 9474 2088 16650
28423 31262 14232 23320 13373
6038 13345 4585 2249 13359
19743 15426 8434 138 3324
529 18456 16314 22114 18872
30893 1329 31949 15533 20069
26611 27929 21096 2146 10290
8731 883 2306 8004 15518
31688 20009 14567 6584 23
18108 27307 2667 21173 25769
12236 7315 91 5403 6975
22218 17905 4375 1221 3470
15032 216 348 4567 19008
232 2338 5650 4247 18046
28982 18298 275 8715 3337
20929 27747 1547 8729 25034
22127 8993 5803 2074 1243
18346 179 5181 3680 28574
30322 17503 17591 1991 11011
18610 24363 1156 2402 20089
6547 82 817 3694 17816
26592 31482 824 7247 6219
17241 10118 278 22283 3689
27083 15952 449 7072 27618
2120 11189 818 3553 30477
26546 24055 2029 1578 28615
22582 24937 310 1936 15219
27415 11737 1630 2975 15325
17934 5184 8123 642 21562
20658 18975 104 3730 18164
29717 11442 458 8482 21740
8577 16335 8228 409 31059
13782 6408 2077 3025 32014
4349 9532 4886 630 8063
25508 27404 204 21137 8035
7373 16901 8195 1545 22825
12039 2210 1767 2378 28477
1158 9228 872 60 31480
30792 27416 13964 57 6149
18208 14884 1520 3766 24529
392 7152 5726 342 19475
21946 3949 5200 1120 14840
30011 19969 1487 6835 24336
17934 12646 277 851 30055
28380 15481 196 3434 30744
27972 7307 2277 3446 14935
7811 5770 262 1227 16127
23345 13964 165 399 17956
446 11561 80 12565 24781
6996 10516 1175 1525 8085
5223 13780 76 3927 26317
9790 9438 1392 2389 7176
21875 15812 273 5600 258
3746 15895 412 85 11140
27220 2422 843 4685 10552
24520 297 4773 1286 25172
30558 30281 26004 897 5759
26512 30125 362 1061 29066
13755 9623 3032 6660 17764
26144 30954 315 5419 17889
18444 13016 3082 992 24967
23209 23117 125 3078 26318
8117 254 1441 175 11604
28077 1649 555 5020 3422
25751 30246 87 20827 19191
18472 9321 1045 3638 8471
2331 8153 2378 233 1897
5205 8927 2366 154 14797

44
1724 11548 30359 837 1292
7856 29071 25476 12315 31840
4796 15041 15276 8488 32362
23296 21574 22640 3567 12715
19164 1148 22769 10120 10256
9894 26793 27449 1006 10767
128 1359 16211 3999 23710
6241 29605 1597 27002 5673
31691 17847 23307 2617 5601
13120 13896 1845 1042 1404
646 27816 2880 18228 18
18982 25537 11208 1243 22299
27188 15311 9884 2187 30768
28085 13385 11329 560 9234
23841 16002 1663 412 4284
4725 26085 14176 634 14777
11484 7195 1387 898 32156
26875 27932 18593 1094 5350
4786 31794 215 19623 17515
2781 6726 1234 4170 3132
1924 13438 399 1044 20048
15310 12386 25399 58 4897
5596 141 7486 530 28493
21184 18633 7186 576 28425
12834 9819 3957 1539 17208
5718 6386 12102 64 17953
3707 19257 267 9953 32046
25607 12743 29829 256 4960
17286 13261 4081 268 14294
1424 16405 1005 10909 14998
28924 20781 19407 437 18516
25861 13741 202 3688 26142
28637 14043 18669 131 26509
18562 3500 33 3669 28845
7706 8475 8890 814 25165
31721 14183 7117 687 18362
5513 28310 720 23981 25958
9169 23713 6152 509 18067
29609 12588 11026 61 27030
21380 16506 82 1933 19655
26801 13202 1169 542 26510
4595 29777 24 15442 16486
18888 12573 4957 467 7429
4155 9194 2777 1221 3273

64
4643 15192 30720 606 9905
8739 7808 9598 954 6417
15927 26888 2363 12192 11428
32175 2347 21005 2772 26090
29752 28673 20954 13217 9097
24965 29999 3683 16351 1811
26030 6056 6416 3266 20505
30441 11984 13946 401 27004
11060 23242 19766 3481 29671
2161 26863 13146 8986 28357
21358 29192 1947 20073 4188
6147 17550 26237 2224 19975
8110 1473 4497 5494 12158
3834 21188 5749 3366 22265
22075 20212 6976 1318 17538
30267 21426 6170 359 31523
25871 850 24689 13 8255
11401 22077 20726 702 11063
31351 25573 3130 1168 10748
27569 27644 10133 717 15566
2250 15925 10157 1101 16578
13122 3224 17464 1118 14605
32359 24082 8284 588 15363
30721 11697 14010 4 3814
9668 25117 371 1148 32179
10344 11130 7519 1293 18911
24208 30673 526 14216 22519
24331 6792 406 1420 32059
95 25355 1472 30308 12127
24747 31986 212 32570 26970
21867 4880 2145 5597 31884
27033 12037 281 968 12588
29126 16076 31080 577 9374
2809 6310 1878 8843 20429
16065 22870 772 164 8953
17517 13877 26980 686 30972
32652 9086 21302 1880 8004
27893 10055 1539 3562 25171
5815 10833 16678 44 3897
5206 4897 1241 4379 1284
10743 19805 7679 650 31941
22516 1243 18928 779 15257
304 11081 699 7392 18418
22292 22922 12884 161 24621
19061 27437 2296 28012 3458
19499 16694 3518 348 18004
20638 1901 776 461 31661
19897 11100 4386 1778 1674
11151 15812 7577 49 16849
31785 20517 7971 454 6584
25503 17092 26186 322 1646
16714 4971 5016 1748 2952
22458 0 4637 683 9536
15596 749 28513 20 22397
32038 23927 6120 150 16377
6479 2404 975 6975 19655
1033 17408 353 225 3375
12553 13866 3705 419 23121
47 19617 5721 829 6365
1074 430 18405 175 7604
32738 7603 16543 496 8749
1544 7332 683 9779 304
13080 6307 3001 4 20590
15835 4527 7329 303 14663

94
20143 4096 16928 5818 12394
21393 13673 6696 18563 30044
29352 16052 8754 15809 555
5239 12512 14108 9777 22275
8 29050 15061 7196 15600
30098 2905 22138 805 30892
32517 32007 32514 6654 26478
7937 7477 5770 429 25107
4508 26427 6298 2617 3802
5994 24199 8783 269 17989
11839 5777 2682 1554 13183
25121 10575 32337 153 13065
1904 2068 4449 9977 6183
14810 9406 952 2765 16561
17741 224 8830 2318 22993
19916 32541 3881 16698 22996
15491 25480 3466 19264 21531
20871 14815 340 9899 3056
26930 1429 10610 573 23657
12869 2887 10229 255 13843
29379 12585 26071 2014 29321
30474 312 32455 574 21022
252 14558 883 11574 13018
17626 6117 2186 4412 24437
1728 1146 3328 577 31284
19656 24631 1112 92 2056
767 5171 1035 3996 19280
22417 10982 13591 1513 4467
13497 3636 4288 146 7533
16569 533 633 1107 17512
9680 4425 9743 32 3826
2714 15014 90 5482 11424
4656 18489 306 4729 446
27758 3745 26705 220 21271
1146 12760 657 5275 26063
6652 8152 299 620 21798
7397 5428 386 4120 12362
5486 25388 8575 144 9005
1217 24530 16660 288 9209
24977 32707 543 3943 26857
5333 22635 8126 757 8047
29160 29672 60 26421 1436
28932 14793 20940 640 22294
1438 19831 656 3082 18750
8881 8963 5675 1226 13150
28296 17568 45 16250 26983
19132 24436 178 27896 11673
10708 60 1214 3063 29753
7668 11771 6476 90 7839
20053 24828 654 4536 18249
16174 2693 908 131 9710
28461 16748 683 11817 22637
19618 18124 417 2835 24344
6218 32 449 866 5410
16690 22887 2444 572 25218
30668 32741 1007 25408 430
8074 4764 771 296 21536
8452 12080 5009 176 21952
29966 9964 10502 460 10156
489 5889 128 285 24999
11974 25862 2220 445 1261
18269 11404 3085 78 27507
19713 12411 669 4788 6764
2031 26618 545 1412 17351
1413 781 1753 319 20446
16569 3149 168 198 400
30296 32415 260 18196 28761
15229 23631 4635 226 14650
13539 8061 3611 299 19632
14430 7595 2361 94 2289
28862 2481 29011 170 9951
11600 8416 1079 334 12579
5826 23838 3084 302 17459
1917 12836 411 996 20012
12555 118 2960 1441 28419
10940 6261 411 420 6090
2866 22326 133 182 24375
10818 5621 6378 82 29173
15268 29105 28 7512 7581
2348 15808 298 8429 6990
867 10877 419 257 30178
35 1871 175 5913 32430
22613 10210 4559 58 20116
19113 107 19878 98 10005
29135 493 1333 675 19955
2599 12239 2034 487 13280
3097 14714 1440 7489 14162
1906 14121 253 778 24312
19701 3935 4817 21 2668
7517 1647 677 2036 27045
267 3459 134 6312 3438
11819 26555 2221 2273 15193
25600 32682 2189 5744 32403
15002 8712 908 326 9276

32
8866 12115 10343 21987 24757
28833 24686 21213 12285 19842
8118 3195 12540 1085 1182
22797 30355 244 14310 21499
20318 23129 1559 2363 26467
14361 4459 772 2623 8807
22457 3211 27656 1767 12470
32366 8936 30430 13440 5627
4677 31259 3125 10824 32604
22488 8515 6715 13400 2278
26476 6858 2895 1238 13869
376 18345 3083 890 29468
30905 1215 17506 840 4695
29490 11199 2014 7199 30639
24206 22309 3516 209 15161
4491 3568 533 16791 26480
19496 29430 478 11613 15272
27295 22706 86 2500 10908
23704 27015 2575 26220 7083
8138 7206 3789 3801 6429
31028 6943 27223 1137 27341
30960 22489 11731 1200 8941
1891 1192 2064 6302 12623
14176 8069 5133 1980 28746
19208 5133 18919 1548 18224
6541 25326 107 392 24101
1647 11329 1577 5700 19629
8474 759 692 49 2955
372 463 1262 8688 32504
593 23082 1055 16430 13034
23842 24256 2307 1113 19882
6972 12994 1330 15820 21359

90
14705 16842 29828 3699 10753
9518 3746 29037 12940 7644
3648 25809 11778 9591 22766
11029 2448 15256 131 5741
19563 21514 22570 24706 6211
1004 16056 5385 8614 8719
19248 1632 25796 303 3801
5427 6085 702 3962 20288
16132 26198 1787 14064 12377
11428 241 2449 399 15530
2243 10741 3435 5141 6754
14725 22496 2151 1274 4597
1331 29169 2280 17759 278
58 26627 1066 16993 26665
8531 8405 624 5675 26246
18407 27666 681 4875 3362
7509 8408 634 16705 8538
18615 16699 31673 79 13769
9127 17861 3644 2003 17353
2851 2819 5670 2278 5853
22865 589 19901 246 11425
12553 20557 9070 881 21151
13007 2857 17196 155 24020
9117 21505 1912 1369 20569
275 19862 213 4850 13953
15464 26053 526 30979 12777
15279 3495 10278 227 12719
14410 902 27962 81 32548
11745 24132 6290 311 21197
5338 1993 4503 715 8193
11223 21680 7911 489 9248
3216 7625 1203 1187 6524
25961 3030 17870 91 1733
1610 1404 840 2796 22362
7461 1021 8379 282 31974
1537 25404 40 2935 900
152 5448 4222 826 3424
25313 20715 23151 489 17046
1400 8330 483 4893 6351
7011 15570 351 3160 10240
1911 25600 342 1206 19422
4257 609 2744 1183 6937
22652 1190 18755 79 27638
19212 27328 49 30759 26006
11595 22532 2447 249 21254
15518 2063 1117 191 20519
630 6493 618 8556 19353
24229 1400 11577 54 2993
25788 2114 2915 275 2618
585 717 443 3444 29423
32575 180 10200 278 21971
6926 6374 1207 291 15477
30030 3411 9958 311 22872
8918 16769 2235 649 15136
16401 999 25329 161 2012
6932 7053 965 356 19489
18206 32763 279 23770 17851
8187 19858 340 3178 9281
16316 268 487 40 21855
18656 32749 139 29645 18277
1126 32722 70 29167 8789
32641 21233 12409 7 18903
21926 3285 31042 4 16851
1959 11593 194 2601 12207
9007 301 432 353 19598
7032 1719 5769 153 2884
31135 1954 114 105 2173
17342 2611 24952 171 1340
14509 3070 4762 207 25861
2336 25424 1140 3676 29530
102 11689 192 1029 7429
9219 25190 3444 22 6526
9222 9743 179 4030 559
1156 100 11870 141 29401
16115 24570 14 25288 19559
6950 5121 1241 388 14745
1335 7364 11 4191 18715
12629 778 2733 48 12879
18157 28704 48 5686 1520
7415 25282 4921 193 28179
6610 21352 743 1808 3154
18013 29494 77 4374 7612
31258 20558 7660 18 1427
23485 2826 22280 9 19973
1119 932 245 1364 31283
32143 52 19180 125 13709
19277 30832 285 30535 25321
451 4237 1551 340 30677
2083 24977 3608 381 4624
18519 22805 488 3771 18697

24
13053 21153 18732 31761 6916
296 23446 6559 14268 21544
7615 28847 2523 2066 28968
29597 940 16763 1098 13464
32374 7326 19611 6584 26071
7384 8656 10308 8260 29665
27857 5017 26214 383 31462
23098 11278 7064 1111 12471
4526 11958 330 4150 1129
16674 2172 22698 1185 15781
18120 11561 4109 7034 14935
26860 20154 25633 675 12650
26951 3441 26292 1172 32039
32364 27234 18707 18161 14962
25148 14299 26380 1663 10624
14137 3981 8360 2433 31531
30814 16105 23826 3112 1383
5238 6603 3641 1370 15786
10851 24695 782 26054 21338
12192 26170 458 2100 25618
3617 1386 11407 1428 28375
23550 4733 3357 2386 15655
1093 17902 2227 1174 29197
9659 19978 917 4160 30792

37
2438 15816 21981 23617 21916
26092 16227 6853 1535 28194
32365 25632 29026 17658 29893
20383 656 22703 7471 9
30621 23791 890 7233 15593
8239 13982 19912 663 6199
816 5842 241 8115 1915
31333 8241 4084 2277 16981
14148 6249 4608 7445 26485
27237 18494 29217 3043 4942
16445 4336 468 1563 13470
3239 183 2564 9043 18098
794 24347 601 30093 15640
20383 11433 29422 99 3554
20966 11713 32168 1215 26501
11231 152 23327 419 27452
28345 27152 339 15648 27816
6857 6198 3602 1737 24497
30695 23282 19357 227 3371
24780 25437 3358 32745 2579
25978 18436 166 5163 18124
8674 9058 2006 4494 14680
6263 1618 11816 1952 22716
30378 31725 1071 27319 8932
30961 13190 17720 1725 28049
10908 10900 903 2697 10914
19402 5497 666 3293 10387
19493 9490 1506 157 22813
15723 3613 3124 284 21969
263 12082 11 4064 23535
1435 27523 752 7597 13597
1330 4339 1445 7580 31172
21060 8994 5356 2126 12820
28849 21806 21950 1059 31269
603 29892 60 21486 23544
32109 30227 129 13121 22355
307 14215 4708 1325 27618

87
8826 2415 26843 21797 23114
28607 30691 8283 21750 6924
10419 31920 1597 15543 13528
2752 23662 550 12585 12877
17272 24841 10005 11492 14097
414 18231 1408 18004 22010
5315 10178 131 32689 27079
3631 17825 1567 22616 3585
13611 28689 1820 14579 5115
16443 24617 242 13134 23235
6969 3882 535 6917 8526
7253 31875 1439 5384 12165
31105 30374 5957 174 26706
8535 971 19844 524 16524
27996 24312 139 5262 6782
10403 1557 25227 504 2995
30037 28776 21095 1459 10023
104 29583 100 10170 1573
6285 17006 2172 371 12955
28347 24813 29097 170 27259
4524 247 2321 7553 3562
499 2444 177 10659 6944
11497 26087 696 4568 15606
9840 31431 26 9353 10164
9704 24742 1400 1034 15532
12599 28724 175 6621 5538
1659 10100 1965 2309 7332
6685 21631 276 29209 23792
2427 5688 225 1654 31864
13628 26483 2620 968 1759
31744 25445 4278 53 9622
5720 26215 7 15856 11075
20254 227 16083 185 10137
4479 13916 277 2160 16766
3415 6375 665 1618 18156
1313 9754 332 2897 22693
7639 2106 30093 146 7481
1093 9364 66 5397 1525
29521 26746 23341 827 26256
6389 9712 58 542 19678
2547 15664 152 24628 16469
7783 2866 1002 8164 12097
32221 26116 24492 145 18359
6427 19410 94 32275 28308
5599 31458 82 24328 4226
9035 28125 501 1397 10762
31432 506 32596 1000 8175
13278 24968 83 24970 9809
16041 31040 148 31615 30068
6146 19934 208 24667 14020
1825 27788 228 27395 6241
12923 26158 63 19006 15518
5588 11604 1975 2969 9666
15732 27628 239 214 9150
754 144 1681 3184 13793
8849 31890 450 3528 22374
10101 27091 185 3382 29352
31198 652 157 395 780
5547 20870 19 17281 27561
29184 28673 13200 26 9482
29982 27639 26580 690 14242
12225 25860 249 27850 20856
24196 432 5439 397 11555
4281 10532 61 2513 12458
4683 8780 207 4894 1622
7365 19237 1099 2551 11214
8739 12508 37 9248 13852
1400 15066 531 2816 22113
825 5307 818 712 18244
5855 25650 179 9518 29553
13462 24974 10 4125 19009
8145 24020 563 4621 25355
28245 26124 345 13323 10839
13366 25281 77 14229 32681
69 18796 15 8204 17878
5577 14998 447 7301 2207
3520 24941 8 27718 20623
7879 22051 406 859 18341
3389 15648 293 1087 28388
2652 2116 1189 1440 22279
2077 15675 466 17834 19705
4129 8034 134 7887 29572
8785 22441 24 2070 7210
27763 25863 19 19908 16551
6723 18398 279 768 22903
10816 26864 411 4566 2332
6996 25887 132 5492 27895

4
8537 28965 23706 29087 13459
3358 26873 2019 10978 15650
1890 5776 21523 18710 21849
26702 15906 28808 9124 14741

85
5855 22204 315 3048 13330
28399 16509 12502 11888 4259
17462 6504 3780 16839 22959
144 31692 18286 17849 7090
2540 1725 12793 8872 13092
27912 1156 6409 2880 9016
21932 15531 1102 4208 30745
25924 32313 12094 32501 9257
7697 15405 4638 16041 12382
23319 28334 839 271 6124
23143 30957 17101 842 31787
22525 29598 28528 519 8591
26878 11625 16567 785 11622
362 10758 15031 260 15661
11180 483 18852 352 8866
2934 29811 960 1792 31228
21396 22218 3069 661 9257
31089 9128 9535 1394 17635
3997 27382 3132 2727 13346
28468 6309 21 4525 27553
23376 6400 3479 10122 12413
14817 12043 2503 15703 16399
20351 3554 3971 370 32668
13009 187 27008 278 10324
5982 14905 81 2181 27942
17188 849 25240 139 25032
2162 19103 618 3529 2649
27667 31922 18917 139 28555
12458 16144 1090 14190 22992
23910 20733 3618 679 1578
13614 20619 93 2204 4203
24380 21413 204 357 12763
1959 18814 75 5339 25204
31683 4412 1967 557 12768
32762 6211 27849 1224 29447
4944 12324 832 11219 12370
30671 509 5826 248 16757
18442 28976 4027 3992 16696
26914 14847 12321 188 28241
9529 13445 4893 843 14988
13248 30943 3199 284 19321
25167 5107 12190 207 16086
27069 30622 8240 9 9031
24332 28615 20640 97 6123
29602 15763 5127 388 32114
27261 21768 1011 4031 13856
22476 32742 548 21304 16962
26863 10913 27900 329 7479
17445 24232 4844 4200 6158
30889 800 9789 11 18716
23325 17359 841 1500 29200
24767 22804 1589 5413 23368
30116 13789 16724 958 29317
27308 5513 15480 138 15202
16264 5188 106 3097 2840
14386 1159 1742 405 9759
32603 7923 21395 1004 12005
3304 26664 44 3081 14633
21389 7917 308 2199 13687
28409 28741 8026 155 15114
30185 29202 8607 80 20449
2148 164 8602 1030 9608
24045 5630 1210 491 17301
15406 5934 572 1939 13302
29870 7568 19832 136 6067
2812 19851 1822 4117 26573
28490 15097 17753 284 5021
21648 10756 322 358 2386
22732 26706 1921 1186 29025
7888 12394 124 1750 16516
16951 2669 2155 1346 31284
452 17428 858 10836 24757
28149 12454 17619 129 32263
29052 12686 16025 224 19010
27754 8895 197 1554 28862
26509 5668 21061 33 25090
2 2794 76 31942 21674
6562 18384 115 6962 4720
16989 9329 414 8 8808
24374 16613 1910 91 16785
17987 4568 2450 1382 20883
26359 2122 928 2525 3028
2637 17185 1521 1612 14538
6060 11858 1661 2581 31156
31985 4067 315 215 20617

4
27396 12853 9860 30367 7976
19170 14925 3651 23024 21934
11956 2338 5892 13197 29275
4676 30179 1023 9781 13220

61
31154 5243 32751 10262 22087
19803 17293 25401 24799 26528
4213 24133 7116 16004 5091
4402 7541 20840 7688 26284
14880 27405 8 14916 3772
30024 9578 545 600 25998
760 25450 1840 22844 17647
16621 826 15829 2477 29339
4507 3447 16959 2878 6377
2505 19815 4851 2508 9402
401 11187 1422 11814 5401
15791 22790 3592 17123 11747
1928 4819 1248 13019 7348
12484 25104 1585 29230 25543
24884 3680 24547 695 11472
11334 20521 646 28625 16253
2798 28639 944 20868 6304
28236 4963 966 5849 26464
9878 2972 726 373 4900
8410 20816 491 2707 16354
3224 18464 3309 649 5920
19412 21306 6 24470 16958
7487 16898 239 4597 13615
32692 2157 31221 308 6946
3797 29294 162 32379 20801
12659 15305 755 1633 3845
3764 6250 107 622 12804
8819 17168 2862 3301 12735
4999 245 14426 525 18557
23959 4784 3998 599 29460
5648 1660 2828 19 19531
15013 29785 453 24980 17123
25080 15755 2327 405 25830
14322 23472 374 1806 21430
10773 6420 5843 915 30924
24479 15527 32167 16 32649
26451 11122 864 3360 32758
22037 16242 9999 396 2251
15144 16739 1712 1918 18661
19711 29388 55 27122 2938
12537 20667 3189 2106 18499
28276 11767 2795 1219 31633
14353 15531 81 5039 1682
1203 4566 26 1272 5453
870 810 1107 3629 23696
5069 7175 4379 261 6788
2601 6 7813 180 10068
25309 9936 786 1382 19153
8670 16072 3290 297 25054
4639 16098 2590 11 29397
12127 21848 96 25498 7019
21765 6515 3610 190 13244
845 23900 1327 1506 3249
954 8127 930 2003 9379
25 22784 213 14630 27254
32642 644 14000 897 15935
15096 15870 8282 303 10340
16348 15340 13413 170 18366
15391 24235 271 2426 14431
22257 5796 612 518 12333
3084 2044 1938 1358 21136

23
8574 17025 1621 8562 19135
5017 3258 118 14681 32281
7818 31319 21510 21097 31964
29919 11827 18379 27959 7559
9269 10964 9532 294 27187
23399 450 1662 22672 10875
15259 608 5652 5664 19190
15292 26013 2744 351 16630
788 31687 5988 12955 22846
25488 1640 13877 4413 26252
16187 12448 1130 12942 1864
25974 13962 2828 3834 13504
20257 11276 923 18478 5667
10495 388 4684 1498 6829
25082 27047 2773 2779 31625
760 18645 7428 8853 28983
7686 6920 15378 1325 2018
335 2308 2052 1877 6243
21845 11008 621 18315 22506
31183 9765 7336 1468 26392
25759 7198 206 2852 29983
1456 28088 14296 961 20056
14295 16823 1506 8045 15961

89
19872 14798 4002 20737 20094
30347 7800 10759 29892 9725
4340 31581 1186 28676 13889
7461 13926 4053 2089 29877
24442 19256 2799 805 29672
3029 8688 4346 14783 32757
21684 115 22961 1011 16619
15512 19948 3751 18045 26711
3696 23937 8516 6279 10953
14600 28261 414 12087 11534
19182 8785 9737 2667 10002
16648 163 2704 6717 3014
12788 11603 1316 11156 19340
27180 2457 3192 84 3969
1144 892 12988 1797 28478
9820 32400 1983 31678 25168
25330 21284 1147 18852 4557
12257 31393 2169 7771 16737
1875 4784 9906 3020 28362
29384 6496 509 3112 22031
14224 19446 17 1670 26309
21713 5392 28897 946 9375
15936 13556 3493 1305 12883
1060 2858 316 32262 10585
5641 32460 1199 2483 28947
27504 28379 184 23029 14388
28305 22606 2024 26010 11829
32495 5125 12019 7 21989
1922 28871 1484 621 3822
6958 31864 1499 13082 7060
1486 20862 562 7550 18769
594 19897 464 25818 14139
2408 11793 551 14631 19987
14509 11733 6054 452 615
1687 10511 237 6002 9659
12567 9881 4636 939 2599
17445 18548 420 879 14060
8322 10031 2294 1515 23843
11111 12889 14 639 16111
8633 8445 8068 363 3062
30335 26827 2 6522 29546
31232 3009 25685 1024 28662
24820 23201 287 21380 18789
30391 1844 15360 643 31022
26851 29199 110 19161 29043
19268 29909 68 8510 8556
17541 7943 4738 1 11486
27851 21390 304 4661 4692
21170 13744 9144 646 24981
28283 1358 8609 370 32268
16916 7175 5210 591 14168
24126 22396 514 27037 16252
14198 12625 678 361 24205
26646 3608 3056 1022 17285
19925 12803 1163 426 5726
23662 12594 1451 862 32413
19540 13774 321 8566 10909
10458 3983 1429 257 8821
5679 30622 1275 1236 5800
24002 30040 73 8208 7640
29954 4640 30198 20 19273
2902 4131 1828 86 28369
16448 19456 2550 481 17516
12566 7614 4207 527 13570
10575 18243 1473 4900 6806
1385 30557 1129 5569 21682
24282 14561 2518 3334 10171
26964 22827 189 7219 27903
19561 4971 9399 144 13756
415 12990 299 5621 10005
25010 2124 1463 1275 32529
7103 31485 3650 37 11099
4800 2703 2225 206 5980
22 14071 3 22468 1025
31603 6470 6891 1166 15390
19941 12453 2187 216 22177
14822 16271 186 4212 19074
21423 1591 866 3208 29265
14902 12587 417 1131 8959
7515 17712 1799 622 18085
23541 1426 4446 192 13370
27023 30648 146 7862 25125
16303 12790 1130 550 5846
21081 6437 5877 345 18272
27938 18412 2091 1099 3398
12307 4610 3059 663 26161
17920 9007 129 2523 18950
27853 31628 447 5445 28680
23958 20260 3133 152 15813

96
13066 30941 26159 27975 2187
3080 3300 1730 2179 18206
18920 10027 14890 11723 1602
143 5774 11920 21307 28433
3855 32477 1201 17455 24756
25440 1629 23161 4376 21974
19293 22951 6746 4542 19085
4322 29349 1761 2323 17281
13832 1474 4815 28329 11017
8982 32085 2494 9025 10739
29527 8181 15239 1408 3771
28658 29245 27589 352 28587
31814 25173 30024 3195 14445
1703 27664 506 31549 30239
31960 6374 585 1707 3156
23625 9001 1426 811 32279
21096 29506 3953 607 18459
11648 41 13311 379 22716
13088 19181 601 1481 19404
19361 2707 3710 3175 20961
3294 28396 7879 791 22704
41 5490 13594 265 59
24047 1119 25702 123 5425
24273 30522 27826 221 5270
30016 25490 1769 2542 20980
8550 2228 1255 2409 8776
12230 1656 1059 2190 15095
5106 1433 1073 3822 6042
27772 52 15904 146 20041
18769 27932 4651 1369 2474
32179 21948 22324 2238 6718
7515 30211 113 5990 5500
19462 8168 5556 229 14018
30234 29804 17542 375 22427
27822 25418 1245 2910 995
12714 29352 301 18188 12119
294 29299 705 7273 18981
458 4839 1539 387 30712
12889 20806 68 551 31066
24686 655 27008 28 32689
1824 1656 1411 1437 28756
7819 31173 677 15885 22703
6225 613 11504 169 8803
26572 21940 4692 1244 16828
26484 28636 26829 432 15702
18927 21923 5887 753 22201
13717 19704 29 8308 24843
23709 1911 645 374 19327
28375 24849 19809 110 31868
18609 924 24390 184 12802
12138 13698 347 13598 32476
27177 24540 29801 4 17118
6973 32760 277 32261 7120
24398 27888 665 1126 31570
12 21475 60 18949 27872
12629 9684 978 4754 6808
25316 4116 88 775 4027
26412 7953 1692 636 5833
13059 30291 2086 215 2034
18822 17061 22 7427 5998
16570 30019 3293 227 9474
2359 32707 1217 18706 6830
32701 7303 19404 255 23692
9999 1778 144 1812 7136
20359 1223 1773 955 2242
12526 22661 861 2284 25900
12174 28524 448 4650 4903
11500 28668 486 2247 5236
30031 1542 15598 1 22165
12512 25140 928 654 4575
21643 6703 5227 241 13216
23712 7078 1539 208 4652
7185 2581 765 1368 21826
11825 32719 40 19183 17616
26987 6627 2119 678 13337
29696 743 4431 49 17128
6022 27513 4153 867 31764
6225 31759 708 26435 25758
10941 507 17714 41 25374
3455 83 1326 646 15095
29493 6229 30446 100 1709
19844 30636 4379 72 14018
31846 1409 21468 59 30588
27010 28568 27318 45 24191
21087 8457 1526 1184 24511
6831 29817 315 520 27157
31377 411 22231 9 4598
5083 32743 217 2358 32562
202 29318 59 31441 31387
26262 23552 2692 480 17791
3161 27453 73 1768 20724
2070 4643 911 574 18508
12395 8791 1208 343 31657
6662 4070 1561 888 29989
7306 31365 37 13954 3041
26556 25281 2130 46 6558

63
498 23981 25410 4898 24791
22198 4397 19409 18172 22695
12567 32169 19680 17444 25742
6489 7534 13090 4887 15158
1223 8313 3413 152 19511
31689 25046 14071 6123 12662
3073 19434 4318 2218 3901
11127 14975 9843 2913 18020
9632 23210 20870 182 30414
3557 30739 5434 17956 2040
28467 31120 2487 569 14786
8876 22894 15000 60 18331
889 28879 331 5904 19970
22370 1619 14660 212 27115
28328 27255 1636 1669 17561
4633 150 17442 2217 6399
9603 19635 11526 1368 24501
10438 30311 713 899 16039
1923 6469 19553 473 7482
784 2954 4333 960 17410
2444 5857 14356 538 16284
30092 3162 12280 823 11426
17452 30865 1706 627 25866
5462 10539 75 3076 6849
20992 23861 21257 99 3140
179 13817 2589 1851 25325
1848 9338 98 1808 17287
2595 16985 326 2500 27818
7178 13845 3007 4942 18221
32269 32211 8219 13477 9301
2046 29986 1357 1079 5806
11683 3216 16359 953 29744
11964 12996 2566 925 23664
31381 409 13013 1012 31508
5702 13568 1218 2843 27357
19578 30955 4191 349 8008
24618 3002 148 24 22849
11533 30266 5 28061 4888
29973 22944 4328 262 24767
154 1822 457 1489 399
169 9282 1374 4419 26394
11450 23583 27058 35 2048
26296 25545 94 1908 21277
21894 2892 14103 81 25344
21785 8011 258 5803 29236
32395 173 7124 232 7298
4577 19277 7796 109 31523
3640 4318 8154 75 60
972 21698 2139 1042 28565
1802 5259 14441 478 30660
10218 14350 9243 567 23053
15227 21168 4640 1171 6948
31236 2216 28162 22 24994
4590 17690 1555 477 10188
17607 29248 13399 385 18145
11493 17942 5495 1188 21664
6717 28994 6692 1185 2288
4645 11173 397 5132 28058
13188 31322 2266 67 3453
140 15684 944 35 2897
16210 12709 1619 837 25005
1185 7473 4235 74 4308
31420 27102 197 796 2853

36
16819 16088 22430 791 27643
17287 30113 18450 5747 6760
19636 4081 11534 2920 20661
19357 23433 16016 4681 16677
13226 18438 966 14521 10557
10022 11921 13386 1382 2215
722 4472 4928 21806 2120
6390 22852 5930 2481 29538
29208 21228 9882 892 30146
4638 31147 2708 18654 9184
6062 10754 3385 427 17413
31208 19093 13938 805 11866
30751 2309 20210 253 22103
25817 8563 8950 426 24644
26177 11146 21929 778 27287
15220 21276 507 2888 1873
13566 13953 23940 1603 4447
19174 29542 29692 108 31539
16317 17088 11744 1591 3448
8963 1347 15643 249 7576
20419 7965 17836 409 14003
9650 12343 333 2822 18970
3184 28142 1556 1972 25804
9837 29117 821 32006 11159
14616 2721 32671 1351 8727
20850 10487 9003 187 22579
9668 18187 757 4583 30512
24543 1097 27931 36 12154
9164 7015 10563 2200 23311
10810 32037 283 13634 30243
7767 26286 1288 12682 3137
32678 9355 5981 727 31555
24262 19143 1521 3804 23828
14496 31783 1121 11764 31330
27119 19741 626 512 12323
15806 28334 1351 1902 10393

90
25743 540 25910 858 8836
10354 15313 25579 4076 32303
32515 29277 27841 7792 3139
26000 4403 5636 6552 7480
4021 23939 16622 22810 3704
2379 11816 6702 8565 22533
20019 20321 9237 751 24173
30764 2891 7487 415 20793
31885 5536 8105 7862 13125
20705 11748 7271 2021 2380
26278 31885 1988 10765 14164
965 2403 10508 4530 13641
3364 7134 21906 4355 5751
24529 21940 32074 6586 15872
3950 86 19913 157 25479
1522 22007 797 6330 25251
1342 32214 745 14604 20668
22055 22708 960 4972 30506
5816 506 2002 1314 28571
19739 2973 1883 2245 5962
20771 23449 1266 486 26239
42 31852 1114 23395 6910
22189 28183 1437 13100 26057
22511 21596 28939 268 2832
28583 31426 1212 667 7305
13348 5908 8762 856 15612
29379 20657 29329 487 15670
14015 20848 3690 1929 18039
17501 2327 32614 114 32024
159 4130 325 5763 1481
23933 5394 357 1192 24029
22643 1794 20587 289 25504
13682 14613 32661 458 23619
3008 20426 1547 2144 19847
2931 28594 694 20756 15275
684 29146 641 1450 11712
24639 31239 648 18986 26565
20834 27683 850 2915 16002
30220 28647 252 23740 15282
24264 3544 1278 1152 16715
32494 20078 5366 246 8734
32281 3527 22875 371 14497
926 12502 391 4184 875
19388 21326 6376 30 31647
4565 21256 7241 1134 246
19368 19839 27272 115 14732
21648 906 702 745 25217
13288 14077 8181 150 30080
43 981 3341 1266 12810
22402 2592 13479 91 17425
1986 12080 212 4943 26652
15300 3442 1243 504 9862
12583 553 8958 480 27209
21085 31952 323 304 20364
12300 15137 29808 137 7454
21091 32684 170 14547 7647
21745 30011 159 19996 14683
14490 23247 719 225 32426
22016 2201 30376 90 30547
23956 27065 107 7520 11283
32614 21168 12658 247 11768
11416 11889 2151 178 22335
30531 32576 543 4971 4733
538 5054 333 3295 31324
25203 14022 19891 493 7214
23183 26777 442 390 8648
21213 21489 13152 64 24198
652 22638 305 801 22105
666 10940 2630 458 16132
15027 13780 20244 93 24215
13489 6764 7658 275 11167
14120 12604 864 1350 10832
5203 22676 1135 502 1359
12548 11786 4538 85 10675
31343 32711 39 16708 7396
28425 29583 59 32304 84
14372 3445 267 1502 27157
3634 27740 307 11931 13512
9258 22465 2375 260 24910
29860 32632 161 25003 29870
25597 2925 2755 1339 24599
29712 89 13617 134 15390
32434 4590 10119 451 18216
1223 26315 133 2364 28119
31648 29281 754 29110 1843
19541 21571 1540 20 24606
7911 22736 5613 186 29140
17667 2574 406 309 24870
9320 11757 629 8515 24724
26022 1562 29363 190 25101

93
15370 30211 11932 31604 29304
28794 6712 2784 9136 15254
18902 16770 10050 4775 12733
19230 3007 4483 8048 30063
6402 16400 70 16112 26300
29143 1868 16926 3208 14172
16347 22920 15970 1887 24120
16349 10233 2281 8828 18443
16050 5670 1140 2936 12498
28385 32580 25186 21222 28591
3684 29970 135 17436 6702
11008 2743 2449 9714 27952
1532 18328 3371 299 27444
24171 9857 2045 6525 22933
4606 23545 66 19177 18910
32616 5882 3731 18125 29499
1421 20165 3379 2769 4528
11310 15825 4234 9125 8686
29001 29723 17670 1937 7102
6751 24013 3868 12695 27490
18566 25142 9712 3860 17057
10449 538 11814 62 19826
2448 27594 13 17764 5679
28799 24949 12624 1463 30730
17030 676 26199 455 972
716 9125 3691 5781 21333
4412 13436 224 1018 25032
12039 28066 3084 13325 15491
6621 5090 1804 5072 23787
6579 13822 2628 8750 11178
30162 27440 13935 279 20639
19088 13205 372 2878 10526
16647 4327 1853 270 4366
29274 16450 435 147 11337
136 1133 9940 775 31524
30322 27820 14137 276 21361
1854 31516 481 21994 12915
18677 2119 2370 430 15805
22787 13948 25 790 2253
23132 22519 2481 81 5822
3382 3027 7167 1633 31160
10938 27387 718 17154 30474
77 4326 204 3768 17421
15983 2256 878 962 31211
5662 8691 634 9795 13948
26146 2438 242 5914 15309
27860 31560 512 22859 19461
1384 24815 428 3119 21095
3 19820 355 12057 11928
10274 14163 4117 1085 14377
3126 30456 173 2642 11016
12250 757 2099 185 12952
24283 6648 1058 723 24610
19599 1242 4023 725 8593
9697 18834 597 4156 4836
4699 23592 419 12225 5159
5934 21018 285 433 4175
26736 3712 717 477 626
15743 12766 123 9001 6783
32562 5117 28188 363 24808
32747 28621 24491 243 31784
23783 10200 362 6517 10043
3575 69 22926 6 27859
8578 4908 541 1260 31567
4202 2344 6896 382 2643
3419 6368 742 1030 21566
31648 14338 814 6054 21367
14700 3965 264 11361 22747
1074 6843 960 385 25022
23980 22181 8233 67 23603
26341 13391 31 1722 25139
13952 11775 216 1342 18029
30730 5667 2933 88 6167
29244 16739 1103 3539 4124
10623 26461 126 6809 17091
24489 24872 4097 38 13725
5637 27189 713 1809 10210
17308 26979 956 1493 28563
18197 29518 8980 546 14017
9225 8763 449 11597 769
25421 3826 724 44 1241
890 21630 42 7598 11638
5155 32507 540 3885 16465
20879 116 1804 155 22103
6567 26180 162 8925 21085
591 15945 281 19553 1936
3873 23236 232 13062 12281
5119 12104 286 17341 10727
17183 22267 8333 150 1452
22064 15619 852 505 2926
26388 13867 257 1945 20536
10144 5032 858 1937 29942
10648 16530 640 7509 2926

36
5481 9179 21592 25884 27406
5033 242 128 30087 7563
30739 22174 4580 30865 25467
30574 4721 7886 1659 31323
7863 5538 11648 1912 3719
29455 6536 895 13028 3213
10877 2040 13029 2542 22417
2680 16183 1622 10194 10754
27484 5324 1368 29199 8714
31825 16746 24143 4800 9471
25674 3911 1508 253 25045
1703 27246 966 5927 30327
351 24247 54 530 20646
7681 7908 12468 970 24359
31348 296 14931 4080 4332
31140 10593 2671 5862 8529
11621 265 7172 1171 27860
836 4838 1102 10525 461
14740 5382 780 156 5882
9635 2 17661 245 22213
20408 6056 1518 2513 28471
32321 7899 20579 248 25120
396 30830 878 27180 23206
30077 24637 369 20138 5359
7459 970 831 4113 6075
3069 9837 182 3770 255
3683 2205 1067 5056 23416
22573 6127 467 734 21772
30873 6655 1242 1170 31803
4294 31062 348 2333 9106
30539 29916 169 14389 1897
30350 2501 202 22121 32627
5022 29942 6 16002 23863
3236 26906 2 31518 15424
6831 1126 216 5998 17878
7 10949 823 1484 22655

3
10725 30831 24530 10511 9686
7794 1749 21089 4689 6329
26115 7505 11889 10851 27468

79
2140 19577 5827 26358 20572
15438 1403 27098 32124 16135
10122 30073 4925 10729 16872
1313 2343 3588 9875 6561
12697 1838 757 20159 20467
6086 5087 4475 11938 4654
720 7097 433 24223 30852
10833 3078 88 26626 28753
635 15100 63 10385 14837
13581 18279 1608 3467 31486
25969 955 16780 183 20814
15115 23237 7 6433 12449
1354 15244 22 20210 21919
11108 4091 1143 15149 10685
10567 1754 171 19656 10288
15204 32392 70 2049 16031
4934 17917 3393 1264 12899
10118 4136 191 52 23573
8882 1308 1370 860 28046
3450 187 24696 628 20444
32259 369 21475 524 5126
8350 28282 830 12703 26978
13454 12074 612 3194 15386
512 370 32 2104 12796
5538 17134 4067 39 26851
10091 2268 304 1068 12669
13613 2077 1334 156 30985
9759 25669 98 2638 27638
13010 26333 1306 759 10386
447 16009 159 6448 6771
14085 8393 420 5329 18818
11765 26636 513 549 25506
5236 2658 233 7570 27466
9550 19132 512 833 28999
14423 16663 656 169 32195
14000 23933 20 1224 23799
27 15515 383 12697 6948
1701 12886 4263 3574 22514
1481 20311 78 26933 3339
1565 14436 9 20065 29044
2113 30866 18 20330 8772
4269 871 1930 1117 22435
8593 18084 360 7187 20573
8998 21902 737 4471 13690
12423 28466 225 1526 7869
10930 21772 908 3408 5737
3047 17520 1116 1523 842
12389 16866 155 4947 13621
5851 7701 42 3986 10639
898 2318 293 2265 17216
15339 7082 45 10259 19971
12252 7207 44 8286 17974
9643 30354 124 26512 29641
576 898 2008 1072 19980
8005 26469 80 28575 2481
14574 7860 659 4366 2631
1980 23805 43 1347 25538
15310 19669 123 14535 16345
8581 2480 649 223 5227
8845 2904 389 384 15737
13167 868 841 124 28081
839 2030 1556 259 8965
12384 4547 259 9083 11289
21030 1208 30855 55 28348
11371 27816 3621 516 24721
8028 1159 769 598 17914
10264 17648 2 9842 18139
9358 27254 207 2437 16469
8104 31363 65 24970 1492
11089 2377 709 276 5903
11862 23657 96 217 5509
1295 25064 37 18693 32203
6484 17440 3950 32 21800
10396 29750 794 70 20076
15193 908 1887 462 28471
12059 1584 166 403 8075
13712 6568 8 2849 3226
3165 1954 261 309 29134
1380 23189 99 17285 11883

47
11985 605 18372 12442 8040
6588 20088 7499 8492 24104
16452 13809 2908 2167 30458
28537 22159 31212 14888 7662
5768 30940 14134 21972 4071
14358 21203 1293 4668 15754
2537 15667 966 17512 25697
31622 11722 19302 9292 22424
23001 15194 6013 5777 24207
18620 25033 2967 510 2884
4799 951 4154 13791 26392
632 16392 1131 31485 23369
21945 25014 1988 18359 249
3700 6565 53 10703 29713
4268 17101 1624 8031 5379
17148 19413 32 5424 9435
32362 802 6031 10361 10583
24124 30713 3286 23348 28582
9389 9885 560 8638 26862
10648 7929 889 8129 26237
2597 465 6434 287 1161
28351 29317 145 7942 27598
4628 28468 1717 1855 30061
231 10687 926 1603 25916
7833 28892 10924 1254 21228
1426 12065 658 81 9615
4033 27717 16 4378 24428
21524 15118 1151 9533 9030
24913 25724 3401 4644 831
32438 21330 16341 250 6255
8871 285 20942 111 9124
19912 27975 500 6693 32731
415 5588 3032 656 527
13965 16694 7296 1091 23999
25790 21837 9296 101 20286
28012 32517 162 28865 14574
20743 27573 345 12887 8392
2220 26406 193 21573 31339
947 17 5474 35 8695
24026 30443 39 13336 646
17710 20231 3600 1573 23949
2076 16592 43 13287 30903
21586 13858 5758 438 535
24212 23878 466 1529 26896
11256 1737 124 1955 7513
3848 32681 1862 6178 4583
15509 18231 5425 272 7613

75
22173 1957 3764 12541 20977
30462 26314 3857 15016 26704
16747 26034 10253 7644 26237
28481 21545 1671 3928 2964
5812 1220 11753 9066 20301
28208 14372 3883 4831 14111
7993 32646 3900 7925 299
11060 13180 1583 12840 19958
13534 16639 2736 22484 21612
32250 5283 16591 10373 13990
8260 10902 531 11955 3133
3211 26403 1171 2509 29170
2491 11750 5695 23 13718
14547 102 15372 235 32262
29988 5003 5329 123 8254
17535 17382 7303 725 24907
30219 2054 27982 700 28114
7497 26079 3803 2914 28747
4570 31951 293 20525 3046
24953 388 10609 171 6254
751 32560 903 3424 25767
28092 31619 1789 3540 26223
31515 20355 23822 533 8248
3142 13463 3276 7137 17908
13302 12337 2400 483 792
16962 24116 10650 870 13554
5524 24523 413 14005 13301
27289 26328 203 2124 11624
2815 12990 79 8350 24153
1501 21012 234 6055 4265
31268 21951 6919 1560 2709
6682 29827 1135 13283 4555
263 28672 406 11327 23863
18732 4299 1664 11994 3020
31180 3236 21618 117 9431
1741 23823 154 22708 10022
1859 580 1969 8140 31557
17731 19489 20411 829 22772
10570 10294 3862 1532 23396
2465 32075 1498 30394 9442
27929 11483 2704 2672 12293
32307 18421 25473 154 2950
1439 8808 350 8509 13644
255 3605 1011 11175 13967
1961 10849 2619 794 15848
28788 1520 678 4595 23788
16895 11822 413 778 136
13337 14987 1637 373 16352
7033 15435 841 1828 12675
2798 25577 1461 586 28170
2130 17789 53 12182 8264
22383 23330 409 690 18011
23641 15434 3837 1604 15740
22300 371 316 1058 14495
26733 922 1156 6371 11040
31456 24019 5669 1051 1572
20781 3851 1391 3963 29217
10392 13367 614 1766 9640
13163 25024 82 26589 26533
30163 3219 872 1755 14620
21384 15687 761 1477 11178
13286 18165 100 11694 17596
27618 24076 398 3129 8975
7219 19445 1039 1425 17349
32145 16558 22444 158 20278
18753 20503 8822 997 28260
2057 22720 50 12104 6963
21698 8145 212 4967 1610
27481 31411 19 8801 32285
21795 15056 3393 116 18550
6968 13025 934 2249 5886
22080 18294 84 299 18818
28558 2442 76 7700 3587
22819 21535 2463 2483 11244
11178 29385 1240 1172 24344

76
4724 1669 18224 17223 5802
32696 11358 31404 12267 6373
552 32636 2732 6663 27106
3713 31300 10122 5564 20997
20543 26307 16891 18235 22837
29860 1295 12117 9821 1639
15295 25018 4787 8765 10929
25213 1570 83 23185 18649
4951 20170 8427 9350 21865
189 14804 4489 6955 16118
27275 16417 300 7063 2786
27793 13240 4148 11483 10433
23188 6247 1817 17907 7746
13770 20461 7473 1361 13405
3619 25625 92 22225 166
20885 25649 10709 492 23119
10849 1393 2582 86 32761
5478 29600 8704 170 6267
233 7195 3816 4296 17922
2116 22565 1543 1279 2737
2650 3081 129 1343 9352
26091 9515 417 11347 32752
2436 26121 842 1222 24458
23691 734 24270 243 20629
14352 31926 910 13659 16105
31974 23718 25002 1410 25153
9750 133 7729 1076 841
17835 22622 5140 1717 31222
21071 24926 3243 256 576
28247 2477 617 10283 30327
22644 25360 17255 207 20603
3205 2113 1430 814 5135
5002 155 1868 1209 9824
79 24711 3077 909 21409
25485 21231 660 4089 4545
19947 18 8478 678 3703
20183 32538 66 11173 11992
9674 30097 4 903 8152
10278 19088 2131 564 21641
7857 261 273 1160 17724
18664 21967 1097 634 3963
23183 3033 459 2351 25413
26602 9629 137 13350 2785
25422 2292 1314 3366 29596
27854 6254 353 3198 15608
29169 147 11402 382 5834
16 32218 520 19527 15072
13756 23651 1419 2865 11669
32068 13554 312 4003 25376
3067 2020 9 3435 6018
14040 22919 3066 144 11437
25870 6338 731 1954 30729
26943 9761 329 15253 26068
17306 19418 1891 665 18297
3879 22348 31 5900 7815
4305 29879 4051 653 21733
19283 1482 686 22 212
27682 11210 73 7640 13239
23763 997 15998 118 8626
1040 28705 2470 3679 3338
13385 27763 1274 1479 15337
25039 1163 733 268 21757
20250 25783 33 11793 9446
26858 3058 198 3122 24868
1450 767 1506 1923 13042
19103 24542 4850 177 17453
23025 9326 154 3297 19094
795 22182 1154 1639 3961
2971 12095 1175 2037 26393
25321 12979 642 2112 16250
25016 4926 56 3675 6066
27099 3242 520 5114 9649
7369 1512 5387 81 19424
991 25691 1089 498 19555
4685 8940 29 2126 27037
22198 19090 899 1039 1406

47
30876 4363 20731 18659 32698
28280 23460 20058 21559 17046
3196 29703 20744 32589 25617
2549 9561 12280 14696 8741
24585 185 5260 14558 10296
2410 1040 17649 3592 29954
18196 15058 2805 4198 30392
4411 69 306 760 25586
3713 27208 10017 2301 16225
2645 29778 307 16372 16816
24707 29144 3167 18274 21504
16294 19486 7449 8879 21835
2250 10638 250 3646 10700
16352 9956 1632 5694 22497
287 30766 1439 26781 13339
30005 3878 185 10818 15756
10713 9307 10196 95 23054
734 4172 418 4663 24162
545 15221 400 6510 4595
808 24875 5856 952 23481
12972 8048 1723 198 6351
27051 18351 334 9759 7313
2109 7643 6268 1371 15082
18115 9884 4277 1770 21118
31711 1205 20532 1251 1468
13820 25145 359 3105 30553
21393 14555 459 1731 14832
15036 6327 641 677 12198
28743 17850 1484 4 12035
23905 11140 209 11959 5329
374 16848 51 3107 698
22597 308 626 8323 24354
15419 13713 188 7979 5053
16121 13647 105 7926 25906
8613 4759 8199 978 27979
30664 2908 20456 606 12507
23747 26917 73 1073 25074
24545 14882 690 4023 11896
24396 21547 1062 4963 26449
1064 16250 1446 4460 16172
1861 26669 175 7978 32425
26009 22718 100 4007 29421
17597 5047 4056 888 18176
26192 16385 2540 612 17603
8584 6564 2808 1529 21550
16383 6010 4696 1921 31146
9504 24564 731 881 23426

32
30660 2264 13342 16567 12765
4875 9550 4623 21086 27183
5785 31464 22170 601 30861
11412 9191 19242 17630 958
31287 27045 21625 26067 1199
19707 32396 8526 17241 27696
15727 26947 1871 4033 14612
1823 4011 1673 17437 27082
6812 3419 1227 1060 5904
9535 4613 708 14657 12755
4466 32321 7613 12993 27065
3594 2734 1466 5978 6432
14587 4494 33 2225 31386
1212 1003 279 13021 5470
17710 7072 4842 1627 1166
31748 21585 8521 441 28563
8109 700 21660 3008 17977
30032 937 17359 445 19708
28085 29797 363 196 12901
8386 31205 11541 235 422
2108 22491 2000 32167 9323
690 19486 805 14874 32590
3647 8775 23 1885 1052
10056 25830 381 4114 18736
31585 21228 6470 186 30342
10346 3842 690 13742 9540
26870 7918 393 860 7016
29714 32142 358 7653 30083
4121 31096 219 23646 64
1697 21972 340 23039 2859
18979 3922 3327 506 6128
16101 5925 361 1670 5286

59
16340 24484 29544 17906 11905
10994 461 514 23557 17229
24048 19267 32647 4664 7961
27727 7727 12778 2522 23316
107 2403 3237 11216 2347
25168 11570 22923 7605 25865
24677 11126 24712 372 5493
21153 4307 6090 4846 13146
5819 28696 9523 7996 3655
11777 6614 7830 16204 31034
25719 293 17579 1242 23989
28663 2418 9343 4039 32720
2818 23429 2631 31117 25546
1806 1543 94 458 27043
2878 18719 7233 570 24866
6859 10345 3937 1391 21272
12301 3043 2156 2082 30912
238 31018 561 29212 8391
3526 1850 4054 8398 4209
363 16481 687 7587 18657
31725 10486 16447 42 19527
11587 15665 65 10680 13268
20247 9560 262 5467 23092
1925 16978 378 20298 30262
4273 15376 226 1548 16985
2453 20129 6100 549 1186
19727 7497 429 8185 17054
12967 2283 4489 29 23300
9088 5911 1406 1779 25604
3582 13975 1105 960 19979
28503 6908 9488 507 21298
6345 25907 4230 2057 29560
27163 10797 25558 41 27259
21681 16887 1144 6760 2800
5531 15978 1837 2370 15386
15013 26225 933 2099 27702
1310 30074 577 25606 344
9512 14068 1229 1083 13045
13841 24144 20014 116 28919
25346 1814 1489 363 15656
23757 13319 617 2623 3136
7162 372 2053 901 1758
10708 26932 973 577 21212
15504 31425 420 16899 30075
6831 23877 3414 1942 25512
19639 20305 1284 1110 23117
14786 2673 2976 3143 9192
24404 11022 25874 91 12209
21484 2321 4308 38 27084
2359 17058 81 25506 5638
8489 3092 155 7006 22911
28526 6460 30800 394 32427
19198 602 1753 87 10973
20320 21666 607 1230 19967
585 25709 295 1716 13137
4080 21241 5040 1671 22465
23658 1851 991 283 12445
23208 12726 443 2259 27144
13956 1388 4181 235 21164

96
17500 5056 2988 12877 4390
17682 21065 10541 32027 15089
32757 5708 10050 11301 6942
32213 19407 20400 21708 17583
18345 4266 15167 98 8514
3536 17133 9605 4259 3211
5975 27529 5213 24915 15629
3790 1097 11013 8121 19345
321 19132 3157 29591 26396
12879 30915 1024 30578 2768
5649 16963 11513 161 25916
13187 11144 553 3238 8896
30052 27015 1658 10552 25386
4319 10351 70 6297 15817
3988 26256 1896 28140 28650
19643 1538 17471 1602 22842
22794 11464 8894 4222 11975
15633 19254 9276 190 7850
14507 31849 2718 11686 3528
3753 4891 5 5745 6113
32003 17017 17642 2059 22140
28779 17965 1097 15803 24647
16156 3505 16712 304 18274
4115 10014 165 3658 29730
21279 10426 2356 916 16897
1909 851 4 773 28922
11655 25011 1843 2650 14558
22562 8178 7000 1554 28368
14727 19263 221 7582 21688
27445 6217 1892 1401 23994
10750 25808 552 807 28103
14571 27671 1390 3651 27879
21235 18681 3270 367 3642
995 4720 1852 2667 21330
30164 19159 300 2497 19002
12172 32480 413 29290 4965
29944 7997 110 203 2070
1806 10552 1883 3266 5130
16373 22003 347 2735 4349
18232 18654 1440 365 21051
6697 22091 1731 3377 7964
7820 9768 2142 7180 450
16513 1909 2109 1327 20461
11820 303 21089 586 16769
25336 15911 982 1413 16112
30377 6031 749 3095 11898
15965 951 8553 393 28213
31902 8166 70 8682 20580
16485 6964 968 6966 27864
25083 5511 286 403 29879
15353 4521 1456 774 5294
14552 17637 20 8884 10177
25681 17596 483 229 11118
14097 21761 251 22430 16432
30214 22770 1973 3275 16792
87 26952 90 32612 18361
840 10736 898 479 19066
15752 12189 675 2990 12392
17326 19857 4164 581 11367
31888 4611 560 2314 29580
12924 9486 1148 628 11957
2047 2795 923 1824 7683
12639 11799 249 3107 616
14625 9411 1088 6413 12682
3756 27024 222 12342 15060
24965 970 30654 333 4943
9593 26234 913 941 22052
21841 16165 1679 717 13072
30799 18447 420 3482 26116
28588 17509 137 9122 24700
13634 24818 202 1973 4624
25430 4800 4982 740 17558
27356 10533 3902 261 27310
31688 10695 168 10838 28553
3588 24489 2255 1485 28017
6488 11705 968 1401 31868
12580 9542 241 171 22653
10661 10500 3092 459 15523
26847 1352 25713 61 15793
148 1039 521 5838 29844
4395 12133 1970 4556 30380
4749 21636 27 1683 32355
26795 16734 1312 2364 9198
20591 7035 1837 1026 6770
1730 11 8597 115 5720
11994 31126 134 23998 14770
855 15969 1412 1604 1215
6610 13577 596 80 19636
602 9751 209 6913 6348
16069 27572 787 4063 10349
28409 21022 62 18081 15074
9874 21673 2900 308 31710
28740 3829 27157 136 7528
11739 16115 4879 252 14119
15456 20886 664 5655 16055
21700 6619 1670 230 13326

9
31690 20599 1408 10727 7198
3361 21705 28182 29645 18045
17473 5819 25587 2632 6527
8681 1708 5187 10314 9346
11280 17763 32197 830 29671
443 10495 745 2682 26255
1807 2660 4056 16525 23788
26439 10500 978 3078 32644
29861 9097 6017 1498 14209

56
566 29985 18871 14502 1977
24844 29403 20423 32484 26909
10295 1098 11229 10735 6344
28140 10782 15593 14608 18165
4103 16053 7212 6900 7684
3481 1025 4721 9497 14954
26126 4663 21588 33 5243
16995 14823 4381 12391 2362
25702 2815 4730 99 1807
27392 29063 1024 28 16418
23615 4599 210 32556 29328
24065 6167 22978 2539 2849
22977 27762 36 15787 18286
12651 23880 325 3582 28529
28166 25736 3056 1499 21734
15811 24248 941 1089 24416
19824 32267 2828 19711 15341
723 26147 4189 289 23728
324 29024 241 1666 7477
22558 8603 394 16890 24485
25062 10771 2641 1593 10190
32059 25473 22901 3445 16205
2805 312 2631 261 9910
21959 12724 210 5370 5485
24187 3821 2598 255 30800
5145 24493 6371 4192 7104
28916 1695 27546 352 3548
14282 15257 244 12856 32608
2354 5464 336 8667 4562
24802 4914 26502 1137 3309
23850 21355 1614 3554 13025
28149 4181 26066 53 11883
1364 16194 2037 8921 10724
28591 1008 23266 665 3774
32186 9298 29508 430 23132
23972 26839 264 11778 7586
8050 28935 1117 585 12332
26992 14608 278 14595 812
3459 12672 12556 1938 32116
4286 23166 5974 1265 14442
27621 2942 29429 1077 27193
22000 1206 6035 673 4856
24295 16565 298 1627 31371
1195 2824 1074 6306 11646
15232 17340 1386 2604 21429
24759 4234 28763 314 790
27921 8808 1854 855 9133
24249 29337 194 3037 20723
1051 10592 79 6008 28047
16071 11879 4522 871 1490
19552 32221 268 18559 30547
22412 3104 909 823 8727
11478 16636 1976 2991 4668
24695 26648 149 31217 4760
25232 27597 970 103 24005
45 11434 27 10942 27871

38
11953 22620 12321 30388 5322
29844 7638 8082 22786 2873
3270 12850 13749 7879 23537
16017 4184 12688 5555 12183
20476 17840 6172 1074 23565
3067 24469 7416 2412 11949
25147 30678 22912 255 18752
25850 1536 31784 115 10237
22585 21141 2729 672 14611
19294 737 2884 77 26059
24397 2246 8477 585 26334
5490 33 6850 12033 10574
29624 6518 29098 883 23255
1667 28606 3900 25698 14972
27993 18285 484 1112 929
32290 31608 30436 25860 2411
27477 31027 4761 9365 7810
21765 10966 6392 2431 10773
11145 31001 158 930 12114
18042 12514 2125 1238 29390
29532 483 23851 557 19526
8559 30270 2861 630 27085
17978 15741 7280 531 6057
22428 9927 476 271 21393
343 23769 1175 3581 8603
16305 11373 3493 1128 24270
6300 32085 3555 22779 5784
24560 31128 1446 16919 26598
2485 11364 276 10237 29382
1619 5612 513 6545 31268
26022 23804 278 5478 14795
30876 3420 27401 489 25216
1059 7843 317 12369 5850
26339 23906 1408 385 10971
22120 13791 677 766 5474
1154 93 981 63 29375
29086 21977 495 2894 15998
13477 3122 268 1581 2345

79
12564 12250 17686 16237 5682
31079 23386 17481 3927 17930
7690 5809 3065 10970 15543
18776 31862 18822 29642 12947
3195 25931 9315 24300 2703
29713 3158 7897 1482 9268
1551 11558 5826 13048 12838
31865 11717 155 11350 29467
17497 2819 1578 4149 1221
17625 8978 32027 2710 25165
3525 9774 3015 434 21052
5742 606 18215 2153 22908
31452 16164 128 962 3628
27957 1040 23161 1475 14853
15656 29024 1570 18123 3699
1004 4399 2926 1419 12244
31602 29032 1228 59 27850
21035 11705 2986 57 5848
14830 8056 1317 2611 11774
7615 9599 5 3729 28227
837 11503 131 19526 11503
4543 4459 8563 999 9688
31810 5890 18772 2588 25150
13051 32685 1875 3233 14245
31620 28092 265 817 6847
29878 29748 22332 1167 18567
11235 7876 194 16343 21661
3558 6895 4024 2659 18751
20025 5919 10305 3022 19706
1080 13371 207 27371 19458
2497 32507 255 29067 10514
32136 17014 17417 554 9062
226 2678 382 26254 2198
1743 24804 828 6494 29351
30271 31640 10138 31 28383
13952 2783 3309 3308 12136
20846 416 19213 106 3160
7456 16889 1749 8506 19853
28952 4933 19553 277 17938
32172 14764 11221 1422 16309
16779 28776 10050 82 25724
32511 18033 29320 3244 12793
32411 21609 21039 315 18734
3016 24835 123 10379 12581
12258 9979 205 13748 4317
28681 5392 29894 434 19828
30815 17652 107 10965 5079
884 32158 93 17946 26084
22747 29005 4201 109 29763
9183 3280 96 126 32234
17754 29180 210 2250 15208
24156 5247 14815 79 8064
19488 31720 16766 34 11121
32092 14175 11523 382 17031
23907 3100 5545 773 31571
20753 5500 2388 370 6489
17282 32614 1294 10831 12629
29602 29462 5924 171 19507
23440 4884 27162 6 29243
32671 22344 12541 769 11256
24795 2923 7125 118 32365
18145 29539 1777 695 9983
22822 29394 2662 1426 16200
3325 2063 1126 1645 7206
16769 8231 341 3481 9166
23598 31125 15291 298 15465
30597 624 20268 240 17004
32129 12003 23305 1123 29409
14902 28670 15998 95 31691
4775 25162 432 444 2895
843 1042 4466 614 19392
9683 18878 491 4294 5245
26194 4157 1001 527 13262
28275 28867 728 507 8993
1407 24569 13 29240 16821
11560 9594 3120 380 7165
851 9179 1720 2036 24885
30887 6944 250 1927 11201
19950 31006 2898 542 7025

47
24460 11100 4658 7183 11209
31575 15471 9745 28119 9779
13576 27645 15151 22037 32225
19820 14173 4604 831 3268
19033 3056 18042 4699 4069
667 5134 9822 10533 2710
30250 9585 32166 4633 20475
9040 16733 1549 4518 32592
16430 22243 8354 4543 11150
13280 10237 2030 11953 13393
3239 823 12100 4244 15916
2913 23736 10302 16761 4883
72 25590 2410 16130 9747
22470 21134 3162 57 8642
15782 9997 419 14516 23922
704 20818 2029 281 29383
16055 1224 30 1775 9137
31705 1158 18835 1563 29349
30684 23501 624 15761 19389
21637 7977 10488 582 13913
17168 12362 1697 56 22921
2659 22430 3987 1013 8317
16916 9401 5612 2396 25246
7957 23136 6069 391 20560
25404 24372 4319 3226 8935
12177 9524 1093 3863 32452
17352 9084 30983 225 23697
16715 2109 11895 712 18504
709 16328 2283 4399 24778
21349 17080 2267 400 24515
5985 21334 1048 31 27797
21108 12129 3167 1415 26452
19773 19111 8075 1384 613
1418 21104 521 3219 19560
24924 24150 1316 58 9829
18427 11 5710 1244 7968
30927 680 733 1777 4809
17345 12738 1444 3776 2518
10860 8761 18671 104 5472
15981 4968 1700 2329 5423
11102 13167 304 7166 23952
25540 8718 18462 18 13049
11050 7975 445 6 11773
24580 1438 4912 397 31402
11818 17747 1311 2582 29074
31756 8935 13729 2 4069
18567 17696 3202 1291 23769

70
17259 3363 25684 24680 19236
571 31367 28316 6748 25167
31167 28975 19859 25847 31501
28244 28121 26745 315 128
10798 21122 3532 908 7716
6094 30780 5156 1 22559
2362 2602 5598 5607 79
10888 11542 731 3825 4459
17492 28074 4437 1147 6404
12261 1981 3590 2538 369
14809 22266 552 3228 20026
6047 15647 578 8673 1570
12612 7362 1579 13366 24941
12402 29799 3608 1158 14886
478 9276 11848 288 10322
1160 13630 3705 3107 21699
843 25513 5186 5192 2549
18293 631 7744 2604 22402
1904 9747 5872 2806 5184
10055 12990 322 7279 27245
7034 225 8361 713 17331
28955 32511 1269 26337 7589
16182 271 711 1544 2165
528 17449 3234 3223 12170
8864 23435 5714 3800 24169
26800 812 3760 487 13035
6966 1795 2030 740 30925
8328 18833 1306 1987 5232
4408 17042 1528 6743 21171
15962 23415 658 5656 29811
8305 5073 4405 2155 13012
10830 1404 398 3575 10900
15747 18862 212 7326 18690
17224 99 27341 525 17858
15306 5222 666 6609 4323
8591 10780 428 7235 18905
5909 13114 2210 596 302
9693 15866 284 5306 1154
14354 16550 640 5218 23000
1686 3881 367 3666 25976
12274 20197 134 234 15833
30809 829 7948 1565 4511
6184 24418 1519 5449 14121
18332 29711 4369 423 3331
3178 16934 803 205 20575
16650 18158 87 3086 13699
30442 30119 643 23653 14925
8310 23200 1202 187 21010
17047 15109 57 9431 6971
28134 28647 27318 319 19575
11366 27796 3722 282 24642
26257 29170 3902 1856 17654
16894 2652 192 4624 6107
619 3895 124 1502 18837
8674 29471 15895 86 29334
1012 3934 430 3461 8281
31820 28517 16681 33 17949
16200 15395 285 6142 6303
228 586 4072 333 12112
43 9735 69 7305 23413
16010 9361 1148 2602 13954
10263 28335 5357 783 26951
27269 2853 19914 314 31229
1407 22465 2109 1650 3209
31358 2768 18855 42 31805
10400 3800 307 460 25842
8209 7811 3918 764 30321
7759 20809 228 6442 6405
22 31264 27 403 13283
14465 4925 578 5369 25905

20
15484 925 3726 24751 5537
10296 475 4014 26930 6682
22001 24637 4093 8068 13450
2776 26426 5598 22917 3851
24444 976 23497 13101 17542
27039 20440 14798 3710 24423
12651 29425 7389 3283 2098
31774 24724 28588 29285 27114
28372 27823 2422 27207 29652
26907 16379 14739 2775 29397
5802 11368 2572 14581 10093
17689 348 5172 570 3117
19637 9572 3808 6086 3381
8593 28897 310 10587 27056
1799 29897 791 15263 26912
31513 31697 80 6354 28544
25886 14214 2578 1623 575
22237 32745 2432 10743 28303
1989 16795 2407 5257 17472
19625 19523 1576 3597 30356

76
17254 21571 25181 29227 24542
1098 17503 4562 7185 4736
13916 3152 19621 11335 13809
16370 2786 5478 333 29427
6843 15553 7147 12525 5081
8516 8823 3399 2576 695
16144 15650 19817 5198 21212
4683 15530 459 601 31436
10699 31138 4327 20905 27358
1355 28182 2899 5421 22939
4903 25741 1914 776 9810
474 2733 1790 5404 19270
5948 28729 3559 24541 14884
5842 1572 20620 875 25332
2266 10364 1044 3455 31128
14222 622 31120 661 31543
8052 4987 5598 577 30117
10307 3164 2506 387 17085
3481 13354 3149 2063 4401
13891 29480 1869 1613 17206
4920 11419 4782 753 24359
7277 7023 3670 267 13602
174 20951 302 26530 12
22053 14956 21123 103 1388
4696 4379 208 8676 4482
19396 14637 28209 282 30066
7030 14219 4668 268 21734
4746 3925 4160 390 975
7394 13358 660 629 2500
15086 21535 1840 3900 31691
9069 7543 3948 894 19172
3745 3131 122 3267 23626
7676 12194 5125 648 27880
9614 28406 326 12529 6030
24857 2623 26035 209 20597
15448 32698 328 17648 24239
4611 28257 11697 113 27730
14177 26384 1215 1459 5187
5169 30569 535 6721 27027
15048 32521 327 16830 20020
758 31685 320 32068 3918
4703 29343 11 7986 13734
16201 30224 569 12788 13582
27590 1764 14890 741 28607
3534 476 5410 305 11982
2261 252 621 1885 18426
234 6095 197 995 11192
4344 3228 5613 624 27634
12546 5670 956 871 3281
1262 31554 27 24643 16670
7835 102 15467 350 12279
18531 21179 13016 134 19232
16391 14520 4831 106 10678
12978 4878 304 93 138
5168 7380 3381 1050 21121
10210 32447 235 2826 3061
4194 9341 376 1426 13144
711 9635 285 6453 11594
10102 11475 3690 207 24469
628 16563 71 20166 1798
1068 11068 707 3450 4901
30367 24 26388 344 30864
16899 31400 75 15772 17453
21806 2543 20880 50 32303
8637 2621 3721 44 18395
17166 30568 23 15112 30894
14223 15042 550 1140 20936
30997 21000 8938 1 4280
15603 15442 340 4126 5313
2185 25626 1386 100 16870
29912 2867 15594 225 17242
11935 4138 132 627 3553
17441 15101 21771 173 28502
7390 14973 3129 430 25094
8866 2918 5762 234 19113
16219 28121 960 18 10870

37
8582 9449 14263 793 17793
16592 14019 20216 17182 28555
6749 24202 9222 25017 29086
19622 10840 22544 236 7423
16069 2471 8662 4729 27119
7531 17604 1752 3504 29083
30606 5285 16664 4878 12272
28675 31286 5428 13158 30585
526 4452 5470 22769 12135
20380 31307 1044 13862 10972
30737 12780 6947 1108 24239
10700 12687 11026 19 8351
18947 32510 869 21658 11372
10057 169 4700 2685 18012
15450 1470 26718 647 12960
11504 7794 14089 928 438
16705 476 7778 185 31021
17051 12297 5853 313 8462
23622 12961 4093 1041 15111
2100 27903 2636 27977 31191
5653 30002 672 7739 29478
11089 12982 889 7250 12431
46 9201 288 3294 18870
10206 12131 12356 5 3973
22225 32173 6001 27154 29076
25361 4098 3566 1502 2342
7904 3036 6015 4353 21163
22111 10525 12400 60 29241
1277 30631 441 12677 7050
25517 11735 3979 393 7985
24894 2435 4547 1033 8597
15119 21573 152 814 22121
7712 13506 2542 3872 16792
12995 17477 2293 2033 14789
30692 2212 4221 919 8077
17030 11379 5060 55 24220
8283 9231 17702 187 18206

21
20216 21802 2406 555 22940
18298 13565 19470 6460 9987
10460 15995 3276 3326 16616
26070 23164 8680 11382 14217
5423 28574 17211 18329 1298
28566 9604 15591 2151 31071
13180 1370 2321 5666 22973
31117 5659 3519 990 31633
462 7577 15125 697 13169
3315 10249 2150 1054 25979
2615 14381 2071 23784 23294
5653 1816 5430 5021 31127
8678 24733 4355 2402 22014
6059 16915 705 5747 23001
21798 4085 8660 3081 31202
21567 240 11842 2570 4526
25665 10260 675 397 5883
264 8506 2264 14798 28204
15855 8378 10308 24 29365
16369 6521 1517 731 31969
14250 15713 2633 12699 22772

73
28456 19961 24875 2392 22903
1363 2695 2119 12254 15300
8326 26515 18015 4688 10476
10415 11788 7738 12433 26075
13101 4493 511 5284 23735
29339 25246 27983 20862 6876
27356 2010 32737 3637 5549
26332 32698 1616 23472 18971
4683 24933 2108 10422 21498
20877 8343 11258 4285 15457
10693 32433 6567 31496 455
7919 16281 199 26349 15838
24656 20383 2335 1546 5110
42 19271 4279 6912 16262
19899 31728 4211 3380 24835
28440 6381 27695 26 23409
24708 13048 24243 1001 9732
20682 672 177 5105 6473
7449 1921 3746 1632 5940
14789 2050 1245 2700 11247
6977 19337 487 32219 3777
15442 9859 1477 1516 1383
29809 39 20728 412 18842
27520 14362 9592 5070 21936
199 28772 3809 12514 16932
32342 8211 2949 2464 30378
6795 5605 3449 4420 4094
3002 15898 612 1908 5610
4584 26538 16 21323 2050
5012 5356 303 5684 2471
28053 593 11619 139 6509
20131 22858 12240 505 7873
24396 15728 591 2494 21886
32119 7914 32059 250 9623
30806 6447 31318 59 21810
19198 11512 427 12387 1973
31102 22407 13485 170 22233
25868 2509 1071 4041 7851
20554 10378 177 8636 7561
17905 32283 352 27830 8691
19918 9933 160 5220 17995
18580 31216 10032 420 6428
9352 16171 563 3768 32000
947 8822 174 6638 18466
11488 24387 6308 215 14698
1173 26373 274 898 3164
28736 1273 12933 685 29693
32525 11077 14064 297 16448
18237 24203 10175 1146 21555
17766 3138 2084 76 31959
24866 1430 55 3849 608
11877 1606 6130 178 28696
10027 32707 308 16489 18588
424 18951 6675 38 5691
18399 31741 83 31533 30016
152 1420 1707 1166 13204
22341 7369 1125 326 6903
25985 23599 17955 379 31306
5616 13832 2563 2301 5185
22655 1241 1580 5754 29294
23395 19335 3925 425 16936
27322 15432 160 898 23117
32481 6686 16462 186 5747
9071 22098 217 1890 12890
26719 26605 1144 1573 16480
28399 23548 29112 10 29686
21541 15609 6 6128 24562
21589 14094 2787 4311 23120
12379 1907 98 31 20925
14208 5462 3502 4235 8186
31523 24750 16125 109 19314
3910 6312 892 4294 6025
18640 31664 546 22920 31569

96
8763 32063 28519 27077 14557
16196 21864 6848 1885 20427
23211 26371 8610 2624 8356
22682 1969 28615 4198 14607
8180 1878 241 14610 17736
4854 31129 1966 20003 17555
32313 10177 22688 18254 6738
10865 13179 7148 791 10897
792 27904 1956 3855 4470
11953 23933 7804 2825 12215
9325 8002 512 12482 28028
3704 24937 457 18816 23169
2154 16233 202 3069 13585
19464 3522 646 5968 23777
29167 16877 3088 391 24307
25988 25673 6233 635 10958
2989 21694 685 25321 13260
13491 6910 5299 1092 14391
15082 8834 3680 2693 8141
26044 14934 1018 8356 11794
4051 6692 3384 16984 27281
11715 29240 21916 1116 27589
10658 14970 9367 3589 8539
23016 10817 3132 2023 8197
8690 29208 76 1708 6598
20142 7058 17546 2219 30049
8595 2844 817 4883 30844
24569 20441 543 2061 30903
14981 20334 2406 1305 6682
17232 487 2109 3924 19065
21766 11538 934 3314 3691
7281 31460 107 11425 21321
16471 1771 480 4449 23666
290 1309 132 14583 3482
17913 30504 12394 36 14501
26576 31054 15649 497 22290
5971 2295 1535 2168 1548
102 32275 1968 2656 28012
14935 30426 5177 22 31361
231 18496 232 9996 4025
2632 4837 1217 10180 16872
8166 27644 2842 403 18654
22592 16014 1634 1307 29444
715 858 867 8665 16311
12399 14437 622 518 8153
18899 9715 24474 1 20586
20818 6445 13927 328 30251
21988 24042 8567 616 24952
4292 28147 3631 2389 15041
28993 817 22644 546 26787
27993 9731 2072 4813 8255
24450 13228 354 5140 6449
30451 18406 1820 1404 8130
11752 5190 649 5276 17659
19888 24769 10931 24 28716
10424 533 4387 2169 4899
7178 30985 4917 99 22581
27712 25250 4191 302 31392
15027 8195 570 272 16455
25370 241 13433 233 31732
27369 30595 9239 38 31685
7670 11669 370 8610 16874
8863 30431 1528 83 30915
5917 840 4370 1028 23730
18866 30621 1798 954 27009
5366 25890 5601 202 26064
15053 2051 718 279 14448
8021 22662 1762 1071 28824
28869 19610 1012 2508 3901
30200 10918 1207 2853 809
8157 28047 14404 378 7115
7668 2708 505 3629 21468
10347 8616 335 2677 6183
20280 24796 9643 313 27403
24647 9995 903 234 8358
19986 11265 1614 3467 7708
465 10088 1898 2689 6041
29111 14752 517 488 2748
30404 20683 465 2524 22291
2124 4141 376 1086 25512
8284 31812 386 5079 28642
2945 58 993 1699 31656
8524 10812 30 11732 21074
32299 1703 17401 97 17411
19165 6581 112 1768 26165
28148 6786 20054 213 20500
21541 31788 30403 234 16094
20642 20059 2660 1051 25904
766 15008 1037 570 13831
11188 22986 4101 463 11570
25927 31 21503 153 454
10020 23270 1119 2026 21203
4465 3298 1153 2818 28120
20594 907 5652 1002 3914
15228 12248 4215 50 23595
19517 18791 6309 40 3479

30
29246 12437 8688 18609 9255
8713 14660 15326 10849 20051
26108 2308 29686 7601 27835
7420 31794 32639 17150 16320
5121 32424 1476 31404 7918
24908 20516 2481 6204 4788
294 15642 520 843 8205
872 12360 4778 19123 30334
20730 14026 7807 548 5208
749 2859 9744 4916 18490
31342 31149 17484 196 22032
6492 9500 9096 4081 28060
23090 440 2982 3018 4934
18685 10420 2735 2188 28149
14179 3823 4901 3935 17354
11824 2572 6958 854 6952
7890 26552 8532 2500 23065
17747 18 4076 1352 18154
10541 1764 9626 537 25129
19580 5132 1446 1321 16919
24576 18982 3238 639 26712
1982 1890 3970 617 26254
28020 10580 23561 735 15277
26110 91 26198 475 16604
21889 11660 4021 1677 30075
27545 22617 844 7693 28013
3371 31492 1310 6993 27878
9324 31375 20947 367 19223
26127 12279 31491 134 22844
17997 13661 697 749 24999

30
13471 15885 26898 23685 1370
14359 7249 30180 6746 3482
2761 3643 7063 19100 7597
5067 29808 5805 31718 24354
2753 31696 1947 28802 21865
756 26855 446 13974 15272
13719 1188 27205 1461 16473
11572 4857 20754 2042 4436
2468 30398 49 23106 28357
7427 24343 3600 4343 19072
4368 623 4209 1017 17637
10975 3831 27621 429 8716
12082 28509 644 22152 22719
11778 19980 1679 5587 30095
601 262 1875 2394 12462
1650 9590 562 28946 15850
18152 14125 591 1352 26287
11216 4450 32366 48 31139
17658 3286 29256 212 30394
11893 31807 160 8112 7571
31694 778 9246 122 16590
10413 13355 237 4901 24694
1281 26741 183 5253 5645
12258 16967 635 1450 29421
5730 24009 448 5639 19615
24760 14804 29784 622 12726
4693 26952 677 1245 22648
23541 14858 564 167 17894
10711 8867 1539 8009 17205
2304 24467 548 2950 12363

79
32547 19937 30841 19114 23264
24529 4724 20371 3275 23637
22814 20762 8074 5763 14959
7826 13428 9517 22032 11182
26832 31862 1298 2627 8340
23223 16423 7475 2598 29302
4184 31783 487 979 14458
20339 32556 6081 1460 18418
1536 30408 972 23322 17614
19649 2273 1367 11815 1806
2779 1852 8793 2229 13626
22406 8452 11414 7790 25901
6497 6390 11195 3471 28054
19154 19772 91 22935 20743
4934 23253 2641 27800 10753
146 20127 1241 8312 29797
28729 31361 748 19026 3803
727 9133 379 2322 10618
2662 17522 1194 27547 10221
5519 5521 558 1628 11247
30724 17732 23164 347 219
30291 1742 28534 2209 8040
12119 3 2568 3468 7479
9751 10991 4337 568 429
29954 29787 916 10572 3185
25775 19749 2833 343 3224
8006 11561 11437 1165 17366
1379 8375 19 8424 18656
17738 16732 1128 2861 26125
3911 4555 1508 13405 20373
17521 27238 863 5976 111
22124 22912 364 2980 26295
31900 19783 527 18640 30963
27635 19341 13049 252 1363
24765 20281 638 239 16266
26852 26946 3392 1263 14875
18637 26579 149 65 24851
23499 357 27759 570 15569
1789 17491 703 7204 27179
19245 23642 409 11446 11075
5933 12540 1643 4152 15478
19990 31045 6248 1053 9238
21753 2045 570 1106 27533
7935 10460 5928 456 21968
19929 17671 336 7399 30461
2683 7680 151 7182 28647
3970 22790 829 707 4706
31979 18460 24493 382 9905
367 29645 1116 8614 2840
15629 829 737 1161 22598
24074 968 4186 496 30013
22615 27621 3244 499 7550
6252 4963 12902 466 14756
1811 8797 78 1214 21402
31627 22932 11 27555 27089
19356 823 156 4221 10907
21255 13455 74 5842 17923
23892 29103 2255 455 27394
20110 25345 678 5228 13803
28982 28294 2075 1151 31445
18736 15232 963 1488 1496
18405 9473 1029 1505 24002
31294 31956 195 20629 4655
20020 194 15073 91 22747
29992 8008 23594 240 6348
21586 4151 20316 417 809
3201 4243 187 3736 4017
3464 456 2003 640 3200
31219 1163 9519 107 31723
21346 8511 144 21587 24213
516 9296 152 5675 14944
4462 19620 1407 2280 27758
22825 5734 754 1970 13496
21822 1653 19865 3 18608
22387 2297 1606 626 29860
18770 27891 87 10755 9575
5187 4374 12445 116 29787
21665 12361 437 4662 31893
14889 9905 1262 749 29246

66
19508 12330 28571 23549 4263
22381 7743 23561 218 30987
7484 4654 9549 22142 492
934 25440 1650 20139 14626
7794 31757 9352 4637 21373
17583 9185 103 7027 7076
2790 9432 4608 15169 18498
3412 28770 6451 319 22610
18522 10973 925 24312 10435
31305 397 20136 4817 1880
2112 2306 20549 469 27471
25882 2269 3586 3891 29678
29434 10109 31584 1375 2207
21712 10262 5106 1662 5867
481 1694 73 32342 31478
4140 3961 287 1466 12983
8381 29383 9530 2146 21202
17630 4230 2357 4582 20102
20397 6368 26275 945 21045
1299 12509 463 9656 31415
4586 32275 1967 12677 3381
30985 8108 7486 1027 21875
1210 51 8058 1541 22769
2983 32237 939 686 8989
10558 2858 8110 572 19825
2562 7681 3069 532 26074
27675 11494 27344 488 5389
19911 9246 13650 825 6765
11260 3456 567 573 10716
15300 3709 5922 312 25499
10584 26805 7180 623 4096
17191 18031 478 4777 7728
18954 16 11312 2023 13422
1042 22581 942 2508 7494
1031 5609 979 1941 11074
7337 29887 455 16448 9174
17372 9993 117 7172 32720
17984 14297 157 21525 32019
31143 111 16543 107 1571
6979 4144 2283 228 30831
14877 1117 4072 84 16409
27445 11705 95 459 31136
29993 5532 12788 519 2030
112 27056 312 10743 26151
910 1060 273 3306 9584
24963 2613 177 956 24205
5151 29220 1528 1924 14259
1630 4474 875 956 4231
18951 10747 1188 73 14568
2454 6029 39 9803 3510
8345 3293 759 38 31123
5099 2815 584 3857 14397
6876 32288 103 16395 3497
3084 28373 5001 181 8205
18367 20316 39 29969 9698
25329 2241 235 591 3181
25046 6142 366 23 30498
28233 12167 9134 71 23871
4097 25644 2662 2040 30007
5901 5868 172 1797 27160
809 16893 9 6904 15585
6341 6397 909 1763 26052
1745 2111 18630 174 21681
30698 6091 10843 255 25419
23576 7345 22979 295 7585
17953 9555 72 3707 11425

80
29475 16181 25294 7627 1005
29793 32742 6189 2369 2299
20186 13384 3146 8981 6960
17152 2751 10170 3476 6490
4841 16048 1973 1480 1432
28951 12199 2 12863 6988
3335 9065 3649 2605 19903
6337 30546 3376 15762 621
4572 11904 8016 728 22468
19443 28332 32102 3831 31160
13317 18656 3766 13748 1581
31455 5045 9143 6995 22531
5831 330 24267 1885 16850
15860 11440 2690 2152 18513
7480 13230 42 7308 28048
5421 19704 643 30160 8203
9881 2755 3009 1989 16495
12790 23873 319 16471 27593
559 21993 1050 14040 31322
23559 21469 3728 5704 15451
3036 30691 2141 13809 14880
23969 7167 5971 128 30764
29483 24119 20279 2047 5055
8677 14685 11098 40 17827
11097 8992 2710 66 4548
22626 32259 4051 31539 7125
25807 15040 1907 3890 25114
10492 7739 19125 789 14652
683 832 57 1176 24394
12952 12886 1835 175 3979
6569 17557 871 5918 32422
2012 15363 1689 611 2645
8237 23966 4027 5187 26498
11169 15041 2406 1365 1569
5896 5574 4889 164 20713
2001 6763 14750 883 27223
14810 32745 3575 4365 22075
19016 19333 150 21624 26433
9093 5765 171 308 26972
15596 9222 10337 330 19413
30303 32202 22869 512 25614
30790 2118 4064 2224 3091
425 15318 66 10129 11166
21317 27781 24904 102 11784
28945 26396 7937 630 27423
17326 17006 499 12233 16908
23722 10155 3115 980 3146
31969 13977 8665 2001 19438
7025 4965 6958 276 13074
12827 17626 201 4966 24443
10493 32760 732 15009 2610
1808 16110 519 29267 18326
11585 13814 3129 383 7664
9746 31124 401 447 6585
29708 12084 10222 1822 30119
138 22949 47 25008 15806
1562 11921 2487 209 12109
23479 27317 27080 221 30052
31679 447 10212 759 26473
6174 24907 190 4517 12444
2399 4528 145 1697 32203
2974 20362 1437 5777 24608
13439 9074 10000 68 2099
1259 586 2585 2262 18514
18535 15867 279 28715 19943
8905 18692 3426 3913 32765
13163 27588 114 6249 24816
225 26419 224 9310 9470
18835 9692 2631 2342 88
27563 11057 3451 954 2713
24434 2518 5794 3 14722
8338 8672 8306 57 26016
18952 29118 62 22088 22587
8943 13200 1892 1139 18066
22120 2512 1826 62 23205
3882 234 1104 3422 8421
19409 32302 490 18220 25396
6912 24508 1162 2958 27369
1721 27569 77 4702 23855
11691 29408 400 10627 10450

21
11381 10092 12947 1644 11945
32647 20825 27406 6943 21326
25565 8758 23071 5945 14427
11314 18443 1347 29821 26265
29594 31367 5153 21414 27086
1950 23359 7152 15765 10799
1191 2385 3025 17103 21130
12781 7086 30650 346 3616
12716 26589 16067 16401 4817
9471 4896 16197 430 9881
21224 17167 9557 1347 13420
9388 11467 1309 8397 15290
6748 343 12146 3944 13925
30340 18591 25370 435 14975
18200 17847 1779 3559 21312
30387 15447 14512 1544 6219
5877 9095 159 13725 29628
391 17286 793 16924 8332
17467 4493 18933 153 14915
19015 1147 26088 690 21908
29562 19726 2495 83 15311

61
12693 502 695 7730 22586
5037 14306 19974 12288 22226
3664 28010 25355 7752 22885
28844 12025 23796 2899 15989
29889 891 8287 5289 9309
30854 19315 2254 11211 31066
1184 5358 785 6321 16425
20972 6206 17303 5009 1732
18929 4593 8644 1412 143
28880 15088 7145 3557 16487
32339 32727 915 30645 5306
885 32285 1342 3259 22807
14122 1580 2535 5408 13867
9792 12153 7838 2098 24604
1586 23049 1039 7051 16864
2889 27781 393 30147 9969
18132 26825 8143 638 26590
26927 1818 166 2254 1504
21568 1188 5312 2953 20739
30041 23203 454 9931 18981
16753 10759 357 1047 27918
11603 11326 5115 55 7772
7169 2194 3478 4244 15079
27278 19163 1225 6448 23895
29697 23843 221 4033 28301
3429 10601 4190 2864 10654
4372 8150 1554 1803 26505
6879 4142 207 5294 24954
942 17458 2232 805 27987
8039 26999 5161 353 6660
26522 11941 1491 6477 31235
10614 7409 1355 2515 29097
16735 4012 2537 248 27369
29000 18756 30764 14 16138
19505 10986 357 2539 24740
8026 12112 641 997 16966
31976 98 4913 705 32014
30523 30759 26543 481 31192
1115 19619 239 4884 3134
5884 668 1379 715 13641
16453 8198 1621 1380 27184
897 15641 4138 1178 22223
22506 11439 1064 1238 5166
12207 6169 215 3230 21365
86 1466 1513 3446 29424
3252 16863 1674 8691 4522
22 7141 389 25903 32126
462 31448 266 30573 8843
29358 28029 249 14585 32528
12584 8827 511 556 14821
7907 714 4325 272 18761
8394 8188 70 3829 14509
2179 4484 375 6761 14368
28341 16176 428 34 19955
29965 27088 70 8851 32463
25939 22529 900 3784 14915
32728 11417 10603 420 17689
20214 12977 5244 341 6284
437 16719 193 3613 28576
18850 1976 2180 1316 16805
4052 3165 1046 2138 24311

7
557 4777 1931 12243 29792
14333 7430 29498 25060 32393
4457 12509 7555 24378 2316
30249 2625 26075 1625 23089
30232 32500 30158 10724 7394
25952 65 2639 4489 11101
12732 22450 781 3129 26160

65
20672 31506 269 7610 17287
14197 3871 28672 17585 5077
9220 25460 4170 2568 5881
3305 30201 13997 27733 25026
22076 28026 21124 7051 11955
11352 22162 20690 59 15544
8801 4950 1114 5335 27442
9898 1011 24731 585 30397
1439 4282 4453 11869 11190
8881 10908 1195 5439 27307
532 22073 5455 5735 17730
5853 19483 5140 379 13311
25075 22858 15582 777 13502
7917 24922 420 4099 25949
13824 26308 2511 1362 5839
24680 25315 27600 797 15723
22158 26126 19974 936 18261
25172 3138 19909 136 8902
1336 71 27785 288 8754
17796 31013 1656 20551 7729
32365 2927 4421 163 22940
10971 3388 2733 7118 9854
21443 27480 441 12012 32578
16300 29112 1385 13 5484
10382 527 4735 331 12224
314 29572 1844 5484 13340
1228 16811 10586 919 15478
6102 21539 16413 514 12684
16663 1925 21740 405 6194
8324 24636 18695 192 1397
7231 2703 1017 10970 7236
6151 15400 1826 1295 8169
32151 21970 29866 57 18739
15368 27950 232 1384 22865
2664 17789 3311 1209 19051
9142 23305 1952 923 24086
24220 23709 1080 316 25763
171 7942 944 11638 9220
16521 2450 554 510 22430
2559 32492 52 13216 11589
27337 24848 22913 205 12734
31098 24567 10674 29 8309
18576 27545 2594 2765 23143
5040 800 1480 2645 6354
826 20158 10805 1335 30126
22245 477 12990 300 20322
26729 27071 18027 594 15627
18603 22496 5047 1599 21804
28617 3626 826 164 19203
6340 3816 532 9337 4988
182 2982 537 1447 60
12690 14717 343 4012 25842
4793 28251 1985 861 4879
10896 11028 849 48 32762
8483 25205 5597 123 12625
13039 18830 94 472 2525
12930 1938 83 815 29807
30488 27743 1157 21 32144
11818 12559 290 4376 342
26759 22436 22800 52 380
19124 25732 3003 465 16204
13383 13390 414 4080 9959
20603 32679 8 29285 10560
977 28156 952 1084 16947
3452 2706 783 325 27341

32
3805 2123 13743 20971 31665
32734 14341 9718 11172 13319
2417 32130 27166 28561 19538
23462 2413 4184 27205 29223
30946 28373 1030 4551 10556
29312 3360 12090 1901 17921
21169 13165 1151 6309 25230
31147 26963 14199 617 7017
31104 6943 15944 2285 26637
861 23937 13482 5349 16317
28185 11804 2494 5385 1286
32080 30598 29524 1483 11569
19069 5610 1877 14702 19395
3781 1630 28503 398 28208
12617 752 13747 246 9338
564 30026 1275 7998 10209
1437 6587 1260 11177 8630
28646 521 20959 330 16689
20205 27811 414 3978 31137
31042 17861 1369 4214 9729
30898 5890 19903 685 28127
31730 9458 6747 277 28530
31270 11336 31399 2278 15104
27705 3326 237 5402 28824
32330 32438 19529 2231 28396
15046 30276 1556 889 27069
22462 23378 44 524 28052
32580 2060 19096 378 25012
17110 23443 1199 1811 16301
28336 28232 552 1217 8122
19462 23554 2741 3350 6970
22492 70 26243 11 20134

40
31932 8595 14777 11385 29972
355 4099 22440 15254 24296
2901 23741 17771 15266 13163
32103 31533 32638 13138 26733
24196 26233 20641 2565 15476
24086 2147 10994 5389 32467
25657 30542 6160 26235 27928
32566 20635 12203 3633 24369
30410 7713 19559 488 22745
9938 291 10117 3019 12905
30648 992 4443 259 8180
402 28879 896 30370 30280
26625 10394 3366 12202 19982
855 21566 24655 1725 7874
31404 20758 1126 321 22267
20632 139 2284 1868 25880
25648 7971 434 15675 18606
23264 30322 1421 24755 27658
32552 396 4137 481 30525
28611 1354 29518 40 27865
1357 28590 400 16842 9390
2799 3107 5122 865 25597
23373 26063 22073 88 20054
30114 28807 6271 914 21140
1331 2467 2406 280 6786
5381 20009 10374 958 27
21980 32739 614 1413 30436
32648 24657 25676 971 1962
30320 30218 6965 124 20547
22033 25036 3691 76 19931
21145 26432 1574 5396 24283
1398 19415 2330 332 9523
27053 24207 104 1107 15199
2593 28740 119 14709 32103
30136 1561 31547 567 28300
28657 24718 2877 974 9646
15100 19532 8198 396 11213
26842 140 2037 236 14429
24876 14129 551 295 20403
10366 21025 6991 432 3136

57
31625 11328 30996 29283 12552
2007 21797 5001 10213 29933
23524 14077 1442 30167 23800
15247 1948 18307 3351 6198
11356 11470 12045 6013 25296
14846 6919 17324 3501 11852
11851 20000 548 13245 23929
15502 26425 4754 31015 2939
30022 14972 1195 13018 13188
8309 2855 2308 31683 11255
12534 21866 2165 11790 24899
25110 23736 3093 23013 28590
30642 31347 890 15669 14209
7270 4809 409 24048 12933
1808 5152 2483 12518 18684
20432 26852 2303 6739 13913
29795 22894 54 12118 2042
26378 10693 9978 410 21423
611 5173 43 696 26547
27808 13913 975 5052 21113
692 13228 667 21179 17473
29650 13474 349 5591 12248
12746 10761 10629 348 2598
12346 7239 2169 2181 31081
16481 755 3927 589 25530
16406 19755 1392 3969 9314
5623 1438 10855 1 5570
22445 6057 6545 563 8555
18721 18092 1272 3833 9529
1615 3047 1513 1396 21588
10977 25074 439 31916 16746
1297 1697 1099 1001 23598
27039 496 18606 24 18144
31653 5614 7555 550 9741
28211 27630 920 1144 31475
14778 6370 6817 47 30166
5774 382 2553 851 21201
20484 18264 869 4370 27325
25747 17972 944 530 2208
27318 563 6505 1266 4171
25954 11852 418 1104 12644
5099 6712 1123 8477 496
16482 25297 3105 710 6600
8013 30664 135 29286 28770
6250 14704 65 529 15880
32283 7486 3741 91 766
11914 71 10630 150 14444
95 6951 1464 2997 1377
3230 1040 826 1770 9025
14919 21322 439 10370 667
1742 18615 179 15621 749
1568 21925 30 30603 9962
8451 2563 6268 89 32731
6910 1688 93 6215 20489
10642 4975 3343 440 10645
15862 24488 1933 669 11294
16914 5492 12111 358 22813

16
28592 4777 13925 15721 18726
7487 28150 15360 23490 16268
26866 21668 26447 17847 24627
989 7794 4547 26642 10259
12178 592 13188 21453 1715
6253 23432 6548 1349 23778
5896 7728 6249 11679 2444
25833 24211 196 16727 19481
28769 2940 31539 294 26488
6097 25538 11506 2377 20414
32690 3255 6024 871 29958
9853 3927 1534 792 19082
19416 22548 6022 2221 21234
29758 1778 26552 692 8715
26651 8823 749 11928 4445
27437 10581 975 6717 30544

30
31153 4471 15171 9146 19764
10963 15296 9167 4748 11079
25908 21052 1317 24345 5922
908 3631 5711 32450 6175
7753 21312 2023 26047 13690
30723 20850 17393 890 1406
27486 24308 19531 8429 11845
28108 12310 2539 9797 28635
10215 27523 12743 23073 9299
23240 9310 4092 11636 18376
9606 14155 11629 874 26680
25406 792 31583 1272 25361
8962 5005 11912 630 6140
26629 3362 23899 752 4261
7948 5882 638 7486 28553
9571 6217 2485 3529 5241
6805 2292 30196 328 14402
6880 236 14306 230 8343
21716 4247 1335 17683 11258
16274 3721 2879 1086 2060
12753 20542 6221 5130 11072
16243 7168 1754 891 23034
11068 26870 7354 650 13813
6479 849 4587 47 10075
30839 16744 27336 2752 7295
13248 615 26845 108 21087
7031 3568 9219 1088 31576
30018 22798 24624 551 18783
10079 22426 1759 1056 19043
6772 17116 535 15356 1213

90
9803 2127 19517 3567 32279
13529 17942 20544 7375 18414
14581 32575 2784 22255 18079
23011 8013 7906 2139 19507
21307 26286 30146 9963 2102
5681 26136 6794 7089 23540
19220 7141 9380 64 5528
941 13762 2571 32069 1089
4861 13580 351 16657 8041
13669 8580 1574 1135 20340
11444 13493 24199 3461 25947
10801 9781 575 5963 20574
32385 1718 169 4998 28542
14232 26304 947 4552 19501
2094 6101 1181 7292 26089
13679 10783 2209 1176 8881
32265 10025 30519 2352 24454
8826 11098 391 9029 11561
13028 23158 464 11654 4419
11864 1261 29053 148 9195
25236 25941 18659 183 32754
29594 1587 1499 6393 16396
22232 12439 22662 229 10293
6782 760 1481 5836 27856
6206 20161 3472 3916 24590
9525 15216 974 4787 21113
24582 13006 17559 140 2478
17193 6717 1882 2662 32200
4691 31763 653 19105 11215
4287 9004 346 8285 26840
19663 30787 1571 9790 14696
18218 28914 406 11560 15269
18638 26334 2611 858 7010
3790 18106 926 101 2919
31751 6488 409 5865 174
4764 2494 521 5760 24004
32618 3349 30946 5373 2129
11551 8098 1706 4621 31199
19387 30743 183 30898 27235
14006 26967 40 17290 26137
8869 5921 5819 496 16053
9700 24466 393 1293 31483
30418 17004 22637 234 2344
22206 12797 12570 168 27903
5595 9368 477 11084 4665
22858 25546 1442 643 12623
12527 31143 229 8293 21994
7604 7020 442 4188 16391
4286 27299 36 25028 29548
8655 7668 998 2460 15820
32543 800 15699 456 18987
549 3754 287 5728 12973
11987 20290 145 5381 32245
13677 29551 137 21064 18067
7700 11214 543 2144 749
24083 6530 3907 65 5942
484 28441 113 30642 11651
21562 1531 2747 551 20429
5888 2061 280 5650 26819
19571 801 7319 94 19072
19846 10331 6901 1291 24457
15677 8146 603 146 1634
6441 10991 1150 3928 7079
29615 26154 12182 42 6548
30555 25550 27557 60 17169
20568 9322 590 261 1962
10969 17166 1910 3035 24517
15300 26539 2961 381 12688
3932 21547 339 6928 28270
2574 4982 247 181 14443
624 966 1586 1751 23452
3927 29997 190 9665 8900
16372 32560 1750 5 900
17958 13077 2628 179 26536
8412 4571 7 3263 20693
14472 6547 1710 342 13156
163 17513 2 24041 25042
10129 8746 591 2756 27814
7 19338 77 27477 24758
27389 11277 3411 86 5689
3597 28580 157 7978 14086
8012 25058 161 204 31560
24676 7589 737 351 11201
9339 4180 460 1095 22114
13191 391 13113 191 3915
14171 17786 19899 73 7447
17837 5851 2821 219 19465
233 21736 467 2253 29024
19566 16994 4208 631 5117
27732 187 1028 415 22423

63
13749 11889 17076 15864 18868
31961 13195 25993 14852 30498
25163 693 24439 9248 18058
15130 30866 10830 30301 20310
26650 30641 8119 11896 3110
3234 20302 4493 22012 10589
1777 20989 1329 5754 27171
4445 5434 4458 14260 7602
12553 1835 342 27860 27979
9322 31540 1897 3585 8639
330 22198 1163 30063 25993
17421 597 4549 6671 23821
16936 29000 5087 1700 8042
9241 9718 2159 2757 8369
805 8264 3000 79 16268
8109 30936 16 4013 6324
8948 123 623 5030 9915
8923 6682 3382 394 29448
4834 93 3960 4977 3036
17177 7998 52 1364 9564
31438 28931 31078 680 5459
32366 12593 10021 64 21242
11666 30566 2228 29144 25332
8 27416 109 5649 2223
21737 28608 22996 1 25517
28324 371 11477 114 16575
13610 2402 1346 7739 2805
12991 11371 751 17021 20855
31731 28245 23228 20 28884
9244 12498 2242 8807 24070
1890 30961 171 22392 16274
213 11812 1 12800 18030
26735 10366 18921 1042 28872
1577 868 2491 3282 20645
22081 1540 2648 3575 12023
26316 29215 3711 770 31358
11566 14941 814 7695 23072
30289 30294 17744 243 21314
8309 24943 382 26060 25379
1004 8524 2190 11347 11607
18432 27865 9650 42 12334
22595 29962 3616 10 4219
268 856 217 10259 3167
2807 27422 5 29162 22621
22592 10285 2527 526 19614
16313 10085 20187 121 26956
9866 2321 2408 3154 17592
1073 5193 365 1197 29207
8980 26372 2201 2142 5486
21327 11541 13508 225 19586
16007 1683 311 4518 13619
15947 10225 2611 576 2127
14665 32498 138 29499 10028
7785 28489 305 10699 4410
18541 28664 8716 289 30112
2391 26959 193 18448 28197
12026 8088 361 4138 6593
14837 28990 581 892 6179
31197 27288 324 659 28383
19415 7948 4462 883 27219
3401 12182 801 7834 31127
8942 21323 1146 1546 28211
14073 31301 19 29699 27353

17
3087 27078 23977 28122 237
24126 3342 7584 2711 18081
11493 351 10955 17387 23186
412 7951 654 23868 21404
31979 13814 30190 9003 2229
32290 24869 27685 19579 3879
6770 18717 18891 3615 26807
7266 6165 1629 9359 10057
2159 4493 2143 7511 8788
30080 19029 1199 196 18956
24264 10274 19252 1734 16170
26869 15157 3181 9741 16835
6705 24148 4724 2600 26050
26550 12044 7196 736 7976
2373 15366 1707 7025 26285
29693 26186 1451 11741 9909
4835 14918 1541 3264 27544

7
14518 23054 19405 16750 23386
1962 15538 11648 5906 9052
17273 5338 31101 4142 20859
24415 9494 406 8091 13747
1525 1621 8891 8679 24701
1244 31243 11142 31789 21091
20720 1192 657 2073 23151

47
25843 14570 26958 19510 7284
329 20683 11316 12380 17453
12026 6634 28146 6331 13170
25108 2395 27457 3150 11031
22374 23925 788 14212 1082
14451 16680 7114 6355 31073
16141 30040 3986 4999 12783
24936 30360 832 16656 17139
4516 14497 14883 1505 22216
6365 181 6551 3487 9646
12416 18616 246 5306 9828
3471 10636 4250 270 31431
16746 24640 158 5081 31828
13006 14233 6727 253 15049
1178 2334 2218 9711 28882
18846 251 11032 1108 22872
22479 6019 1134 198 11496
32332 13402 2221 177 28764
13614 31052 387 29144 12763
6359 7518 1191 1252 25557
11576 5724 9189 673 27095
9098 19033 2169 806 19940
697 1779 899 395 15866
19952 13290 1180 2768 20170
7583 17586 5589 839 15503
3936 11267 529 4146 14434
24362 29777 91 21804 6554
12414 32597 442 19320 25191
14196 24205 1836 21439 31266
14637 509 2897 765 25652
18557 4393 5053 36 185
5204 2901 148 2628 2137
8651 8909 2562 4128 6979
21969 14975 207 9859 2669
4873 19261 1399 949 16871
1371 14974 958 2233 18310
23551 21215 870 5704 1133
15290 4106 6594 209 13935
11875 24467 212 26067 26373
13014 29700 229 17719 25300
30227 356 23844 1663 29581
20510 5551 24849 23 24369
23368 27010 484 21506 7817
4070 16720 6004 654 12958
15225 1876 8025 120 19909
3096 19946 1096 417 11372
32062 14092 30081 243 10971

17
28282 13249 25220 4959 24213
25620 23782 23150 24073 530
19241 29287 3417 12275 15747
1445 10236 10548 9090 22182
12344 1845 6644 9283 24737
15188 12153 8681 12654 5136
4700 27300 6212 7406 4995
2622 23866 622 9928 29321
26149 7892 29491 4930 21052
24676 19163 16673 3199 29249
353 443 18713 113 15873
5315 4793 3497 334 28722
13780 16574 255 23534 31744
8251 813 22980 621 17173
4314 26538 184 27137 10745
22322 6449 23882 1071 16803
14414 11338 11134 732 2687

25
30442 18532 15295 24390 7453
18738 5889 10293 5922 27499
12622 26013 3132 3436 11177
10425 12963 14406 2344 19798
21883 3315 27181 2315 1153
24944 23223 1947 2486 12351
4431 30848 23903 5404 22982
29466 30585 676 4353 11331
32484 15121 3884 232 2494
20594 22216 5462 808 8882
4639 22658 4003 6802 15167
5500 10802 12029 2050 30262
2232 20900 387 4333 2251
12016 15365 15259 1549 21001
32725 5948 15894 2251 6034
28332 15973 1612 11473 5190
2172 20204 12195 411 16074
13634 7810 267 1856 4384
7070 2349 5177 3804 18131
1251 17248 3641 1838 2690
17109 17832 10520 3905 28359
402 9853 329 24875 18918
1466 6451 2108 6452 31937
16115 26706 9075 774 19801
2641 31237 1119 2524 14585

65
2507 23477 13398 6852 17467
26754 13526 4817 9392 19859
20887 15090 2651 30369 27516
17447 13109 3111 25137 998
31430 32698 13191 27410 15052
3047 2421 7565 7091 4067
32237 14819 845 9631 8105
14453 7041 25471 3025 22247
6520 10645 8972 6254 13671
15572 4927 8582 1679 6797
25007 27047 3445 31516 16997
30508 30988 18481 1700 2327
2123 31908 14732 23338 15041
23274 1736 29503 2906 24948
23611 13692 1692 3202 7982
6726 17231 10483 5886 27759
31097 26406 8578 2033 29962
451 12849 779 20544 14019
25883 4818 10874 526 23768
29684 10841 8472 2628 21751
23817 30537 909 8613 17124
26911 837 8796 621 22633
1269 16804 12 29605 10203
22089 6632 11372 364 11960
272 2784 2407 3935 14466
2762 9682 2829 8791 2489
13353 2249 1300 2847 3048
1631 16560 375 23199 31899
30451 28636 25818 740 7464
18518 1272 3267 3130 6529
28985 29652 14402 934 7968
26606 24775 30716 846 11255
9134 31108 4125 243 22975
1767 892 20384 313 22347
20579 31976 298 29928 32338
16855 561 7073 206 14847
10660 6698 3254 3369 22081
16337 30978 1044 858 5825
31916 25908 2327 494 13079
20372 10170 11369 365 31199
24959 28743 25 1424 23060
31856 23610 317 321 16257
2117 12431 406 6590 13496
9410 23208 1528 112 12669
10889 16951 3116 127 23906
31877 5932 22306 625 11805
18908 11768 41 372 31660
28955 32137 364 28205 8922
5185 20565 116 1656 9973
11426 5568 2806 856 5397
17424 12348 4561 506 7479
28676 30838 15502 104 19236
25621 15060 271 6691 27146
25994 21472 99 5305 18631
30151 191 32013 178 23434
1293 32072 8 10022 3745
2799 5995 41 1355 14853
5680 1821 2248 31 30721
6839 175 1840 487 193
16283 10470 927 24 13170
24921 12066 2988 76 12261
14280 30624 1037 472 19059
393 9214 1042 3180 15561
21573 229 6654 246 18360
22191 2368 146 760 16995

5
6783 17836 13847 6895 26188
25143 21371 16481 14603 19629
30158 2624 9798 3154 6470
674 212 24447 11625 25819
12080 29820 10688 27501 28457

35
17793 17032 515 15184 5595
27094 7742 7789 31327 29434
6185 22993 11060 23590 24942
4044 7484 5446 9994 13128
21898 18107 209 25540 6330
2175 248 1238 31564 29666
19831 28165 1628 26369 16647
24382 1525 2266 27199 23114
28455 4354 24350 2545 31097
32169 7500 25875 221 24207
21016 6380 1553 9777 18900
11535 3594 4633 18394 31743
28832 811 3164 195 15438
16768 2202 2076 3217 12786
23180 18710 473 5021 3735
5719 30003 228 9908 21901
4200 1826 2422 5540 9098
6783 1299 3520 5673 25234
22480 30032 3819 32181 2226
18300 12681 2375 3914 10430
344 26089 1693 18170 13672
26742 21569 294 13461 2846
2311 32436 621 32696 2658
20699 18488 1032 7443 5616
38 13578 1551 5025 14843
3539 13116 52 2017 29325
26360 32454 169 9547 26096
6198 19275 2555 3538 11148
16025 468 7917 1139 2529
26855 2345 20880 133 4125
19517 20935 146 13994 2798
4740 24481 490 2851 14441
5392 20723 213 23674 1503
10529 3421 210 8101 2699
4565 26392 127 8425 4413

45
27985 28702 24798 9173 22845
8033 8696 3659 315 1053
13496 29951 1077 23078 12934
11263 17466 2116 1509 8184
20368 18437 11272 7497 8542
16007 6142 12592 2953 1700
1313 12482 19566 1904 12110
6875 20496 3573 8684 2697
18908 9221 12938 2224 14097
17781 14410 18994 1909 8231
16508 29043 782 18091 8377
5031 30026 7071 15444 32457
14145 21186 2290 1907 14126
3143 30542 1668 2798 16061
1582 31065 560 24404 17633
19000 4125 26193 1659 11870
1811 15882 3325 10058 23267
7381 331 3161 2509 7628
31715 16485 31068 1652 5353
16061 2513 10891 105 23773
31235 12024 27756 1028 24211
12971 32017 290 21331 26886
11961 1259 2759 4875 21289
2586 4412 9125 872 13272
335 14699 47 29445 18384
26810 26750 29623 1004 2399
23646 1409 466 860 16952
17319 30053 5898 4781 11904
148 12721 685 242 6115
24953 3461 32315 372 7144
23917 26928 1986 28139 8067
13457 23899 1784 931 12496
18594 17720 951 3813 12045
31836 296 6321 2876 18265
32365 19144 26657 1157 7934
856 13781 308 21445 26227
16069 32461 88 9409 12958
20758 26829 2097 411 11535
8394 11578 15796 151 23013
323 1399 6578 2412 18478
5677 6865 1675 159 7181
31808 20470 9825 809 3753
9834 7287 2465 482 4300
728 8692 5251 3103 15013
32539 6162 15800 2325 2111

56
2695 20797 22347 26367 253
2975 1561 6913 5367 27638
27843 16373 9418 25532 1155
13593 9708 16293 4111 24443
31562 1757 11394 7085 16973
1211 15704 9921 4469 31358
4948 8069 7193 3225 27477
31295 13613 31935 806 17932
14639 15828 7834 1429 29807
28927 15317 15761 466 18465
22044 2785 8489 312 30277
1277 7513 1744 2550 31825
32598 15852 32277 396 17475
19657 6540 466 2816 24674
12097 17793 2254 1710 26600
13766 578 1271 4303 3089
24562 14893 439 5531 4823
734 783 7438 204 31760
25782 18193 734 11915 14131
5967 12964 2453 867 28101
18886 15120 4644 128 15698
22216 5952 7437 1532 11356
16586 19263 4431 1414 12701
4532 10139 349 3749 4181
23060 16471 808 151 660
9896 13861 20760 748 2197
5678 11989 4519 16 22695
27429 453 17470 884 9443
15581 2521 4637 3615 29790
27595 20016 211 358 1124
169 14656 16598 823 10520
31839 9307 15710 2657 14942
16053 1536 11976 556 443
110 15807 478 1722 29741
10413 466 2791 2247 32701
530 23407 479 14567 3829
3853 7330 277 281 14883
20917 3016 251 333 16905
733 1466 1494 2515 21912
23643 3323 2093 144 26096
18157 14612 30184 259 26780
12886 20480 1088 245 15081
29214 8875 28808 81 23815
11352 15564 11346 137 19261
1684 23349 742 15369 23853
25060 31051 2414 13163 19955
690 16367 506 3456 31019
23216 4767 2682 164 3815
16596 233 7002 297 8392
12642 6859 414 3820 24800
19852 619 6976 538 29295
29135 1665 1433 890 16458
997 10415 1215 2038 5135
30204 13073 4097 468 744
25021 16301 553 3262 531
3319 12601 654 50 28306

66
30412 3364 9713 26235 26810
10329 8343 13311 24846 20733
1812 28198 7619 15716 31816
25525 17302 2450 11059 15939
12223 2096 19965 550 15404
24919 32326 13829 10902 25384
15918 4132 4595 551 31381
8078 3450 2139 6968 9171
24890 3058 8255 107 14682
4953 2642 2846 24901 30748
644 24506 235 397 26361
28776 14403 46 6823 17022
20084 6535 6632 1449 1700
12947 3073 11177 971 25927
9768 1058 10421 553 22581
2433 2162 808 9560 23806
3613 9916 1147 11028 5047
15260 5689 1815 1294 24933
1571 29375 166 24747 21661
2165 27864 190 140 4753
26749 15203 783 551 31994
20024 260 20263 667 23122
24078 27156 670 29469 25462
24963 10981 476 18068 13000
1456 24439 3390 1025 19236
142 10735 2218 7438 19095
29031 22964 862 7198 6228
28343 15334 35 9852 14067
29239 30263 6413 314 32534
737 29024 347 5937 15307
8258 13983 1530 1726 1382
25390 4026 28 1749 32062
26820 6200 220 993 7729
9677 16067 446 15207 16914
8351 19177 316 996 31606
27492 2655 16217 150 6801
10359 4485 3624 2380 15206
27072 31201 13671 969 1975
28678 8136 1059 5728 4912
23716 12022 483 7199 596
23870 20993 13 27165 17349
17967 5028 4892 282 17947
17932 4 29185 142 6854
1968 23814 193 74 32690
28958 19157 383 1604 24862
32456 1326 8857 1013 4285
8841 20897 780 2661 23165
1777 1240 4703 710 6797
21720 1852 8647 49 20802
25182 9292 3105 1332 7159
3162 23194 224 685 26715
216 18408 126 13725 8455
25725 5760 3071 415 29785
1119 5670 591 1420 24604
3456 3406 82 4018 10559
25327 1370 6535 225 23713
442 20226 2545 2301 29636
28090 11428 458 3672 16281
23718 22981 50 10047 18443
30206 23390 57 4007 12428
10262 3740 21 8378 29456
3196 17548 181 5153 25433
15388 7156 4442 142 23085
22898 4923 1270 879 14904
2830 27978 1488 188 31721
14913 486 3992 464 15791

50
25910 10677 22023 19797 30094
2470 16771 11824 6479 15019
3036 8231 5279 2144 18961
11140 23546 1857 23202 32593
20745 968 3289 16551 24430
1401 4556 466 8626 9577
22490 31766 19526 7548 15160
7711 11506 6792 3267 10632
5817 28333 636 15928 1783
17313 26514 1022 29680 31406
18976 31533 1911 21498 27458
1100 29530 4636 9408 18441
2384 15661 52 13624 3606
24978 201 12540 3528 10854
29202 4284 29339 4888 8255
194 16359 1822 5236 12469
13414 30474 1108 10880 9425
9514 2229 6867 7789 21808
19902 13068 532 15953 23307
8801 26838 872 22741 23636
15451 17922 1078 16532 19770
16930 6848 2408 1492 24979
17179 1301 3396 4564 22136
1921 1262 4073 1889 12593
16768 19449 213 29466 176
13193 27042 314 1980 23430
14585 29687 764 3613 7068
6768 1027 1350 185 9505
24870 6200 2480 554 16199
30999 9944 7498 131 29211
6484 27097 2028 2371 4923
4798 564 17746 232 21250
14709 23222 55 985 11440
9829 28235 630 8588 5114
7650 32699 290 31877 28226
28223 10087 31768 247 7989
24260 11845 339 14949 21417
16684 10043 713 2656 6791
25814 23642 40 1247 14534
24139 104 161 9145 2265
21402 31974 956 18234 5165
17951 15561 1804 6253 25340
11804 14857 996 1887 7163
25291 22891 229 1177 30336
4084 23927 2446 1561 4599
26708 10501 11418 146 6514
28912 7144 196 1169 30456
847 15639 761 217 23829
31641 30587 9126 610 13413
8289 4011 401 1796 21997

36
5327 20146 25573 9382 18060
17612 11489 24598 2125 32149
31141 16558 3346 2524 23124
4376 8785 5238 523 3311
25151 3994 20820 2165 8467
22286 32497 12083 27545 16406
31183 24269 26849 7663 18839
1397 9567 7390 7709 23265
16300 31015 2948 16494 9307
1150 28169 2420 15619 10005
30926 20302 14763 1129 19550
5795 521 5082 6538 29055
19047 9007 25886 2412 12640
4509 32382 9472 9853 19883
24835 17429 3402 1306 25422
14321 6575 22115 237 3092
14238 15029 27903 678 24207
1442 22410 1836 4647 17854
23481 2201 24143 220 17438
9515 17514 12646 1788 31371
10970 605 6016 3584 11768
10486 10046 2989 1975 514
13779 13346 1614 178 30271
21122 702 2853 1102 2219
32752 7219 4881 755 20366
4299 19457 31690 668 15442
19209 4311 1389 1237 8593
3596 10 21210 60 26131
23066 7808 8505 765 21202
245 221 4893 2339 14512
318 11983 789 31045 24542
11614 6311 1916 96 32571
31633 22656 25616 1014 8055
4576 32045 11375 31 474
25814 13986 32754 277 23271
11937 14391 31270 563 684

98
27481 12739 28100 14450 5898
2090 15686 3364 7464 18105
12613 25170 2826 29179 7120
26779 2101 10484 4028 26948
26752 29082 6425 17322 25727
21847 10748 4855 19955 31522
1968 1685 22277 5577 17142
17789 25455 2076 3197 7763
26966 11881 13768 276 2917
7079 19702 5380 8346 11141
21795 31352 2794 24247 150
20884 28846 757 3792 12001
17833 30928 390 466 28373
28000 10573 29077 963 11927
23683 7443 24138 735 18851
4279 7558 8457 7326 19378
2970 25758 697 14310 2323
13025 9719 4065 14483 15201
20762 32704 235 5894 1295
5128 27700 1692 25740 16752
24389 9371 19882 699 16507
9675 31263 1353 22789 5398
16453 9369 3697 226 31828
26114 6929 16621 241 27153
25405 812 22492 647 30144
18840 11530 894 953 9845
123 25144 1160 21680 21983
17266 19796 58 24407 24136
8677 28415 304 21392 8516
2428 31829 495 14301 24144
17785 31843 96 12456 1987
20082 12601 1275 609 6490
26755 19418 379 4889 4721
7732 17659 1313 560 430
11031 30704 324 26910 27582
1956 26506 171 9853 20052
24337 8482 24577 218 32735
24716 5327 1937 408 22987
7337 28521 790 17590 26766
8825 168 21416 236 31111
19894 29589 135 32433 29477
32309 12297 21968 351 31734
31158 27481 14493 58 6486
15222 507 24896 37 11719
32013 8952 11071 127 25076
6150 17453 227 9453 4408
18572 18785 1632 2269 11566
26820 27930 4250 643 3520
19476 14141 356 56 11090
3954 28870 887 329 6224
20339 18318 1269 3209 25506
10766 1332 13937 97 22667
1284 8044 712 13677 27140
22321 30763 199 136 24569
11570 28576 872 15753 23206
16215 30047 674 16241 17193
16075 24853 43 2108 6781
27221 27260 5107 183 2594
26845 15234 345 1069 5526
18277 29670 162 24483 16178
31185 6401 17545 348 15505
538 5870 458 12890 17840
15693 29703 340 26224 27587
26362 6142 5497 228 4799
1499 25585 31 31919 30309
555 1060 5293 489 30494
5685 15181 267 1070 25437
25359 32203 873 20620 28895
19308 21642 122 766 5093
4536 31441 236 2967 12560
3848 26369 104 12206 20758
42 20127 338 2870 21254
7132 31137 49 24663 10771
18468 29665 971 12188 6828
17070 26797 188 19737 21078
24735 1814 1465 682 29815
2164 29744 96 32150 12498
19066 9686 248 1313 24679
25294 6491 2181 328 2094
25382 10441 15579 98 27273
4039 32739 260 30255 9786
27925 2039 22246 9 9408
31062 27583 23562 200 3357
7873 2 32063 122 11295
18013 19720 228 4779 1652
24825 32667 470 26158 10175
18264 23039 965 49 225
7810 16401 4802 1031 1502
17474 10209 127 14884 6375
13393 7350 7928 981 30850
7065 18751 1835 768 4131
10615 1632 31701 22 27112
19718 9691 1901 1464 11335
24705 3200 1073 386 5654
15596 553 30923 8 11864
3283 669 12875 204 2714
3541 8752 25 5347 3237
17716 11499 256 5129 23104

48
29161 10347 32516 26697 4858
5716 7471 17492 4212 18773
24864 17384 2249 28520 25848
2043 12571 18622 4667 26692
13386 32205 8671 27908 31223
5115 18891 7524 14825 31516
26456 5189 1683 8601 9000
51 16854 857 20791 32601
28719 8113 27002 1123 1867
19803 418 7399 3449 29844
2313 30340 1608 31185 29802
23527 20389 637 30762 818
11434 4629 14654 1265 18429
27190 25245 1509 22275 20850
30359 3080 22669 678 29393
19066 4136 2479 21 27612
1950 795 10698 3259 14235
356 6858 19476 180 1677
14235 21858 8468 7643 23332
28686 5090 12301 2957 21562
22298 13820 1317 5807 23981
15483 30284 5723 537 32211
2568 18501 737 7752 10444
4367 12322 9257 195 31638
999 17558 740 10012 15489
1771 23121 673 3422 24720
1712 4292 1200 736 2342
28409 3240 614 1722 4935
23141 30465 309 17842 1373
16057 18285 3560 799 18994
31791 1916 12708 1138 14315
23273 10022 1076 2280 17317
32447 326 2800 863 15927
4785 31121 153 22007 32298
13765 11962 300 594 17438
30470 4481 12733 114 19142
22069 29595 680 1399 31764
28564 215 2008 1133 21522
28255 1750 238 351 18508
433 5641 2807 771 4173
14045 22565 84 3616 4708
28866 16323 24 1917 26323
23918 7380 1700 1436 30249
22810 29861 261 10768 17112
2343 17326 16626 844 3004
6087 4749 4846 1315 17449
15875 20193 136 1406 5324
26246 14608 338 1437 19319

92
30212 24847 24778 20537 25210
31483 11086 23747 6600 25723
23885 3462 31869 424 18721
13153 2293 8650 6410 707
5411 10292 12329 31934 12754
18470 22817 28107 1963 26214
27675 5029 1909 10732 20802
3969 3737 8485 3895 5201
18884 26288 9106 18925 14347
19362 9776 98 8615 9723
28469 31931 1300 5690 28006
767 11716 4220 11634 31907
901 24976 2345 10916 9489
31243 20736 16186 816 5007
24049 11157 2805 673 20009
31064 7874 4215 1900 10368
95 30729 605 7701 11970
23124 2329 22952 723 25212
29240 17722 5512 2961 27593
16898 881 4111 680 32750
25549 13340 858 651 30187
24422 15042 2485 3252 15200
31454 4496 24304 90 1448
27471 741 22005 314 31806
3361 26924 936 2895 1588
24708 19374 3458 893 24275
18048 21871 1404 701 14067
4314 24030 968 5846 3131
32151 6339 12983 612 23278
18555 15543 539 1815 1628
12940 610 2192 1057 22929
4755 1185 1313 1432 11393
30601 5683 214 11254 27823
6233 127 22051 97 16338
23499 3142 23086 219 4180
20698 19599 175 1539 2719
309 10147 9768 32 12502
19975 14445 1565 275 1036
21329 16189 1295 965 4174
25922 1223 1545 254 31071
16710 1729 11296 130 1042
10234 486 1514 1655 22837
6406 9629 5761 140 18999
32618 104 19377 507 19937
24055 6785 2855 3415 30099
1886 944 1464 2129 23908
2631 3979 1066 1978 19636
30819 13699 283 1307 13748
321 8857 17245 27 9330
22379 13924 1182 2032 26025
7988 9931 5571 145 32305
3831 30597 664 8155 9866
28634 25022 155 1496 21075
22963 16398 1220 1026 16409
22219 3319 457 4290 16700
23547 6289 331 4060 23901
21686 22150 4269 222 31754
22613 8603 37 2215 18739
43 4228 936 735 27591
32538 5261 15037 771 28258
31763 1064 29916 1108 31715
29997 22035 8810 185 10881
25621 21177 4439 651 439
30853 21791 6991 57 2231
29707 7102 785 8324 16854
19461 14066 2431 200 4943
20171 18387 7313 647 30978
19140 9159 1694 553 6726
24803 4278 1016 1906 29940
699 9503 5051 190 8357
18076 32497 722 14082 18344
17146 9564 998 557 30933
19464 13427 2472 603 1088
286 22260 414 3533 21167
27572 423 2636 274 23057
7981 9056 8224 68 17761
28306 27481 1120 803 386
26800 25626 298 639 8614
21473 2178 2942 98 18141
9179 2731 1728 354 907
4338 8129 80 157 32511
28223 16148 376 4439 15240
21688 11891 4001 1066 29893
31243 10541 14093 9 16366
18158 12188 814 2327 14644
23760 20752 5892 130 26538
8065 1519 1427 335 9177
310 7758 2302 628 11059
30764 4278 28853 18 32610
31999 5889 123 1535 13902
16205 490 9220 338 23112
32759 7409 20756 34 2695

28
22719 8728 3579 29623 711
13865 19383 4526 5266 4987
532 14925 12663 2794 9838
28221 20969 5898 21230 10846
21286 240 99 17540 23014
15692 25930 910 24702 29480
31611 2295 32760 11913 21065
27291 26031 600 22877 2371
1794 23453 10227 22511 28338
28227 2938 1083 10552 19250
1872 9750 11539 1760 8986
13423 16584 7314 2150 579
14636 4122 4482 3686 6485
21915 26462 576 25550 115
3841 2692 8101 6259 22500
29454 5179 707 2226 27459
8432 11641 2736 260 28881
27336 16904 4814 801 6057
8372 12454 7616 1555 27360
2802 18125 1684 3049 4576
20764 10990 503 16272 11799
20951 30351 704 10955 22975
258 16918 254 2510 31474
14689 9803 362 613 8348
5095 22973 2397 452 8875
12442 20889 55 26874 5259
17749 30185 2183 6668 9743
13099 24660 1216 27957 26201

7
19317 21341 8782 12650 16507
3466 26954 14386 25655 6236
3067 5865 17136 7635 24562
21816 2070 4346 13892 22840
32727 17844 20062 20308 16005
30520 20921 874 22059 25627
26674 1155 22180 9077 2576

26
22024 18126 3259 10530 9366
10408 10714 10098 3985 18228
22582 9628 920 202 18102
29590 2941 22762 7977 14084
25590 18658 26776 32310 32395
1651 16313 6475 7191 17946
18613 31313 3231 25346 28642
9034 6645 19459 1177 31684
13089 21691 1935 3617 11121
2242 26964 8332 30989 6722
12865 249 12185 4815 7583
462 19747 1148 27287 19264
15655 32187 504 24263 6515
26348 910 1031 1842 6368
17506 15343 26184 1327 7125
13269 5243 7318 1167 4216
17749 25268 499 7123 3659
21871 12004 24876 1808 13597
16784 19311 3710 1274 32122
5861 4825 561 11135 9925
30678 684 21497 1743 17802
909 1285 6903 3137 22643
13058 17799 1133 2058 4402
26291 14112 25480 309 2990
9698 9116 977 953 23647
16536 27127 1175 32751 15853

44
27324 32169 22919 32240 18143
13530 20134 5111 21526 19184
19056 17083 19621 4339 11926
9213 28424 2453 3730 27291
32465 3800 27481 12102 6566
30141 23879 11223 6731 17266
8609 5273 980 19370 10689
18807 22261 32571 474 32409
12735 1438 1519 6691 17216
19432 5809 11624 10109 21570
20926 26861 3550 31104 6503
7921 29770 639 2191 4608
13055 8711 19 11764 12273
893 26770 5208 18852 25306
16362 118 26125 1476 8858
1418 3118 53 1530 8722
12235 14811 35 16529 17251
15129 14153 3844 3812 30272
3873 11310 3116 14196 16835
22963 26232 4588 116 28575
14796 9372 3053 1516 21134
25560 2566 121 2972 25195
9626 7329 1270 15719 29366
24340 23644 4525 624 30064
10157 32278 2238 23566 29045
3221 8614 182 16306 2406
10532 2013 1463 1989 29110
25847 32407 1328 14251 19284
31581 3002 200 8159 13764
28960 15926 19223 1144 17147
19425 31455 87 11526 21087
19976 25196 1948 1442 17594
6818 26879 638 28144 29372
2193 20214 750 4291 27770
92 14649 311 18608 28249
26 16708 23 16539 15425
15857 2075 5465 732 12619
32218 1648 6876 185 7343
13306 20879 163 19234 22247
3059 862 1731 3028 10834
12421 31913 675 2742 22759
9802 25008 1945 2687 27931
7283 5578 500 18523 23077
18716 28260 36 19088 7925

44
8383 20006 17725 1284 11706
6975 23601 25786 756 29426
11367 26479 13581 28992 10738
4375 32224 1243 9875 354
21063 7305 5820 10666 1788
6909 32047 4280 813 21070
29634 31017 15439 2746 25106
23867 18660 24600 32 21138
25023 27866 2452 17909 13080
1651 10126 15989 6668 14741
3099 24748 6632 1049 5067
29242 694 2084 1956 31865
15606 2151 11158 3375 13282
32679 6716 20880 3408 4105
2634 18093 2206 3755 17749
11805 22344 29692 181 28606
27125 20621 23423 811 25739
1355 25083 1555 2884 1908
27482 31111 274 14571 14301
29419 10432 17568 4503 32484
8500 6434 1731 596 13364
30520 15649 30008 495 1417
28269 27434 8456 2586 16915
29578 24478 30015 499 8572
5186 1595 7823 2058 31907
29113 7078 3328 2116 4722
31834 1523 29842 3877 12808
20158 19850 23053 63 14118
1253 18346 18 4773 11703
7566 5917 13403 273 9999
26446 26640 23803 661 1766
28686 25040 21944 98 1906
3484 31073 470 22812 17807
6746 28742 1816 1942 19245
27 32555 3429 16741 18060
9407 7630 10043 84 23389
1615 6352 5993 2876 27422
25766 18364 12486 248 26596
124 14320 1148 2708 10180
30441 16506 25793 1069 5010
7628 7821 12992 56 20808
19283 9097 426 9773 25185
27928 30862 1129 17943 16770
30728 5506 7064 118 29801

86
12500 493 2245 15616 24692
6046 3170 5898 19174 18373
26318 14465 10797 23884 13878
15557 10218 291 15791 9942
1088 29533 24103 14680 18759
23763 729 19365 9816 1514
2447 13154 837 7034 11119
16744 20401 2411 1002 23833
19802 7795 891 10330 26373
22295 7889 387 10557 2644
4414 1922 1336 23300 23434
28278 10851 25378 2884 5103
17 18988 743 30660 20337
23154 16640 1683 1551 9003
19406 25037 442 1894 25717
21436 8080 586 10408 9817
11256 27254 3787 911 15463
1535 21527 1018 572 2148
2753 5052 913 3829 10901
7010 27557 986 1522 11892
1236 5210 669 9985 23352
20103 18561 2885 4879 9435
6815 23276 3654 33 3271
16845 24692 205 580 4105
10250 28499 3071 915 1147
16782 7513 2361 4359 31680
17803 597 3667 4276 3634
16227 27199 9061 950 21672
2013 22460 461 250 27650
1261 25242 6901 2155 7268
16001 16721 7 10983 32749
23541 11713 4537 170 11899
25 4071 983 5034 24634
10654 25930 530 325 29756
16268 9034 111 13776 15732
5978 22778 125 2300 26077
25035 16860 287 6564 12053
23295 13028 2935 2092 18735
14761 10502 607 10359 26231
19289 64 14015 89 22073
12502 16471 972 5238 32395
25788 18857 288 14197 4092
12468 26058 189 112 21022
25504 22964 48 27842 22634
17636 14655 2143 3420 637
20384 28180 2799 486 20951
12077 11491 288 9858 29054
998 17289 13 7466 16133
16215 6547 3713 771 20750
1181 7112 28 14997 26115
2041 8478 309 1549 20766
8889 26965 777 1413 1721
8409 162 19052 138 30447
7200 1212 1231 979 16960
22471 26351 2028 455 25902
3351 9686 387 14764 14543
31346 13894 12770 506 6234
17254 12381 1284 929 25732
3076 27745 3215 680 3361
3732 540 941 687 29173
2986 4199 1363 153 5721
20398 25972 2068 777 32158
12996 22451 254 708 29361
3988 20366 405 3982 19366
15057 932 1653 5594 20755
8260 23410 298 4011 5342
6224 78 2146 554 10297
17351 19612 1187 558 286
23513 22450 1165 3510 12349
102 1762 802 1398 26284
920 25423 2 19412 16969
27320 533 32210 77 9785
23074 5030 290 2053 27913
15444 21693 9 6465 21043
3778 6129 442 466 8418
18580 13236 269 322 19089
25699 23066 3 3857 23993
27179 13792 12881 62 26342
12625 22172 260 1830 10273
23881 15184 322 714 27082
938 27028 117 23717 13709
5774 11258 93 7855 9469
16223 23557 54 233 25581
19791 23648 1744 900 20621
25398 29544 98 50 11834
24709 24051 285 1454 11389

51
18781 27019 31827 26866 30559
28353 88 10145 2565 21711
20913 15645 25708 3768 22618
9438 26340 5582 9357 30348
22552 1452 4540 8982 12950
15041 21445 4113 3479 25718
2029 22527 3002 24294 19386
826 14055 772 27053 4963
5219 12764 6759 4114 2717
29348 10827 29650 1721 31933
2350 13561 355 2997 16705
2818 8883 13299 170 15573
28211 2726 4408 3190 17868
16348 5487 3044 15462 17134
5173 25007 141 29250 17832
1336 2909 2572 3096 14174
26327 24498 12255 1808 644
5657 25602 2876 8290 18273
24934 12900 29484 892 20677
11475 1454 327 1839 10696
22846 11570 1256 3142 28449
17310 28388 647 31726 21690
31910 23287 1120 322 3256
12798 10545 2175 15313 3677
20240 22521 31136 435 31700
13092 4494 2715 2053 9670
29254 14614 24201 184 8705
7214 18763 4648 3876 30952
29247 6874 12832 377 15008
9253 30953 136 20758 32157
67 11848 57 31641 26197
3167 6010 2598 791 16022
29300 6385 25085 187 26769
24328 20889 31049 447 12479
32245 7520 3528 2114 20144
257 12984 416 9011 9285
28759 23650 5835 419 29139
16633 26502 434 20906 28284
23930 25462 220 1354 25106
3185 15975 1559 2752 19529
9566 920 201 3402 14464
5551 20539 671 3855 25050
15979 1154 268 3569 21223
28440 26806 21017 170 11385
27503 21483 32496 361 7312
27368 3006 760 2051 4330
19652 2807 2093 7179 25888
4815 9648 6853 14 22919
18230 30784 162 12075 15862
21844 23213 503 1161 30769
27452 20154 9295 662 27935

33
14175 32037 29812 17492 17462
828 8855 9710 21413 20344
13958 22432 17520 89 11649
27485 9074 23863 3975 2218
12688 28916 1763 1140 23188
29420 253 11726 4218 8844
18024 26708 24707 5073 17733
4981 32088 5665 22941 29200
14960 11566 6374 6291 25856
6892 5237 9885 2957 881
11652 24272 20727 207 21775
24970 13669 30205 5425 5199
10879 31647 1511 27657 28896
10684 312 15081 3165 8091
501 19665 22 22184 15871
30067 7888 16471 25 7229
10358 4652 3368 200 4442
26683 24965 26322 415 30351
31956 20116 23209 608 30600
14161 30701 1163 464 13656
21739 21821 26952 145 18727
28333 22557 24866 1223 29101
20818 5198 12081 1464 21630
20781 4208 8020 203 5487
23077 10140 368 10749 22568
11690 10356 11 4309 2420
31550 6738 15434 378 30351
10706 19625 6383 1772 12532
119 8244 600 8010 10247
681 30334 2117 21709 19599
21522 7174 7774 623 26595
17425 4724 3367 4067 481
13816 31609 126 11013 4127

30
14204 10618 16558 26171 23559
3959 7708 250 20206 22685
7005 17512 855 11913 29281
29449 4138 1639 5698 15537
32336 13788 2157 6602 11382
32541 10413 15727 2820 32299
470 30606 232 4231 23827
4098 1741 14410 1005 23461
1085 5234 18371 1522 30518
31753 26620 4876 11857 2960
12755 7014 771 26142 6699
31158 20567 9154 5384 27216
4925 284 29098 499 14827
8499 8216 796 10094 19721
19320 4624 2013 554 5842
156 354 754 22027 27411
4762 22789 499 15115 15052
5270 25853 1219 10480 20123
14918 2772 18880 1254 3744
1068 29209 2832 18787 7796
17751 7622 1191 2155 30999
11830 25931 848 31205 5353
8288 18982 2724 19052 5948
31546 5825 23685 37 15536
31474 7037 1735 2965 24797
6558 22498 347 8598 20133
6103 11323 665 8467 3158
32483 963 26267 852 20571
1865 13849 14 11376 8244
24065 5966 1915 936 1586

87
3029 8966 31248 27279 5614
23063 1037 32491 573 16886
18343 7117 4718 834 26831
24150 3409 16552 1468 31074
14375 2517 6696 1352 11023
8143 4188 3886 2363 16311
2476 4654 136 29062 12119
7591 14 16431 633 18821
5095 1551 15657 729 30146
28388 6670 23194 1352 26872
22151 5247 755 558 6564
1482 3928 843 19983 12442
2167 27539 179 25324 165
16743 5787 647 1880 15767
30366 8090 16781 109 9046
200 32375 1378 2603 8932
22333 8704 9905 162 13807
755 21843 623 275 23339
2693 24666 318 5533 6350
5131 7363 7172 1139 16703
31224 5679 6883 43 14294
27506 3043 24112 156 28881
137 6060 494 18263 28929
13072 3410 201 5344 28051
869 527 176 3299 10289
1824 124 611 874 14869
14199 5916 2428 1892 13252
26080 1673 23396 191 2975
30517 5858 15698 522 29301
25883 8882 549 84 16540
21318 2603 241 749 24577
29078 2022 2350 931 30857
9987 3020 3912 249 16997
25071 6858 1670 1050 32245
24083 3309 8110 50 28738
24312 162 14965 760 4144
3276 3023 54 3102 13500
1831 2294 23303 13 6716
12672 897 9500 289 21378
7869 2671 2068 1513 15695
18454 8286 10032 360 3495
18397 4451 3347 1774 12683
715 5838 141 11812 4179
18541 6728 3527 327 24891
15607 4725 60 977 2886
25821 2318 385 263 16387
2812 30864 88 17257 18218
1171 25533 1053 208 27377
4561 3433 307 4176 2297
27829 5285 27342 148 12274
957 26016 111 1416 28894
23104 4789 960 1742 19141
2740 12539 76 6170 6881
24198 5393 3196 1287 12076
22854 2352 55 514 5741
1299 28611 298 2375 27111
3823 6641 412 2100 29840
23770 7817 952 364 15547
12396 3408 621 3494 17020
17287 4239 111 1045 14015
22923 2345 1664 726 9715
1904 29968 151 16250 601
31539 2586 2461 154 3204
11954 2309 1977 130 7594
5903 3758 956 2502 7484
13760 3389 13 5429 16545
22670 6560 756 207 23407
864 12583 300 4483 31225
2844 879 4449 310 10604
9328 784 10793 95 7660
634 25069 65 3369 5367
1090 6874 250 5519 29923
17485 6887 698 842 10413
32475 8464 3833 466 1271
2147 1416 3129 116 17100
8817 8568 1721 36 26573
2851 16674 79 6204 9546
11 110 20 22751 30902
28099 4903 16770 9 14361
853 25432 510 46 29867
6028 2570 655 1136 27182
7163 6220 956 307 26283
2757 5857 389 3108 26199
14424 1290 3089 87 21860
32381 4914 27523 306 32371
30035 5476 12874 123 4779
25881 2750 716 348 11375

87
15037 24705 19035 27021 27435
8739 5163 17700 15800 3952
11323 2775 27868 941 9549
5039 21184 846 15056 16763
28068 8188 25260 15972 27919
14005 31126 438 32514 28232
1044 1033 368 15960 8569
6409 26138 3097 4280 1145
14386 4124 29199 913 2992
2495 17555 1424 12700 22051
3902 3820 4083 10325 31165
1836 15400 170 18040 16896
6259 16837 266 6394 31136
8401 10988 53 10114 30288
11882 27595 346 22149 22702
22267 21581 2248 1717 6339
9768 21703 1014 19317 9027
18451 2179 26557 222 1985
18308 325 16035 1368 14522
31087 2415 29797 332 21808
9514 25259 247 18967 18785
26671 6112 8245 750 25032
15002 21148 3607 722 23047
4220 24416 359 3436 30845
490 17181 574 2659 30794
225 26137 1411 22593 12934
11195 21431 26 13405 14337
7144 239 9827 547 28031
31200 1779 27734 268 29754
2709 7460 948 5243 30516
4632 14684 3204 96 17474
26872 7110 1135 15975 3860
12487 5064 12152 6 3697
31220 7084 13535 678 20445
8321 32344 928 17617 17872
8680 21301 2132 340 13035
12488 25414 1751 2869 4183
19183 1848 10786 260 10412
5472 1086 6882 172 6108
6311 32671 190 4152 19062
4124 30865 322 28847 22235
12611 30181 1118 24010 13617
2050 24553 235 10289 17962
4685 31620 231 10518 21811
3043 1587 1611 1370 25818
18614 21601 2362 471 13941
3509 30978 399 25340 32295
5631 1528 8626 1034 4896
13899 23923 13168 591 18845
7639 31602 48 14837 4763
18849 23002 1060 793 8366
11370 24491 186 22923 5579
11120 24978 13 1703 7846
1733 1978 650 2047 2341
6108 19299 73 11288 24145
10545 4013 6562 60 18671
4324 14610 278 3988 30698
31925 3758 23253 346 31057
6835 19736 798 6107 6624
14870 21928 3486 683 21987
11517 22614 4202 710 16667
4747 2616 772 662 27057
11735 26261 10 32404 8296
479 21414 829 1057 5929
30223 5279 27427 427 7627
1742 4834 862 4723 10123
21573 21118 2245 209 32505
11399 77 28555 20 6622
1253 18991 258 1566 252
26461 13014 161 7501 12558
4963 18836 592 867 1732
10589 870 4921 166 15773
2268 12812 835 4725 24779
15213 24516 12968 51 29472
11556 30590 61 18189 17955
14716 27731 59 26478 4228
143 11354 75 10031 4168
565 6790 220 5870 13480
5990 30004 60 4095 13206
2700 31662 583 10667 26213
7918 31420 290 10026 13652
32418 5747 15812 305 14780
14833 30678 117 25120 17212
9061 3620 1253 213 7391
6875 31553 474 16546 28354
263 24006 1080 192 2494
14165 3835 1685 146 6891

21
30241 2653 30077 30616 13832
10703 392 15263 31616 7072
665 7347 2562 32563 22646
4548 24425 701 7658 32532
9329 12704 527 16381 29425
3275 26454 675 3873 28901
8022 16434 642 31827 32335
26398 10497 3442 14852 24073
3707 6806 1316 9033 20505
6481 28591 22 29325 21910
891 647 1775 1474 29463
9474 32603 3842 18791 19934
7749 10113 162 17590 16449
8329 3163 628 5160 24833
27108 27747 2288 31831 26474
5395 1851 2107 8199 25774
14659 32343 12237 6855 6009
5370 18575 481 30695 5462
20024 244 24012 145 25352
29601 1637 21990 683 21104
6776 18514 163 30018 21788

95
3188 13979 9457 1859 15678
27707 25299 31424 16136 4214
14857 14762 1001 20277 7912
19449 7547 22347 13704 29621
22734 27472 4074 10217 16373
4092 29443 7484 3669 28333
453 6986 7156 6714 9929
14060 27917 394 3365 1553
682 22582 1064 11076 25352
17301 4092 29440 2805 29448
6910 26165 3657 1365 27915
18673 27346 2846 3229 17513
8797 898 4042 6588 30132
12850 5877 2937 2035 32034
12431 24794 159 2707 32612
16614 26934 492 25607 21873
24740 22063 29865 1048 7338
10248 18849 4330 4419 15948
20893 1809 18430 1036 11089
16058 3225 15963 867 24592
22190 23826 6815 380 31044
7664 3651 935 7183 17937
229 947 2796 2050 21355
16228 11817 1995 4675 20784
2320 21936 4485 2646 9892
19043 9362 192 11185 11613
2377 29020 720 23964 6960
19490 32340 62 2483 30117
21699 27654 27 20531 11541
17113 23725 1544 7395 31041
5750 15890 1606 897 4474
8442 11759 328 2116 24874
9763 11239 3320 2717 1875
1922 16058 3223 3239 17140
13711 32724 1068 8026 8224
7189 27552 491 1267 27667
28117 7092 15584 242 1582
500 23663 13 12663 26652
27465 726 14787 302 30599
12367 9148 3700 1795 7204
3838 5 4040 749 8546
15724 377 9098 1115 6087
220 22031 157 30193 7340
25614 25328 1049 1181 24262
16075 17855 136 26350 7791
4894 3130 256 3853 14781
11629 31848 1299 3886 13756
24826 23350 22206 159 23552
8147 18076 374 2939 9506
19283 11726 165 6648 22123
13332 26170 819 825 27335
19010 31650 133 644 30596
27121 31094 52 10373 9377
7525 16143 1027 509 378
5175 17007 1409 4428 29781
19599 31111 995 7927 5492
3570 25240 426 14550 21463
21615 24268 32669 675 6548
18923 32548 124 27993 6216
13830 14732 908 520 8842
20327 22059 824 4850 20046
10245 8254 121 771 22497
30942 1298 28122 324 15346
32 16822 37 29558 9495
106 4972 2020 1972 32654
22568 27217 85 24703 592
17352 31384 739 30787 28687
10012 16294 394 520 13316
27488 28737 26 15180 14065
7575 24039 4348 1824 29754
23308 21701 17147 103 8555
21905 31378 371 9621 32657
31013 1674 6781 115 9872
12874 1649 759 4063 22889
26414 1033 29784 120 28640
4858 27532 2116 965 3442
23084 26317 332 94 10344
12847 23691 13 6192 18558
20596 31042 648 2391 17398
31953 2899 3906 323 19775
13812 92 1167 738 1939
1778 26234 603 1720 6998
6669 17467 6924 312 3784
5819 5764 893 319 23783
9265 22451 554 452 23591
1306 3873 1912 218 15472
18828 6903 149 18251 15590
26942 28964 118 6625 552
30721 21367 12292 127 988
30346 7415 4308 61 4019
25220 1165 11127 91 4790
18403 13149 204 8029 19388
24992 26177 396 917 21361
9198 7868 369 4457 25834
8881 21085 381 104 19128

57
4379 28755 27364 32180 7207
24541 3222 653 7991 13497
14312 16009 22422 5134 23678
2965 8006 4804 14411 25761
29205 5829 29757 8490 4758
10496 1548 627 6667 5768
11904 8837 1580 9022 7777
23052 21248 17358 981 23583
20762 23879 25234 2797 2074
12803 26426 1591 1289 28198
32607 31480 20117 31732 18655
22695 7728 758 752 19658
9264 27773 8230 687 14586
8992 5719 1436 9283 27991
14696 21475 1408 3569 31606
26131 5881 1225 2818 21965
31991 2912 3481 2750 9039
20223 7261 2161 1944 16430
14110 14479 131 6789 13012
3783 27472 355 31059 27516
21875 872 11082 407 11078
2092 29914 67 13407 29939
176 3874 1464 18337 11924
12389 37 1558 4320 26143
32356 28457 22490 440 22914
4054 4287 3173 1788 21645
6960 22498 7195 1646 28846
24928 1894 17026 727 16712
14247 6016 5116 6499 27597
26907 37 3978 196 14347
16692 975 443 3949 1512
12627 25250 2063 740 19330
3370 23063 54 16530 6915
23394 14392 443 1426 6044
19373 25737 369 944 954
26328 27684 8308 412 17358
10683 10186 267 1006 29823
3428 23733 3126 1987 4001
28720 1454 16116 336 7517
19827 11363 3885 1074 14439
18513 27145 5959 1353 4926
20003 22635 18778 298 19470
2487 22788 721 9020 31157
25818 12264 1292 2152 17647
32119 28216 136 1546 16799
406 3607 1785 81 27326
11274 4737 312 686 14763
20071 5105 28 1522 21339
27245 23134 6474 313 10375
15128 12706 10337 829 2773
27973 22398 6514 171 30454
4540 27610 2911 293 18695
195 24362 108 17526 10584
19651 3107 1837 1408 11104
11074 9073 14 6377 1970
17489 981 3901 283 22898
4613 1175 3537 1922 29123

13
32674 21689 8285 23912 1105
6876 11206 2970 19158 28074
11650 22321 14318 28683 7591
2784 2777 4112 2871 27339
17577 18991 18796 184 20086
662 31891 2912 22176 1049
11124 19904 26291 387 4232
27317 29704 1209 15831 15709
27929 2910 11407 8367 6696
13393 11754 18003 4394 18787
31830 32402 839 4702 3883
11078 20510 78 8198 19129
7421 8007 7321 2496 32225

62
31475 13594 14559 21778 3939
12904 4973 23836 710 28371
9217 10026 18817 25394 18286
18666 7330 1183 1770 26166
1819 5517 5799 5300 17006
28694 24695 1177 15891 20215
27429 7571 5175 1267 31090
8281 13695 504 1727 20491
2505 812 22031 495 11169
31328 9203 30168 3837 26372
1248 21945 4547 30801 16726
2384 18949 4188 2338 19427
3626 2483 8142 971 25492
29922 600 377 1531 18805
31071 26602 55 8626 31631
4267 3850 9407 922 20425
29963 11301 183 8145 3267
20408 2258 18497 1393 26709
5071 12467 2429 5931 29359
30144 26551 380 32099 9592
12930 3546 2629 27 23043
20833 8057 5333 970 16388
19835 1617 263 1647 9739
13874 6080 12133 823 2161
7590 22159 1207 31303 14703
6433 31931 424 18723 32673
6740 19656 1874 1140 24450
13796 1717 1810 634 23544
29809 4124 32104 715 8255
0 28950 1136 4350 26672
8290 16323 15 463 6867
9124 5162 1531 3534 10290
8843 3473 11467 41 15642
4495 12532 538 3987 30617
1130 16820 3449 2034 1307
5734 723 23581 64 8386
492 12664 1592 699 28186
7332 28720 138 1839 530
21760 1502 2256 392 3105
8948 19838 67 2040 11070
1642 857 453 3782 22310
27592 50 5510 323 4240
30008 6327 12114 1071 10176
28480 26650 78 11544 3451
30654 32728 86 1641 10170
28105 10176 2696 539 1484
13 19271 728 6869 14206
6716 30503 351 1147 18379
29102 12158 164 8416 10963
22653 3950 30491 131 12595
10944 5967 2925 2018 13709
6262 30824 158 22858 32526
1099 11032 6490 712 21840
7833 9211 4569 35 14278
10261 82 8291 5 13071
445 4114 84 634 21813
10009 9750 16448 15 23213
29292 17633 284 1869 767
30328 13531 159 3832 15282
695 14972 1378 383 7279
26105 5858 1499 1665 25549
31250 1360 28868 17 12698

68
7404 16872 25453 26399 5689
2741 2734 3185 13522 23202
18398 2006 19788 1728 12046
13434 2071 4328 10985 16697
936 29064 4243 29984 20318
31129 8231 22398 7077 3867
18040 8491 923 6051 12467
3826 19145 2959 1927 18230
19220 4434 11847 1801 12753
5562 25225 841 6577 500
18055 6497 14803 108 7169
7637 2228 2386 506 11754
20643 9753 9684 3066 14452
2136 738 451 10066 18177
5303 1130 7175 896 23258
18394 15527 28464 1019 25303
24000 6629 23715 1558 28456
561 21954 579 2902 30667
6493 25467 299 28908 20585
2403 21588 3089 5975 10626
9583 14730 8243 57 27991
9271 8831 2589 5653 11048
1164 2431 226 25395 4422
191 6664 352 1774 1012
21498 1362 3447 562 6002
7204 48 30228 698 21637
31597 4266 17223 616 30285
25677 14099 3678 472 17097
31378 6008 12706 130 11257
10252 4541 29 3345 3753
18596 15095 7422 27 24221
6587 2890 680 9955 4064
7080 26668 200 14314 23886
12574 7496 231 6502 4799
27994 15155 2685 268 844
27285 1192 32111 520 7072
426 27852 3607 270 26325
19227 9975 475 3508 7373
6010 32533 33 1048 5837
7574 4812 1371 7114 8218
2604 16288 2472 1750 28205
8902 15327 6621 566 1955
19798 16584 26625 282 3887
21251 13474 6129 108 20217
8197 15174 1973 6 5541
6865 26221 63 17031 31588
24717 785 31949 364 7430
622 7362 474 2952 1037
1604 10048 257 4175 21666
19534 3817 20207 265 14121
18219 6737 4474 225 32757
14206 803 1536 312 9368
9700 3337 1921 976 6509
12211 4927 627 193 5579
192 1850 236 1700 3714
17992 1114 100 947 1263
5980 12310 86 6717 24260
9492 7191 42 1359 31670
6187 10983 136 3738 20020
170 30059 12 29098 17344
11625 4908 302 3058 5435
816 13341 325 1455 20923
19077 13693 1019 577 16989
23346 8426 3990 776 11646
7323 32021 26 12254 17285
44 18051 279 10239 28937
7361 19764 13 14620 32398
6582 13935 1112 2902 19810

95
3980 32472 23223 28993 30945
25404 14246 31335 17118 1335
16161 7807 7510 15978 25875
24723 4190 30170 6204 25666
1813 28429 8460 1868 29183
30288 31382 9161 31761 21954
3507 10642 2958 10755 4567
8049 15190 7613 1973 15348
10840 27096 10515 5029 14037
13127 1279 8188 5900 12409
1350 6759 9145 3471 24286
5574 22325 1092 371 13181
6058 26382 16621 160 10565
26081 359 27326 240 30185
1085 11126 1794 8037 14611
18584 24684 5879 1074 10519
27956 634 29753 2298 20646
27962 11023 9610 1238 31397
8327 25614 6645 251 21290
16811 26805 3113 199 19442
4443 25876 19340 166 16258
3012 611 6158 4006 20355
24932 12518 19667 1312 30125
1821 21616 9001 536 30317
1885 23953 1819 319 32000
850 24522 2831 3811 23399
24347 877 3458 2135 4624
435 31443 3448 2795 9248
28483 31555 1113 773 5548
12072 7572 3802 2265 26390
13661 19770 679 2176 27912
11634 22212 3120 1781 30711
1063 31030 4930 33 21615
22555 28812 1710 148 3568
9260 1995 1786 1143 28497
10887 6568 794 6520 14515
2708 5125 10248 1006 28062
247 26240 102 14625 2519
14855 11735 1263 1407 23035
183 8787 804 6131 23341
6877 17663 252 334 31019
6866 23491 873 1529 9967
28756 3335 14004 335 13769
7060 10358 910 6463 7860
3 21063 1474 1193 13152
17987 24567 848 91 27305
23281 96 68 626 16136
22662 3856 1474 1452 286
7970 10692 1243 2636 24265
23790 12487 690 7164 31919
2658 4927 9281 32 19136
11361 18260 1129 2699 19062
13732 13188 2062 1697 8770
22577 812 1704 1946 22663
24388 10916 702 559 2382
24891 13320 33 9994 18082
10123 13811 144 1256 14915
10049 12729 104 67 23145
21748 27919 1287 698 17789
21906 546 507 5254 32404
3144 14104 228 826 25020
23507 30686 520 92 18394
7568 31241 2940 442 430
28015 32747 417 20272 13275
24990 10579 19978 144 2670
12656 24453 4443 69 15410
375 61 1480 1087 23940
12823 18084 799 3705 23677
7384 17409 2943 2055 15256
19004 367 1212 150 14969
26370 142 3460 132 9678
8509 22372 2907 1831 15324
1408 21 9544 13 13585
4127 23344 111 4366 25355
15085 26558 1726 401 28944
10572 18141 491 174 29455
11928 571 5456 71 10285
24746 31492 3464 307 29888
12411 10743 2405 1957 30396
7861 19590 2256 1965 8470
27494 32431 491 25823 19003
23124 29964 1977 422 11954
12717 25005 2595 148 16953
9877 53 11328 208 11963
4689 23110 1400 294 17153
24235 10501 9747 10 3699
10517 26662 102 4483 515
9268 26250 3759 58 1879
24516 13561 202 12088 20921
14000 18203 913 442 13969
599 4699 7016 228 2747
30261 3195 11758 117 31021
2968 12255 52 7916 32269
4855 28350 3414 52 20059
32327 13926 29810 2 24936

44
9097 10929 12477 12163 5668
14422 4779 14173 2792 30033
29483 27027 8083 543 7234
31037 3033 4233 18459 7924
13719 25766 13543 1481 96
26308 30862 30507 10262 29953
22203 11470 5330 2944 4856
10632 30730 3319 10053 32204
3390 17127 1004 20241 26235
31590 21942 3996 3031 19471
16161 28987 1392 23483 10441
26920 22344 626 1154 1815
5239 14171 2043 8040 23975
7740 26169 1448 31513 12731
27174 27893 16022 824 29106
4692 24384 2481 5235 23775
4289 2774 617 10159 7058
681 12486 399 27526 3997
1727 26610 833 7249 22809
18015 1874 8672 947 11447
19471 29759 6069 2227 21831
9926 4649 873 1633 26236
5965 29686 1317 18440 6203
4769 61 30108 1619 16228
26953 2754 4810 8 2106
4818 1912 8121 778 26827
5289 10737 13078 94 21325
20342 32314 2614 6360 8923
24252 21164 992 3435 3270
29598 3218 578 3324 24864
2660 11172 138 11928 23074
26954 16392 2089 296 16060
21327 28781 30961 251 142
5444 5011 3692 5573 19587
15320 28552 577 16106 28647
9228 24164 1345 29999 1350
32287 26255 14753 314 30260
25450 14551 884 3170 6905
18335 27755 154 9155 9429
21329 28007 4162 138 24730
30021 9201 86 14999 17267
11440 3252 7825 1453 8946
15105 8710 7740 1661 9474
17365 24917 10766 109 28449

23
17701 26597 23741 25502 26799
6435 27712 4552 13509 129
28907 4034 25129 8348 15616
327 25199 4228 3465 19675
30013 15786 25544 1518 27112
27027 24785 3960 656 14228
16147 4151 2479 12877 9808
11784 28122 246 11482 8883
20898 13524 28718 1596 18156
2745 1964 1249 18886 15227
12351 21482 6676 2882 10020
10640 17394 20398 3196 9211
6105 189 1431 7211 32253
9472 1460 29924 2397 9222
5463 9384 2296 14258 8501
23564 5472 4429 5178 7171
13546 29603 3231 11748 597
24848 1202 15760 216 8648
27932 20612 22497 3961 6230
8346 9412 7044 7610 21287
1837 5288 691 7823 23732
8200 25387 18525 1192 25875
31251 17517 12842 2885 16113

69
29786 4353 11545 16344 23284
13891 27233 22555 7199 26152
7010 18460 3901 7901 6688
6899 1502 22837 3417 26403
2198 22502 1664 32451 15544
10083 10508 2948 754 151
17014 6346 3449 3416 25899
435 7905 532 25592 10432
13155 28685 671 4584 27904
11203 14831 17154 4470 7106
8161 6751 3604 728 2200
6162 32445 6902 3027 1554
12784 23460 23307 1087 31641
1269 17217 802 11362 10858
3543 10101 4829 7568 30117
19411 24712 30637 934 14322
32263 1847 29645 1669 12833
3407 2873 2188 781 29966
4014 28239 1438 10767 12751
25632 25961 15472 1253 26711
22949 5361 4532 7461 3224
29216 132 320 965 5303
5070 8 16725 682 10600
18676 12662 1593 1285 22932
12421 21172 5839 506 13240
53 16169 145 12859 10629
17284 19354 11130 1764 6457
21054 22168 26120 366 13450
17985 9818 3037 1821 6773
1328 414 3060 768 23777
2363 4441 940 14234 14925
15524 5078 206 8745 1409
292 25227 140 7637 26183
31725 4 16790 1421 2326
1545 30918 399 30822 955
30177 22659 13695 86 26909
19181 25791 13624 46 26523
2785 20458 4110 603 12796
8462 13460 2675 49 32476
10360 15974 269 881 22059
11902 20284 176 7547 12051
30127 1610 345 1786 22877
18969 21322 11253 298 28700
5679 2758 779 4366 22460
26557 13566 832 345 27556
8006 29580 3018 13 14270
12629 8285 178 600 21669
28409 8518 1022 2984 20261
1052 3376 925 12998 22447
1308 29425 196 13832 3065
12598 24965 948 2884 21481
5781 30803 4103 914 25773
32502 20727 28852 491 10220
6322 9037 439 757 9271
12910 22613 30 694 31172
4473 22470 306 482 29476
11672 8915 3007 341 12533
30491 1196 378 2814 23902
15160 22785 23785 27 30133
20727 11901 1372 1240 17094
11963 12276 1165 229 21664
9361 880 14014 389 13772
28518 14492 906 3653 19953
11202 20614 259 418 15924
4128 8436 3423 219 31715
19571 4939 2108 817 8808
2536 1450 1764 994 12376
7992 5171 7075 348 3716
11152 26685 437 63 14206

64
5734 13716 23181 29703 7830
32406 1132 10592 8398 10897
6845 2762 9957 4868 15810
15731 9293 13248 1359 27927
35 22518 3493 8404 18311
31708 18946 12496 4243 23796
31808 31425 27905 1063 3960
23732 2529 1695 6403 18353
867 3210 590 9098 21934
29015 25825 23917 1406 30364
30550 14343 105 9168 12325
28826 379 17176 562 22280
18025 12560 11238 372 2890
30053 2502 326 12622 76
18271 6181 2320 461 5517
32534 14354 16519 4185 6911
31194 10084 13407 3413 175
3224 356 10364 113 14282
2473 5144 1282 5583 15418
4225 4360 2090 4944 20525
3476 13724 406 484 760
8171 10985 7051 2562 24055
29440 29191 558 27382 25110
2141 15220 3159 4132 17034
32512 32512 28381 30367 9342
30571 23556 6107 741 5063
122 14146 1122 7692 3481
879 31681 2745 7096 32246
5969 721 2686 1629 17850
31248 29428 178 8362 3545
31632 14166 14772 181 13269
9429 1987 21422 318 13900
30759 4560 23 6256 9992
20260 4780 607 19 28028
27936 132 27914 149 4882
4149 23631 868 5615 2331
99 31171 771 10517 19358
29130 7242 641 5028 30230
16184 10682 11487 226 15416
4479 30943 1142 9788 5686
31356 15474 707 613 26162
30176 27319 156 12512 7343
31616 24687 1458 231 22713
27453 4981 1999 814 27004
1679 20584 3424 480 29011
10851 7777 8866 477 14884
31927 30403 19748 544 27072
4086 1530 612 122 16426
26271 2451 449 332 26844
14257 7722 4324 54 28146
12173 9621 2966 884 22442
6430 2379 33 1018 17427
20573 108 2678 738 26227
11923 8614 1292 748 14144
18052 3787 1039 621 21380
22983 2675 428 1339 28685
7651 2528 6940 194 30958
17568 3167 2575 234 16515
1663 5099 588 2157 682
30842 5222 295 16453 24055
20681 5423 2703 1576 21985
18886 969 5149 826 1033
20712 2608 1888 2149 136
30683 28695 395 25064 14610

39
10824 31196 31985 12783 23857
11754 28847 17476 1483 7314
1687 6143 26767 16244 7223
7345 23017 2156 22609 27779
837 26324 5617 12336 3038
20775 24944 5688 2154 31715
25891 427 7431 2380 5603
2804 3954 2648 120 10705
29466 8679 24710 2698 17931
32165 17376 26348 7934 19413
14515 30617 22204 446 5025
18378 4727 11770 963 30881
3893 1003 11802 779 1130
6576 26339 342 2764 1836
30832 27620 18448 2273 7074
31215 11628 1372 3971 16284
435 1562 2319 546 14786
32135 5657 31380 1345 13521
28653 15000 2312 6418 8918
16520 4212 664 1127 15479
19253 2977 25335 789 8336
2986 22456 1167 503 6440
11708 25247 8179 3377 27191
17348 23571 3854 788 15886
5290 2018 948 576 6467
20737 4217 17203 401 1287
969 5291 303 18267 22051
8379 5193 2140 926 94
5514 23681 693 1726 7911
3269 2682 14041 1271 5603
21115 27405 8437 80 7992
1080 24155 1724 1066 5979
28360 22468 2917 3829 10847
30291 6942 357 715 2903
194 16298 279 4371 14403
28628 8702 128 172 31999
10315 26366 222 450 25147
341 5291 7 5135 17169
932 3088 1600 1545 404

55
26827 15508 10158 4143 430
13118 30319 23711 16249 10392
614 5872 3880 29164 24713
31712 2111 12001 4397 31589
7255 7823 12397 15410 29689
28640 20265 17890 2924 18268
22154 7529 29617 6747 27464
24328 20394 947 6206 16730
24696 44 3093 2112 20798
20231 3316 642 23619 1652
5932 5231 398 32495 7747
8990 24286 1048 19432 19247
32169 1026 7033 515 582
29913 25853 28405 1555 5398
10044 27799 349 17083 13573
7039 31532 894 8941 20511
24605 28179 17439 541 2029
23998 24180 162 1879 23791
23831 16836 2806 675 14080
528 2531 999 145 11491
10485 27022 10421 1047 5214
10722 5667 4609 951 18710
24169 6765 24760 325 24068
3690 458 10150 3082 6946
21804 22331 1300 2476 4847
6418 31055 601 8425 13153
23296 23482 208 6514 32461
26922 25434 6000 365 9770
21788 14398 25336 795 11180
8483 23499 233 12536 9860
16521 1890 7606 1297 20269
6457 12166 131 13709 13149
4776 5314 403 12279 7094
19938 16553 239 5437 15398
4993 30457 788 28587 6620
8482 5401 6765 57 24875
21334 4025 6922 88 8349
30491 23527 30148 283 32573
12212 29582 850 20610 2088
4541 32515 438 4792 27214
30079 27799 29509 133 1368
9701 6852 4196 252 4158
25018 2454 4091 1293 18055
10931 32533 769 25400 28949
27673 4879 1565 1557 2040
29943 24799 31653 8 25648
31089 24323 25947 474 24503
23184 18189 310 4049 14576
31243 1719 394 1020 25491
458 4027 2140 520 18825
22663 15676 388 3363 4561
27207 19962 10668 105 1065
41 31938 361 11470 17541
10502 29731 180 3255 8505
25135 29497 30077 760 16477

16
10428 819 4872 22735 28370
24881 28044 23559 23587 9881
7816 18872 1125 20 10385
16765 24653 2023 20202 8859
7983 31555 8478 12855 9246
17375 13516 11304 7895 22255
4743 12327 111 6670 23552
28633 405 7862 6977 2311
21371 24360 227 1817 17712
23890 24976 23621 1546 27262
30567 17499 20604 1167 2721
2566 1856 6768 9719 17165
32139 10591 14169 6523 19862
15381 9679 7596 2085 16122
24637 5654 1230 76 3472
880 28864 4307 3520 32762

1
7895 4822 32146 16097 13661

4
3788 16711 19506 18063 16266
6619 2260 22402 10845 9
32196 22488 1889 23663 7035
32044 13410 26317 3858 16547

77
31773 29131 18620 16425 14488
30938 10837 12876 11172 6297
11918 15776 9434 29132 832
22977 31563 1851 11508 19869
478 15784 11195 27039 4679
17207 9782 10854 2624 2466
26585 30519 2112 5482 29709
27490 7371 7446 974 26953
24304 27436 29651 764 1680
14197 763 11759 7980 25877
8192 2057 2882 2060 5373
27234 16333 2854 3838 14275
27004 22131 26070 4999 6874
30760 2451 1392 1707 21751
5049 10299 5719 2702 28150
21996 12979 2666 8150 5577
3007 96 880 25 16003
12574 10576 645 1527 4381
31104 21 25829 1913 15522
28633 5345 19250 499 12998
325 4823 8878 3886 30868
21488 28794 333 25456 26466
24848 14729 1971 4839 23265
4915 29 6057 2012 23983
15624 13142 1969 1852 27505
31203 6026 2211 541 28302
11766 24319 136 941 29168
32151 8615 750 100 18192
24897 30242 1665 13389 27230
29680 31616 2073 23709 918
28271 10186 25824 602 15142
24044 28793 31897 86 25206
11442 2470 2319 6516 2073
32357 3290 3372 18 9977
15882 12836 5956 14 10207
30484 18851 195 3116 24586
27341 6585 21210 636 7284
28726 1629 996 462 16704
22415 21155 498 24982 19555
6197 9412 3317 887 18595
3644 14085 6105 451 1290
1318 9025 399 5498 810
30770 4921 8682 185 1302
10290 9439 154 21 29136
29329 30644 185 10895 29641
17391 413 9541 294 16937
8645 14801 1718 279 20018
25078 28949 2806 393 17243
27946 4442 340 631 6087
7159 13010 4241 529 30791
21183 9459 12893 314 26051
32390 2646 14283 242 9307
28653 12351 1642 2030 23299
9804 9177 16951 126 7733
3105 3130 500 805 19242
3903 2312 402 2226 31177
32342 3883 23436 438 5508
28513 14486 1210 1203 1157
32605 3011 32576 167 14089
1125 979 1942 1052 3402
10 21433 34 20342 17153
24866 21788 1130 1537 32555
6793 15082 2750 647 14029
2468 9003 992 2457 12758
16647 9773 30 722 788
29296 29582 2 9329 11829
11902 14520 1911 100 7631
29920 378 989 2065 3464
14675 9396 1559 1232 14254
32236 8915 17803 77 8628
30489 10006 12482 133 24020
26134 20656 834 541 14538
10938 9312 14977 21 9185
2737 15190 1918 48 22601
30636 11562 68 363 20229
22086 28695 189 13296 11416
4437 3776 74 379 748

59
12615 24926 3311 31341 13907
14046 14507 27236 9550 25603
7804 9484 29170 1391 18590
5310 31318 3204 7816 6784
18104 3328 20355 1619 27526
2849 4617 3549 5675 16787
32690 28375 31848 7718 1869
26354 25626 19832 720 4765
22827 25560 2634 23160 6797
19519 1127 22747 1318 25087
28538 7067 32459 1523 26630
31179 27931 20336 274 31223
1654 7883 95 29975 16137
2942 32699 2306 9764 8973
3423 15730 1333 4967 12307
2068 6335 588 7015 5503
759 27227 178 22614 16607
30259 11565 4597 2470 9957
12009 2650 28088 185 30167
4186 12988 16851 648 17514
5719 21430 885 6097 7779
25668 27167 573 19909 15542
18296 31981 1474 31699 866
7461 13687 5851 8725 9959
17338 6852 10343 875 29193
9713 5775 3538 2151 1149
32341 24206 15190 1110 17467
25687 12155 3978 858 8863
1826 25053 311 2166 9991
29109 28709 1032 28661 30174
15963 2957 6201 217 6336
8876 31540 3364 18793 12367
115 12566 601 6073 25616
20288 31112 1878 30506 24166
2281 19619 644 18921 13329
24156 5063 20796 368 29198
3746 1636 6667 1088 21587
18646 6686 17933 29 192
7034 28903 4303 188 29046
17469 29894 195 23603 798
8904 11331 16793 437 16570
8880 25058 2666 3373 17344
4171 30502 742 866 10410
17072 12659 8356 210 30324
28708 31629 258 16768 30115
853 11224 199 9606 24534
29514 549 21896 436 22435
30144 32507 2164 2682 16199
29798 276 10971 195 32066
13263 177 2368 2463 17228
26279 8917 28358 308 16407
3046 11094 289 18655 9718
20751 5550 360 934 5657
3914 512 2296 690 9680
26810 29573 112 26552 1524
16671 27778 82 21350 32079
4046 11551 3308 1271 23156
30317 10961 10095 484 26766
26380 28693 42 29769 30979

51
23093 10245 27516 8912 7767
4907 23205 15818 9551 17106
6067 17824 11326 102 8278
12159 1108 7815 7239 15025
20883 19461 10061 9619 27285
12710 10961 943 1193 5355
20420 3507 1603 4713 9641
22896 29210 16602 9996 26386
22861 5956 12683 2336 26189
31887 19778 17150 571 7012
8640 3279 2994 5129 23662
5593 8917 4341 4941 16969
17711 14184 1842 419 32082
22608 8819 12313 744 5989
30277 380 14178 4738 16476
1664 25316 210 16748 21855
9431 16037 2812 1374 12792
2988 6614 19 28896 29408
11372 20942 2260 1712 6916
292 15985 876 21193 2807
3225 11473 176 4588 30814
7584 1586 667 1971 29542
32038 20517 32254 4452 3091
21765 30726 519 29669 29660
10660 32765 388 13481 25537
14191 20430 875 1050 14954
2570 16002 412 12540 10818
10582 11611 1376 4426 12561
3939 8498 868 10273 24927
22851 207 2711 1831 12845
12148 9338 9451 1 10415
21481 32625 221 21507 27138
4129 28649 341 6451 4581
15779 10165 749 7082 11826
1079 3630 1492 304 16230
1930 30550 870 26122 7703
20361 542 1788 2751 20436
5010 16669 875 6430 18907
32403 25503 29125 2851 16524
3095 19168 855 7215 26844
11355 17515 9124 177 26253
20280 9612 31545 165 27574
22158 10767 451 1520 4541
9024 19996 3170 564 1859
16492 18616 1083 2410 29673
1271 51 600 1482 28036
1078 2535 1162 107 23704
6033 22706 11332 217 6316
19552 14994 1086 1191 23697
20698 8397 1093 853 24426
31399 22652 292 5993 24525

92
6340 31872 14568 10248 7181
9446 18323 2912 3882 24106
19013 530 4095 2348 11258
29443 16444 8073 25322 4701
30193 5626 2212 5830 24235
408 3281 3750 23897 30879
18961 13952 18715 1283 17362
6136 3156 17878 7617 28696
32429 513 7297 4988 32584
6386 27126 16592 4231 20162
6227 780 54 361 16809
12372 17467 9534 3073 23177
866 32674 2765 13238 15151
23088 24769 4225 23130 18226
18926 21086 2714 2801 30132
30750 13341 5292 526 26286
22064 11538 14925 425 12385
10669 13082 9896 367 25076
12256 16744 3223 615 22220
4910 6089 418 3976 11311
6792 13930 1606 9313 30834
1390 1686 2612 1543 27320
5723 28262 602 4271 27596
8851 14034 3348 764 25130
20749 15692 833 1465 25590
10205 23929 2154 2684 2312
31074 11977 28433 557 11438
25671 4235 3496 6468 5005
4518 32693 561 32245 1396
5166 11688 617 7951 15631
28043 16082 437 10518 26180
3997 28219 236 22572 5030
5129 28350 98 6116 5891
29250 2032 1700 1853 7043
15921 14669 1919 2187 1010
5912 24565 2477 201 31513
23822 1439 1692 647 1357
15096 13634 357 935 16851
23340 17481 104 4436 19361
28499 26009 250 10416 9906
14652 25335 8401 1421 20016
1920 1518 7157 28 4705
25568 15575 2400 7849 10898
24532 2128 551 5932 31533
27451 25 29691 146 25354
4813 19729 1831 2419 28504
16059 21200 277 742 13059
24020 17503 170 1267 29137
13024 20544 2101 2055 18864
163 21790 196 5122 9065
32415 7719 24324 1601 14977
17251 13631 10371 159 32070
6010 16502 631 2504 16196
11247 12154 16392 510 20904
29434 13341 160 321 19217
28009 15739 8169 286 688
6332 26789 7298 147 22038
9114 832 7404 2306 12444
12515 10982 1510 763 26089
25323 2282 1878 1221 1169
4195 9251 401 3624 27884
32673 9756 8325 1706 14159
7926 11173 34 1728 19351
2758 30141 434 2353 31439
4610 2793 77 5829 27295
24187 8364 1402 3038 30076
27590 3424 848 374 22166
18885 15726 907 1052 10014
11505 323 3805 274 26969
1022 498 1932 522 5021
27842 1782 1266 1377 13410
22427 15435 195 1587 15882
28365 12754 6944 337 31966
12540 22781 4077 2482 32342
18438 11268 4794 183 469
30386 339 5392 44 18507
12326 14708 43 402 17508
14254 10977 1842 111 6748
9041 18883 205 7675 31553
27647 11294 753 211 26696
22108 11992 8010 47 9986
29324 7672 748 3609 12139
24469 23982 3125 603 26151
25122 4123 451 2561 10710
9082 946 1 1177 22775
6754 10809 13934 19 13321
28965 23191 31 10337 27070
27395 25036 39 19235 11636
2373 27604 162 1790 30473
9296 22494 178 1840 20085
22435 32446 629 13293 12957
18735 20857 2455 60 18821

82
23582 24518 2247 1606 9973
26868 17463 30780 10417 6134
3233 13148 15512 1350 10247
2966 30441 18076 26478 18025
19071 2934 20984 13233 14969
23753 28827 7401 30879 15309
9950 5337 2356 1837 31315
21551 19494 254 29807 27547
6479 20763 4323 5427 4532
4466 10451 10762 1730 27692
32286 28577 32533 23406 16944
837 28163 17636 1952 834
9034 20667 3004 41 9282
18868 17848 5539 810 26418
5471 18171 6587 307 10325
2386 19066 3397 6217 2688
26977 658 10966 563 18574
14972 1513 29784 1172 6197
2603 4350 3761 1215 9234
9080 8571 9826 1866 4197
1576 9879 2890 2205 22026
862 12646 452 1463 19817
22056 22157 835 20963 3181
8098 17631 5821 20 31788
31464 31326 618 29231 31124
1106 14867 5845 1075 30746
12000 21990 6085 3968 2488
386 18239 701 8534 11454
24210 27883 28609 588 19319
996 2570 634 6134 15563
9768 277 5501 362 14375
17439 3718 1167 1511 28152
3225 2279 6343 700 16465
13594 19183 4401 2710 20379
10731 19215 295 1413 27367
827 16520 5446 330 3575
8080 7848 4246 287 24761
1803 1802 8443 331 8732
8389 19205 95 1207 2153
20603 26352 23 3392 20824
13006 15226 3512 2348 23417
13408 6525 3113 652 22234
21057 23519 273 16200 24433
10733 7690 5882 133 2629
2180 27014 11785 213 25251
2051 18367 1703 261 6231
23723 18875 686 353 19158
24446 16302 486 2969 21338
9999 2471 1723 1685 12468
1761 31630 536 20924 17980
19224 265 778 893 22773
3220 7526 3282 1427 47
9681 26218 754 402 31605
15152 26406 3718 1165 21554
1939 686 444 479 24127
27015 16897 9509 176 16153
22975 26368 549 16107 6442
11927 2246 250 1739 25087
366 5646 611 5813 1533
29328 16364 11439 280 10292
18030 20493 1989 335 5965
25910 17353 485 582 14458
23089 22653 188 1863 31677
22517 19536 3916 2396 10389
33 27203 243 9552 2014
15892 7871 730 619 1406
8607 4369 77 2834 28105
23624 95 11812 356 12774
5241 18839 3486 20 29447
6805 6486 1078 1694 3332
15137 18495 2127 85 25683
27002 17364 31831 13 8539
15244 27827 1097 283 12762
969 31941 87 21569 32271
20339 17084 1604 760 6310
1709 3154 2822 563 7237
13225 4208 1560 218 15953
26309 17138 7282 7 5753
11395 1856 1366 156 3299
2644 31117 151 14407 2556
856 30343 295 372 31220
1739 27423 8191 697 8623

22
21273 30760 13412 24291 23932
21598 4322 19528 2549 31047
2680 28895 2408 20349 13663
10372 9461 17590 4141 12229
585 28514 646 21121 15441
5927 21542 5714 3141 15679
3934 13952 23690 1807 9413
22526 18561 28018 8161 22202
12282 1931 21981 1668 4525
15627 28485 4025 27749 12790
9563 30032 5105 25280 13232
4397 18997 7361 34 2341
30068 7386 30409 2824 28890
29384 26905 30348 2733 12237
4244 26814 7933 955 13319
20512 1340 13754 507 23670
132 2453 5347 6568 2238
2782 9226 1113 19618 12823
20245 27424 8839 3054 19028
8593 32016 608 22006 28627
16114 21675 276 2826 30662
15323 15918 9137 1574 23677

99
8371 9089 6273 6200 14370
2880 19001 1508 28048 6454
5688 26500 535 4266 27900
18436 15606 25183 27285 6417
26361 9498 5973 3642 1660
30167 4749 25222 3321 22649
6664 19308 7977 23206 30911
13910 2641 9000 6207 16469
31057 15148 9896 313 18918
16324 21684 974 7022 22969
2442 3656 6175 2581 16052
16716 11360 3981 2361 16715
32614 8431 14167 2883 29063
26190 4857 2503 989 15184
275 6897 2997 2178 17983
26298 712 64 868 30210
4687 17055 1337 575 15965
15646 16714 207 18963 21250
19660 149 14443 324 22488
1407 27821 311 4299 14372
11549 15422 3741 1576 18881
16736 19079 1023 258 21798
26810 1865 24020 2426 26343
15806 15370 2159 599 6283
16988 30856 1448 15697 28527
14669 24 4053 2615 23667
6459 20286 189 23256 1333
23165 1058 167 9642 4636
1355 11081 6943 4764 20952
32373 14064 18269 621 32359
5293 20263 103 23378 3200
25100 2170 285 8224 574
5915 422 7392 1550 30624
27855 4306 10176 131 27206
11581 2259 1293 1306 436
11103 17446 2615 1860 24846
4448 7331 2147 124 31323
1409 3105 2052 515 13374
5644 2196 1219 145 14601
8895 152 4895 3 4573
14714 22838 618 6150 25657
1266 18375 5822 546 6924
15406 13443 134 16103 6195
187 17343 747 21298 1451
5481 31117 668 31466 31679
28095 13825 26413 127 3572
21576 11954 2305 1250 23171
1413 842 3295 1184 18512
20793 14805 30795 314 20964
29627 5863 120 764 21630
9488 4568 2202 3703 6694
9923 8864 6626 2 1179
22281 13961 25245 84 31816
28652 13239 2788 546 14535
11997 7650 291 991 32225
21068 10722 2129 677 17203
2000 27387 320 32659 32744
561 3711 979 336 11230
4550 7652 2335 3422 4289
32766 11558 28105 1916 19393
14669 18966 30 18889 31410
18107 15831 156 9582 32582
15017 9014 1510 2751 12200
16044 17380 767 1556 30101
4820 193 6060 137 3588
25873 683 222 11699 27543
9958 2944 591 188 10964
26766 757 13149 313 8348
17703 26818 383 335 26038
15868 19694 1717 830 14074
6184 32537 47 28896 16868
440 1402 880 1291 2102
4555 22829 694 1468 16824
15763 14398 16151 371 17241
5757 22916 304 2968 11530
14787 30571 68 13302 13084
961 32759 440 29302 29350
5073 29228 146 32619 20847
3113 9129 691 739 16532
18312 9947 1785 783 13682
2643 16691 1179 1462 22047
29513 1211 28996 634 24086
16084 30067 658 2998 21619
17911 18018 170 4839 32227
11799 4175 2078 2173 18029
6269 27335 40 19643 27790
233 16170 6447 439 1418
8918 15687 1524 3490 5227
2794 32587 42 20798 23006
30689 8520 1744 433 23695
22015 9600 803 948 31679
11889 17088 3343 158 13808
1846 26937 43 2327 14073
15907 20833 52 391 15827
14894 29255 223 11804 25159
28656 1120 13705 11 19007
17583 28220 148 578 25092
28966 6538 70 841 4048
16857 28722 71 23706 18454

10
10321 769 27798 17239 17222
18302 21984 26732 24995 26014
7194 26800 4969 30271 10091
4931 12599 1568 30278 10147
195 6637 9520 1810 32408
3238 22234 1339 14541 28900
1081 15287 1388 14122 5898
12803 20269 1490 20966 3661
8416 20051 2789 2528 9354
1535 8520 1214 5917 21420

12
13451 11903 28012 7031 15700
6177 1321 32211 8964 23191
32617 20248 7816 3058 10993
12432 24584 10410 14416 16554
26091 20141 4230 1423 10730
24831 25873 18618 13326 15706
2103 12274 10030 6494 4501
3413 20152 1818 28933 8192
6918 26497 2332 4121 29928
11384 24461 495 20570 19221
7061 30716 1984 4150 7038
1175 4131 97 13108 7048

98
27631 28095 8832 14937 25196
9614 19338 26396 6340 12262
13597 6990 22204 7777 19925
108 30477 15642 26262 19181
23935 26896 1123 3526 24376
1334 11350 4477 3875 6356
24898 16693 19866 2401 16920
804 18734 7132 7905 10329
26068 118 27681 3933 26661
17477 27003 5048 24975 980
5846 7019 3651 6437 24242
7454 1776 2511 161 7308
5663 5882 13672 1042 13157
26600 26080 30457 863 15633
26072 27121 1544 17869 25292
5970 28506 6778 997 14829
13823 15409 28037 381 12967
32578 4715 11057 1102 29
10716 11351 43 3414 15511
7386 17913 5237 481 19376
22333 15939 9990 684 8088
11377 4081 20151 899 19194
21084 583 3099 3089 13644
11201 8647 1141 4314 1619
14703 25899 24910 82 29866
1707 3095 8521 64 6889
3620 28889 8 322 13101
1670 27369 3062 990 31210
15620 1043 5414 2716 24027
23205 32356 1811 685 15002
5459 2422 4696 519 9576
26370 6051 3905 402 32270
1944 10644 3304 644 4248
8863 21441 669 4787 8740
16459 26641 483 5038 18553
6483 226 879 973 3990
23863 5729 6945 284 9131
6039 16300 15888 944 16988
10933 5083 11224 637 6125
19812 18672 320 40 20950
22878 27724 192 18073 27292
13233 418 1698 2774 26000
228 431 439 20821 11914
726 4095 4827 45 14260
5685 5330 2624 88 23641
12192 26349 1796 1590 5612
2720 1297 5376 415 22506
7592 27285 99 1131 13936
1945 4284 208 3592 3640
3283 4166 104 4356 2773
9168 18497 7286 111 806
24722 985 419 88 20271
17026 26470 306 28690 11674
2716 17392 13562 190 7932
10507 6950 1472 357 8588
782 8422 74 6407 17666
22899 14924 25957 161 2308
29907 26998 19692 89 9937
3591 4240 3030 465 22317
23030 18953 745 52 1794
21115 15798 1388 73 3878
2980 31 1129 265 8868
2106 524 355 1131 25048
29820 19122 5347 131 3324
18824 3818 4134 251 22224
19304 15092 5288 184 14964
25274 32416 152 7269 15310
7965 29679 981 385 14100
16826 17903 2359 1174 25606
3803 8545 314 1245 5148
15897 30818 486 22065 30971
12730 12289 409 2363 6149
17396 29879 76 27042 6220
9826 7878 142 5646 4602
696 7111 7 11949 4990
17544 42 2895 429 8542
16536 32055 360 21722 20450
16988 30359 21 9212 7766
9741 26059 15635 229 28892
24448 31486 744 235 5835
9533 1481 791 200 28567
5488 28848 12 147 32087
6798 14845 3517 4 5509
31102 27576 21620 369 5274
3088 16368 873 930 11065
8046 27514 1808 82 3820
2484 17766 3984 642 6608
10906 8695 41 4518 11811
10339 27790 1334 503 5369
21163 17551 1305 1351 29191
22036 6832 5507 2 20688
9272 3506 842 1310 11707
25654 1953 29 1444 8845
12405 15809 1959 457 17496
7654 3758 1341 907 27810
1183 15869 849 511 28962
22572 30447 257 1390 20270
824 29534 4586 828 14994

48
9350 31008 4863 23246 28112
24812 20070 12 10316 13729
596 26967 2921 9365 3287
25331 30057 31574 32402 3841
17343 5657 9530 7542 23383
10156 947 29622 470 15788
19833 13864 4709 7875 10900
14917 19149 2687 16119 12436
4045 28092 247 24608 22597
5036 29371 252 12442 15500
31191 19572 28863 1453 32482
10251 1817 8221 3191 21348
1051 9521 7477 1157 31983
18544 27212 5265 21349 22126
31196 8460 4002 797 26605
1075 14555 11563 8016 2512
31451 25486 11887 3920 30416
11202 5199 2666 1729 27638
1768 312 3760 1725 15404
6942 29844 1985 30906 19140
31493 6791 24512 714 26561
28157 10552 4416 6256 24506
13111 25316 261 2136 20906
29094 2463 22472 4095 4210
28874 22845 6003 1166 23221
6524 23212 478 5432 9422
2031 11758 5195 344 7726
26695 22607 523 1036 31322
18670 1773 1515 1259 24368
31968 18066 14699 1156 15864
24825 20144 2476 2180 2055
10455 10621 1222 3181 21862
18498 15658 551 132 13340
28922 18011 2124 1454 26521
11174 7061 6136 2922 20403
22120 22933 490 1352 4168
1242 5941 8561 966 19161
7629 2771 700 1220 3413
25635 1525 1326 1828 14672
2579 12881 1862 1615 6825
4206 2353 3225 316 3823
6159 32133 80 23768 23862
25105 29471 6 10769 18138
370 14795 705 3595 17689
32700 10758 4631 7170 4892
22755 5380 421 41 279
6538 28653 4714 245 7808
24712 18298 3028 931 31827

97
4767 25517 28722 14981 32533
1894 2874 3209 16041 12504
31325 10195 17376 10327 8010
8925 7823 6440 7557 15464
20536 9543 7480 15098 20515
989 31052 604 7621 4014
27270 974 18032 2441 15343
30205 24456 4517 643 24567
13692 4387 21301 1692 21889
8180 16698 7703 6051 17412
6491 975 7139 6088 14440
32056 6904 24321 574 13550
25081 8957 2713 249 20142
12069 22902 3319 2371 1379
28183 238 8640 243 30031
30092 73 27091 99 12766
3754 30680 443 9985 29905
14195 784 1278 3470 21185
16170 6641 5 61 26412
5314 35 104 11922 29849
25368 667 10333 298 21427
16374 16556 2170 2284 7927
29175 15240 492 2218 23840
17872 8081 30606 266 11435
6048 8550 1220 14288 10666
17383 23185 1313 375 341
43 15493 1560 2285 3950
30207 7865 1560 4 17432
28684 20645 7839 12 27045
879 20971 4364 3167 1780
236 25950 508 19123 24455
29581 21022 9458 208 20565
3538 24258 154 27983 16359
1992 30763 1368 14209 30182
16194 10159 1519 5511 21733
21235 3117 794 495 14414
29968 639 2109 18 982
1216 1530 3644 1173 7002
18952 9802 1204 9051 8035
5731 25328 751 47 26148
791 10161 416 5259 20947
17730 10359 32 4795 30168
30088 21734 31272 319 1169
24949 3916 5487 258 32133
4368 31143 173 16109 2340
16593 6238 10710 1474 30448
28948 24101 16676 254 4253
21854 1582 1767 106 16714
11607 128 7704 450 23647
28110 9656 556 936 4184
607 19136 1871 575 27268
16553 20853 1551 1718 28430
30822 3553 7129 554 27711
30937 9806 115 6441 11657
31751 8572 7404 1311 9004
30490 22725 16112 860 18429
28756 16953 189 2761 13646
27609 6184 28947 119 10446
28625 11746 1829 1064 26926
160 6579 116 7034 27900
20600 158 4202 1345 27452
9037 16179 1868 273 27970
29698 15991 303 2287 8038
28481 6719 30202 21 12173
11589 7265 2724 515 13985
31489 3421 12865 26 12211
385 12643 204 277 20898
29321 25196 32301 224 28242
1225 25259 1219 4659 23018
7429 15464 5177 460 21810
16255 8842 5897 25 21236
28423 22295 29146 108 28954
10230 23246 682 926 10779
29852 7871 28076 148 20933
171 855 1649 55 23636
1741 13589 152 4138 27533
27464 8520 7820 36 27040
21762 8522 1259 14 24134
3779 24757 6493 95 792
17104 761 2029 696 10129
28735 24559 1352 496 10257
1232 459 3268 268 21454
3870 27102 809 1878 25749
17445 19524 2929 1082 31
7575 20462 531 1683 1270
803 30240 2591 305 21759
1651 32730 330 28799 21255
29566 6462 13135 155 19948
28958 19788 419 612 32128
5260 20516 82 1237 15959
23887 2676 1500 11 11643
15765 24999 11651 355 89
28086 12067 418 3269 20136
8195 10791 70 4472 4002
28974 15575 63 2448 24303
15884 2037 3648 1021 10968
30435 7539 23670 261 16769

1
32582 7060 22808 28536 27906

88
10937 13928 2802 17725 21141
2581 18535 5292 14622 4922
17661 27680 2921 20900 11292
24367 1553 32607 15939 25368
27207 25890 12043 7888 12337
17939 11241 1671 9722 32429
22291 29773 4542 4988 5055
1905 28 18250 6370 16034
15323 23851 23666 678 31456
26007 17683 31973 583 7308
13706 7404 6775 1455 23472
20628 9024 2020 10224 29205
16119 21042 13182 1938 2206
6139 15472 1543 2255 5247
8149 11622 2646 9232 16625
11047 32504 2567 23234 17033
638 27600 1884 484 28597
29950 23053 4016 772 25664
20717 28433 1038 522 28584
2600 8865 6696 436 28123
14427 25774 865 14326 13594
8871 26993 913 16299 10783
24970 18306 15008 611 22323
30653 24926 30909 459 21844
23071 25367 2856 3391 3719
31431 19153 7396 2887 20664
37 18028 240 27791 20128
16774 29497 484 1288 24287
1516 9513 16967 1694 504
10588 32304 321 28498 2944
22944 2339 37 14957 24026
305 28834 1716 26814 8595
1307 15888 393 772 5652
14814 24916 190 337 17044
1750 13642 2131 1022 17113
983 14163 106 9522 30366
9974 31997 272 4624 14426
15926 27701 372 8174 13841
16087 24641 13574 409 6506
8179 27398 538 11049 8071
14150 22009 135 15321 11297
25571 190 14792 333 11908
9347 6746 11013 480 1130
14366 11709 29 26420 28536
22805 1909 1549 333 11743
16500 31214 596 26898 6581
21520 31143 271 10881 13978
23528 11863 71 3887 29440
15426 12040 2386 402 26277
10252 22603 268 5052 18568
5426 11530 854 3044 24851
21037 6892 894 1353 409
17129 25823 4921 1833 15183
22705 866 1350 224 13483
31428 24770 32743 11 13336
23385 16814 639 12 13589
31171 22744 19544 207 13052
15580 26330 819 1371 18102
9968 32316 2 15012 1552
3085 18282 2500 214 20208
11645 12175 621 67 24155
1014 24577 459 2848 12726
15446 25550 77 32714 6487
20748 30721 20 12596 16696
388 8639 877 3956 12193
26180 928 21686 229 3377
13770 23911 19 8053 28500
14996 18472 195 5529 13080
56 5211 1523 1364 12321
873 7163 2304 1462 19574
22722 5752 196 9294 27734
20837 31118 651 26583 26905
15538 18506 408 4452 32524
7958 11405 8519 167 11019
21589 2664 1029 1055 15282
26895 27869 59 5178 11941
14718 17039 46 3915 21172
24043 3278 144 8120 8167
26162 20372 3455 253 3187
18998 8907 1038 688 13627
2682 17573 383 147 15201
24163 19945 3461 156 15429
6072 6751 2440 2082 21440
23146 12266 289 1351 2720
9381 7342 1686 1861 27823
1958 19459 316 2131 13753
19823 10019 394 3327 26391
619 572 782 3385 24707

92
30604 12450 224 24981 16216
2520 5291 13354 22775 22303
10762 29413 6080 17245 26796
32688 14575 28093 4578 28985
18399 31346 10246 32656 1939
25337 7563 3731 5426 101
23531 14595 792 5488 3730
558 4312 1053 16308 13097
31058 720 28405 10265 32166
31778 21443 18664 26892 28371
29880 11825 214 28715 32526
17331 18959 393 25886 8003
31063 27647 522 25552 18680
18076 2134 4440 14008 17557
18078 19039 244 21276 2204
7652 29801 1356 18555 17368
330 28297 2424 17879 2465
27065 20333 549 3056 24680
31455 11953 21801 1447 2929
28179 13533 525 9352 4833
21760 22752 5203 6324 918
4276 1367 5691 2840 6673
3116 303 14496 15 3312
16682 7273 107 17430 30513
21909 1455 161 119 14245
17178 943 1306 331 28046
27790 716 2647 2776 8735
12952 1412 3417 828 3037
5604 31691 478 30717 11658
10096 29545 343 17773 9528
17966 24859 39 16441 8786
23777 619 1110 12843 11359
20881 25497 203 966 11728
6721 31131 606 14550 5018
19474 91 16989 369 4056
20691 24338 162 4987 7936
28770 13818 404 19541 7000
4254 4660 3409 585 32425
18362 16748 4776 1900 17764
19737 19939 1792 3754 28250
29646 4851 113 11231 4047
25062 15524 1214 802 9421
3319 32743 1091 9368 11401
30173 22579 255 24988 3958
981 402 329 2251 18945
22229 20936 2636 281 9809
26385 29301 1343 1522 4310
3069 356 10762 699 31022
18906 27368 285 3023 6005
27162 26690 1487 584 30190
14913 3436 454 1818 3113
31043 17902 1395 2821 20448
19255 18667 3751 732 4146
6282 30168 126 23946 24930
31157 13698 3037 179 15090
18837 31069 4264 209 20584
21545 20497 4203 89 30222
9987 1398 1162 3253 9710
4681 31272 180 20486 8414
16856 11634 226 8590 5506
1973 26060 495 2114 11078
32172 14708 384 2148 8975
32656 20429 29296 423 6929
16046 8370 368 2633 28720
1627 13961 240 12753 19487
22828 8077 367 7654 7836
26299 3852 3410 643 4565
13407 3641 876 384 31850
23128 664 351 3241 18782
17801 1493 196 11373 9280
3326 121 1653 169 9535
3122 28473 11869 187 16625
29833 8960 1154 572 10109
138 4284 180 19861 21828
26370 13648 738 4010 27653
29305 9496 153 25776 8841
19438 25017 501 1048 32285
19246 22867 309 458 2510
15979 22254 308 6949 26235
15877 833 80 271 15489
19854 27085 157 2615 4408
4870 31364 299 11837 15014
4214 4230 4880 50 9147
30863 15397 557 940 12956
2856 29532 3990 536 17397
2029 13931 26 4612 1046
30596 11039 3541 657 19832
18485 19280 310 3149 25951
676 2650 38 1577 21341
30466 28150 3 14 19590
3789 30890 756 546 2407
5177 32129 125 829 16212

82
7025 12475 31242 4935 30209
1103 21928 28651 31212 1662
566 1848 14945 6727 3743
18519 761 31842 5485 30446
30975 28463 20646 21406 14924
20038 6496 2924 4331 11383
15480 11455 23960 818 29278
31289 22040 14038 59 18202
26485 20025 8948 608 8502
3949 16114 521 4099 15300
5601 9543 12055 335 13467
27776 7635 24086 205 3476
32149 23172 14869 4344 24960
31829 8367 13173 2003 23
9190 12304 31263 63 28963
16001 21541 4943 260 29688
18388 18953 30991 632 15487
30065 30182 60 21004 3668
1916 11954 579 6953 2071
192 24607 208 10110 2464
10470 20873 8940 584 2393
31519 51 13759 240 27982
5673 223 8842 405 7165
12168 17643 9869 817 29659
2930 12511 1789 2781 8260
18034 4110 192 8 8260
30951 21120 19612 258 5456
9798 17948 1527 574 19476
27309 18247 17338 18 15522
31351 10984 5140 131 15632
29825 11332 15962 108 9191
23477 19711 564 1933 2054
24224 8195 5567 1867 31000
5587 19274 6483 1119 8820
26214 18407 23769 142 255
6949 20403 810 1299 15193
15241 18976 2137 615 24065
134 8858 563 7704 13771
30767 29893 4 26740 10514
6827 18169 2458 903 18183
2766 21206 164 55 22139
25172 10404 14473 334 6864
16789 491 1155 7968 24717
28301 6599 7428 60 23738
422 18155 21 15963 30765
1397 9085 4190 377 8416
24016 10784 9543 126 516
32493 28108 8598 112 17132
8684 688 7549 119 15707
30342 22442 11986 462 26354
17890 21825 20289 85 2448
719 30415 8 4698 30814
7792 10358 12131 405 5184
4890 11350 797 6535 16249
472 24847 131 13136 19997
5914 11753 263 5557 28549
12464 18563 28116 371 7694
10518 9965 1505 265 9017
22374 6288 11565 183 17640
1373 11038 16625 231 14505
21434 19826 903 1793 7448
32236 17804 11165 9 30363
858 27673 85 25126 859
29465 6709 25415 400 23592
6433 15579 207 3456 27636
25419 639 6647 71 25435
27857 19765 3841 165 9931
815 21915 254 12 943
667 1352 15008 431 22961
13540 8720 3470 130 23565
11373 12202 3173 80 3557
27122 7900 1585 229 30175
983 13497 911 3848 28509
14634 19868 4929 531 23628
16289 6488 109 51 27838
29905 7239 26152 365 22484
1538 10241 267 649 15148
30813 29330 130 23156 5387
3604 10094 10 297 12834
6221 9027 13587 125 4317
30143 24653 129 20091 11833
29588 20920 4296 83 16371

58
15874 5809 27888 8961 2382
25624 29978 16035 2636 5300
11131 27586 6053 7688 15401
20897 22240 3402 26892 9335
3730 24275 2033 5415 4420
28169 20703 9176 302 19545
2052 9865 818 24762 22791
28300 2078 4213 3643 20156
20030 28464 704 21262 13975
6886 432 18909 2469 6031
24954 19141 3209 2754 20542
8856 16368 6990 3122 6393
28267 22583 996 4128 7770
9396 21737 968 12453 21974
2473 5770 10614 3000 31952
30757 32628 4101 14601 839
30041 14941 4425 649 21741
448 2211 4004 282 19708
27940 22539 13493 8 3530
844 25016 1197 5330 7749
5358 4548 16882 5 20965
18258 30136 1355 1712 12499
18060 18860 21380 199 19271
4483 8824 9533 7088 7421
3592 32414 185 19012 23489
17727 25807 1321 2156 27994
30362 23374 25567 17 15352
18714 15065 8634 3115 13639
2585 4565 8666 908 21225
1068 2912 10926 629 7357
8412 20412 569 12892 31827
17576 21873 2826 596 9316
27161 28596 15775 793 681
7157 26993 485 17282 29872
5734 31369 610 1981 13285
550 15283 911 97 14059
31106 25529 11362 425 25728
30711 744 6766 771 29502
9418 4048 734 69 27534
4062 17099 1207 1032 30534
16315 26827 883 285 12713
3006 29766 122 25002 26406
6673 20416 237 13544 18401
32051 22176 29537 181 20959
19588 26453 1233 773 25376
14573 19512 4368 464 32617
11500 19567 699 268 17262
15403 5205 280 7932 3315
24681 32645 1100 24978 4379
31019 15810 15063 2492 5781
8137 17205 246 27859 8781
31251 27042 898 678 19359
13156 22560 1119 2044 7433
5951 3891 18893 17 703
3186 11337 78 26577 19456
259 31779 1673 14452 8716
30523 154 27380 53 19576
4233 30273 42 11628 4132

77
28723 6344 18924 23180 3703
2944 11129 8706 10228 21162
29017 31624 8757 14005 5902
13859 2934 23293 2135 19752
1818 31145 346 1434 14998
23387 27406 4707 21446 31077
5636 24811 3332 26112 30754
23951 13282 3798 2530 17399
23147 17452 2700 3442 8159
20571 23599 749 22898 14683
13926 18622 7194 140 32406
566 8108 523 278 20014
12678 205 820 15032 27060
1372 9533 1532 12878 21144
12826 26638 4694 16133 18069
222 10172 772 17143 2410
25500 5780 14648 86 14541
11145 21578 1531 13626 16884
14258 15422 2725 3134 32314
22481 25286 44 14039 18738
3919 27021 1572 12249 28665
14170 21085 13491 1476 13255
24770 1520 27714 809 16017
9371 30705 125 7964 6824
1 27742 3269 1355 12284
24390 5440 26254 288 3433
21604 6002 5385 2415 24684
3208 22752 6801 1347 2568
2899 350 1530 6622 14133
3528 30754 111 17066 5894
18974 11589 235 1682 19461
17648 5413 229 7674 1391
8463 2422 4141 6322 21460
4978 6984 3377 488 20573
17362 7020 109 5872 10242
2227 31955 297 18104 24651
18233 16877 3102 595 22091
27947 19057 128 1122 6012
29307 30481 14652 357 16798
4466 9054 4034 1684 18131
30936 584 8436 361 8781
14238 10800 2349 784 24584
18108 31438 681 9430 24389
23166 16450 4147 597 5371
5508 173 1920 2960 8569
19196 22811 795 15349 4358
10519 31820 128 12374 2479
9251 28661 26 1737 22422
20373 18804 1646 2158 28055
14158 58 9215 1795 21807
23085 12269 2405 263 4466
511 29298 308 21389 17366
1433 4232 53 3823 23533
18827 28264 48 32234 3830
21443 26569 200 22401 19302
10400 21834 137 6599 12555
20686 5429 422 5395 32640
29018 29763 15850 382 19990
23839 10487 3639 531 474
16524 9240 245 77 31528
10353 10814 1274 267 8697
17461 2570 11987 77 9295
28335 9497 251 1895 8091
12385 16964 52 3337 28238
12695 25141 2105 1480 14518
13898 20155 4443 661 11469
411 936 403 2576 32400
25159 269 8527 187 16401
26275 1015 32086 21 17012
13777 19125 669 155 14641
23210 27459 26 1374 8997
1087 24757 1712 1114 6015
28441 15387 83 5350 19112
25470 508 1393 373 20658
18128 13498 651 2013 19274
28201 19033 7 28785 23107
11744 9611 548 1729 14878

48
2774 6077 24630 24305 10556
29451 30425 18204 31548 2130
32048 4283 19607 15672 10149
2161 32503 26979 27091 27735
32273 25309 11934 2465 30647
8141 856 30375 1429 5668
1184 4134 596 24697 3883
28637 2859 1865 27337 13039
74 31470 1861 26086 5570
31169 25857 908 2041 6072
6280 32242 20227 81 17811
30607 5725 1184 1214 25313
14083 2377 6311 110 20004
31373 21953 28593 235 19214
32538 3884 31985 99 23479
31011 20108 22484 98 22200
7693 30743 9561 97 18447
42 17303 1033 7352 5642
2141 5206 429 4184 246
31048 28373 6472 2001 1280
32661 22797 22075 1309 31654
6288 2888 15364 600 3125
17703 2739 3474 33 5601
10020 30931 18288 1101 14473
27470 20031 412 1509 17691
2034 20901 470 8923 24240
10681 5029 4920 104 18769
6027 1398 556 921 30679
24750 557 21630 209 31479
28290 18717 104 1249 14676
1949 182 3546 2257 19893
3904 5482 204 307 17353
15219 581 6459 199 14542
24047 3972 692 715 24896
11438 4725 16300 148 30625
31987 20451 11102 1401 13618
5154 5163 13736 853 32527
31917 24290 14418 838 22099
23857 2414 18719 383 25589
11467 30463 2718 125 13909
6160 3650 9773 1042 31205
30832 12592 1193 6268 23544
28081 11387 74 8458 17458
2625 30997 2060 962 9728
17898 297 2937 15 20652
71 10578 61 267 15077
12098 86 10035 129 30298
18237 3905 2011 72 13251

83
10875 30311 1450 15228 31014
17648 11436 18397 9230 22372
23126 23123 15866 27293 5791
10074 22721 7877 3709 18617
2208 31658 5546 12159 9971
17043 6109 29568 3326 15999
868 10214 3341 8196 12425
18542 1914 3411 254 27594
6356 10068 3581 9272 16595
23366 3593 27352 2390 4749
14456 27250 3010 19910 29395
14655 2396 7895 2661 19312
8320 31433 688 28006 4597
2638 3735 10541 4999 21718
5337 20195 2102 6043 8769
20407 22614 1364 31993 24734
14071 10249 9949 883 13548
18815 31369 816 23771 24616
7105 924 560 954 26689
29700 2293 19690 990 29940
7966 24115 1032 2678 27608
1876 22184 3045 4529 8758
12688 21989 18966 546 13201
13231 1037 141 113 9740
16405 448 28710 882 1032
12680 11415 2745 6290 29621
15204 21075 16034 78 6581
26063 11062 22592 146 17341
26477 20691 32507 169 13729
13252 9786 13895 4 25744
152 29503 1450 15287 3155
9003 20594 6925 347 966
4323 16642 1701 1896 21770
11704 13183 760 2770 1638
10988 11684 167 2379 28866
11704 18834 4049 795 23772
9817 1876 7855 235 7107
24809 9873 4434 147 15408
11965 17776 962 957 19564
32238 21485 14574 990 26724
9947 28857 834 19566 15105
12408 32065 889 13448 31210
4123 29171 1091 2169 25175
26609 22784 31295 175 6275
22041 24912 965 27722 11903
13965 30710 136 31132 10865
14398 9494 2210 181 3465
20096 29661 40 9487 23606
17690 31375 63 11572 7095
18999 22773 993 3546 24359
7886 32479 332 14678 7607
18462 26271 251 28542 19873
9065 845 278 1867 11820
139 7284 96 5141 10037
6581 28794 414 1231 12949
4738 14320 118 2086 27198
4127 1237 1106 2477 22551
7052 28554 1375 2717 29216
15983 12334 1199 4514 29784
30376 10910 19225 4 31710
32020 9827 8419 204 6852
17550 2221 10950 13 30901
12658 8932 18 173 28761
233 2667 1263 2037 16417
3166 101 2153 521 26198
1760 32229 24 9382 21180
31641 10054 21554 773 17779
5117 10102 443 4493 12323
10924 9136 924 549 28175
8441 27322 4780 618 22243
17816 27837 228 3933 3095
16575 17589 288 2280 14499
643 776 456 142 24410
591 19630 15024 376 21027
13399 6214 2003 2892 24054
20160 32085 151 6850 11677
18723 10113 5588 136 27030
671 27608 1764 461 31834
20004 26371 256 553 23166
4767 28469 5140 62 19291
12560 965 486 695 13527
3249 27873 2362 226 27011
1028 20940 496 2047 18831

41
10096 4722 10398 7671 7680
9878 14325 29413 25505 8376
20672 7188 31857 3069 9316
5198 6251 930 3591 12971
5900 11156 644 18630 15039
7295 27950 1394 28704 24149
2703 19156 371 6079 1300
20573 2267 21441 2970 31072
2834 31767 2653 18361 29317
27323 10438 31473 1335 13058
27425 5989 28205 650 14599
2819 14044 1327 1294 25498
19348 75 24687 475 25084
4800 1090 6997 772 13872
7819 5378 903 5803 987
16 15850 2076 5107 4124
45 29142 4385 1504 24943
31039 5277 4981 262 9016
5727 30296 994 27670 30066
9419 719 10687 361 9905
9143 20470 607 23972 27781
678 6706 2375 2059 8229
29895 11789 17864 1508 31194
1016 31767 1322 13902 7095
2919 3309 13245 981 12767
8661 13056 694 7012 17818
1447 4639 833 1835 25767
6745 8450 1034 16216 17390
22414 11462 1145 2365 24970
17903 1747 92 2710 17692
22622 1509 17854 408 7619
15614 2198 2248 181 2836
30155 7070 2277 64 2639
11944 12989 8082 1153 20314
3063 27456 2231 1292 15822
1923 9213 2270 3 27437
89 1201 4434 612 32377
2038 10197 2370 2190 11236
7746 1931 1123 556 4237
30759 5595 32164 335 3119
30893 13367 32087 558 6326

14
5192 24783 26551 10101 23815
11377 12675 8426 5454 29958
24367 11918 11839 4917 28644
25935 3994 4041 955 13659
6048 617 11413 5678 27130
18763 20980 9091 1832 17010
31326 1134 23543 2847 22408
32508 17723 20522 25354 26961
521 21888 3477 12443 32170
202 28885 315 8035 17424
4436 5144 326 26750 14590
15595 8801 18701 2000 19296
1152 3607 1725 13240 8820
27783 6870 24408 1395 21104

58
2666 20941 10227 1285 25073
30393 24043 32547 191 20240
8727 1079 29743 18031 31139
28893 27809 22826 10109 9835
3877 24209 11591 31911 17585
5363 13254 3055 3966 8927
16492 30919 11828 15903 23222
17595 20266 14666 2447 11263
4939 23270 16514 665 11011
6226 1160 295 4336 13399
31543 25477 12010 577 24663
8157 12144 160 903 29913
27224 27381 21135 32 10303
451 127 516 22333 4456
2362 8847 993 9511 18964
989 19617 95 26036 29687
3736 11753 1031 8297 32325
32560 23090 27062 382 12121
4247 3233 1843 4255 31078
18727 25305 12783 218 28040
19035 27988 3768 593 31780
1454 7724 356 4565 12711
15124 19219 23581 799 26668
2441 31743 575 15556 13016
1402 30469 36 17333 13221
1932 9673 218 22208 18032
2260 25354 1378 5470 8848
16716 22792 24534 219 24374
23147 26296 3355 4545 20303
8472 4316 72 7948 16413
16953 26801 684 1925 20429
23993 549 280 15 3690
4876 842 16692 119 10454
32601 26460 5898 458 350
6994 7770 250 2140 19744
9751 22553 6096 233 4246
18872 24414 31369 546 22458
29933 24271 13228 122 28435
16325 28116 551 987 13350
26747 23499 23254 369 22106
5549 9067 863 623 14633
15868 24000 342 11617 18059
739 25092 64 32674 3182
1619 12634 101 912 18195
19937 28733 2416 1072 11096
6838 17877 1377 1846 30392
32538 20862 2697 1909 11898
2686 7444 1504 1285 18794
32746 26945 9513 88 7688
24247 25059 20630 207 3163
20222 71 9343 395 30586
2204 14424 14 19488 18043
18220 27970 4514 14 980
8861 22855 4235 102 14738
1107 28631 279 7199 16411
4997 22256 1178 649 26601
30957 597 13809 211 12157
7113 1858 840 5781 16006

59
26712 22175 19704 3468 27489
5090 12883 13653 24258 8916
20096 30979 29018 24419 5127
28025 8657 9873 11882 8775
11645 1292 20422 978 20913
12038 7203 5198 572 13910
27806 4240 19230 3703 30925
13463 4558 14210 1544 13444
221 25661 2087 13112 10955
20396 10354 6018 10135 17211
21542 28095 12230 1325 6836
32574 3046 30746 167 13430
3856 7950 16342 2730 1111
214 3493 3157 12382 30121
20575 3671 28451 212 25328
26214 7906 436 2145 11039
3689 32107 118 8908 9816
4922 3487 10436 136 25875
4376 19170 101 12139 2843
19744 31252 160 7731 25983
25631 29947 19938 937 14351
24312 26892 31337 51 10021
21685 21930 929 3495 132
1184 2776 16499 139 12412
26211 3914 29043 11 4603
26570 27230 19864 435 12283
17527 885 13179 278 20786
22197 9588 386 105 18096
25452 21344 29977 221 31157
8331 12808 8664 65 19302
19052 23463 98 7900 7073
4666 5758 2455 1168 23307
23412 2568 23234 356 30848
27490 25659 1730 1000 31354
122 19349 370 5052 5356
9245 3287 3527 145 4759
14480 470 32671 227 14059
24055 26839 14066 28 19229
18900 3633 811 319 18026
5560 53 2212 2193 10831
19205 18256 311 27741 12494
6490 3669 5054 1312 24598
1834 19487 2111 4951 21078
3947 1332 1575 534 24804
27766 4070 3883 16 7926
32717 1912 28244 285 28634
4435 10892 2339 907 21241
22080 6625 2100 2309 31970
3735 6699 596 1246 31006
15377 4099 24566 115 21232
29005 20636 6892 114 19179
2467 26582 7 28231 20864
31490 27146 19963 58 15290
15534 10736 4135 574 29109
8707 1680 871 28 6209
19531 32018 149 9270 8139
11361 177 11958 247 7605
20078 27196 1164 866 6337
22703 29434 17604 150 16386

40
21082 13616 3170 11099 13743
15838 29524 27506 12043 16402
35 17609 5238 26945 2395
17060 7266 920 16470 1005
32115 24230 19448 1003 1095
31555 10093 2154 12787 6407
11439 13650 4868 9484 30670
14736 4474 1711 36 22707
22536 2619 17756 6399 24693
841 9648 9482 1729 18425
6819 17847 3260 18971 22824
31781 23098 9379 158 16251
24126 25324 20040 1646 31739
2319 3459 1340 5570 10319
4427 11582 9489 65 30123
32742 23720 10068 361 28175
23590 10441 4270 2814 29632
11413 26093 4298 7034 27078
17378 27472 24762 1422 28490
9080 6782 7918 1796 6340
19319 16270 902 7449 3419
26656 9356 15004 158 6003
29228 13703 1171 3397 3617
6085 24553 170 16651 11621
26075 21665 1328 3217 15409
15046 2697 600 464 14893
18123 20684 429 6732 18141
27190 976 5761 290 21905
10097 21568 1293 11559 9414
3953 254 4511 3087 17203
10543 2697 2892 3136 27290
18711 8335 1854 161 28183
13474 15 619 479 4761
17567 794 1968 4236 28174
29799 287 14541 496 30964
8241 8979 327 655 31163
25945 15751 1185 3862 9306
3204 11916 8343 1597 5480
2242 15388 6369 771 21622
1883 13685 5221 1229 28959

10
21144 25880 14032 22900 20430
13121 5836 181 4238 5812
5807 27461 10530 16217 17724
29676 15638 15931 2833 16688
24753 1824 1214 2189 22742
3996 4730 3338 22671 13907
1791 15192 670 20363 20855
29077 3803 26137 923 28689
19715 19247 5652 4697 16158
26221 6201 18177 3029 12480

38
14312 11020 7580 27686 12106
11462 3201 25629 5837 14435
27003 21101 3287 24900 28337
28879 14078 14108 940 10349
1865 32265 12224 10471 25084
13252 23764 781 2777 10236
1837 2365 6614 668 7117
2561 8591 5871 16288 13389
22450 22741 1930 1088 22027
30845 23350 22400 32494 22194
6294 5921 682 1540 30655
1572 27496 6329 3612 14300
25786 11776 2306 7087 24572
388 369 1419 9355 24786
10396 12636 2657 2998 28665
489 25968 999 7370 18168
32238 15834 9309 4334 29217
27533 852 25028 1173 4976
24547 21786 2013 18632 2332
11370 17128 828 2952 22716
23822 24201 415 20154 32132
21764 123 9987 724 25236
31038 10307 24387 1092 13488
6049 1935 11716 86 895
22102 13212 458 2484 27976
6883 582 2218 1280 20971
14410 2115 7903 417 30475
14042 9618 8338 463 12367
1170 20678 912 1527 19360
9246 20642 1982 4194 191
12105 22183 1875 1064 6026
23549 14842 133 4245 26049
22102 25861 1678 10404 8191
31242 20669 1778 1243 31542
8201 6488 2530 20 28286
28644 18443 1677 1298 28306
7486 3094 3803 1235 9091
24592 9094 14612 967 16393

30
27984 5942 6032 6161 24274
2802 14810 13817 32524 9138
18196 29508 20111 15372 22696
23653 17488 5658 11336 3725
22197 8120 1269 15388 11006
30196 14534 10033 6141 12127
14412 5363 2936 6508 5681
1399 16580 986 23381 13218
23591 7417 2110 5549 13911
1778 10669 104 479 25911
18443 14481 82 4864 15185
26517 1663 32701 3201 19822
11104 2602 1541 2684 4850
18450 19564 1283 4091 32711
895 749 194 12823 7
2333 2845 2951 7288 710
7934 1867 1562 9657 26922
27167 14799 2498 1106 7965
2903 14188 2608 10 14968
12718 387 1670 1377 23766
20733 24475 1791 1865 4730
9537 12538 11221 928 31700
32671 24950 4554 2298 11732
20043 29102 2911 173 12244
22365 571 26863 723 32603
24660 13721 16976 393 13042
29350 20894 3209 577 25571
25552 4947 22452 70 6688
13330 2352 10284 1765 13214
17724 18537 547 8870 20917

75
3448 21863 16497 29887 32194
4516 8095 3129 1595 3696
30748 6104 13697 22041 30467
1233 2639 356 362 7608
20253 21934 10409 5858 1324
1053 3020 365 27632 13794
21232 28486 10769 28664 2653
22326 2422 6221 6521 29072
22630 12510 2301 6974 5905
12983 12821 7210 1869 25584
9687 9518 399 11947 11339
23989 1378 17732 915 9910
13904 8984 6854 1878 24012
32048 31887 18268 3307 2122
29075 2732 9398 324 7049
3983 3331 11842 671 3689
15614 18379 4556 1277 18046
16987 757 9703 448 1878
1246 32705 901 2526 13592
5034 17052 3863 1308 6745
21264 9950 1142 8728 8609
5951 6152 8432 351 22474
16427 3304 3526 2393 16841
361 5888 571 16183 17450
4883 13134 1620 270 18606
21115 2555 16 9537 18385
25841 10279 4400 10759 24542
3180 10765 4592 1574 6999
14623 11292 1581 400 19094
11322 15087 7299 1122 17892
8359 345 7718 257 2779
18820 5978 1323 111 8300
956 1242 18159 16 10112
31272 685 25343 217 9614
23977 11 86 339 4142
1810 10725 1322 3536 13163
4617 1722 3881 324 3054
32466 29274 15832 2579 30321
2948 15289 28 8669 26129
13609 6971 6486 1982 21837
1571 16449 859 7069 19539
32270 4366 16699 856 23166
15427 16352 5832 393 29903
11894 17920 2641 259 25774
208 15291 55 445 17446
2365 2536 766 1638 20576
20206 29824 320 32397 2093
10967 10479 1810 4308 16064
15324 17301 5054 954 3855
6902 14453 609 1172 18565
10768 17141 780 2917 7596
3763 5119 12617 527 17725
11157 7894 265 957 10276
2583 24717 535 21546 2448
14105 1431 3450 1648 27038
24524 9601 456 1842 232
5296 19869 3751 1095 17571
26095 28119 2248 359 22242
17025 19854 8686 876 17800
8054 14326 1024 2544 31202
10107 14445 50 1796 11870
19608 20787 5471 407 18091
3138 18627 1109 2004 32358
12289 6814 143 661 12646
18102 135 2805 55 28221
12923 21397 36 341 1492
29036 3598 1469 220 18470
21461 28311 1042 74 19418
11537 2005 455 549 20380
8328 7165 1346 5366 10244
2909 253 602 954 10914
21287 7839 1025 624 10641
27575 164 27054 400 8600
32404 5859 30114 17 21422
20667 32473 380 29773 1693

66
31833 15022 24276 17183 6515
27789 4596 8910 5504 5205
29525 12187 10613 468 28962
7018 20391 1693 24551 11770
11441 5115 10894 5426 20255
15425 25414 16342 21629 31222
9398 26026 2756 27971 29522
25888 14420 5714 566 18146
12411 14819 6259 4697 4630
163 22265 551 21881 32414
3879 22129 2760 20047 9345
24263 19397 5996 5827 25414
7613 2848 4291 31 13361
7879 11698 16699 2676 5439
6371 3464 2274 2343 30416
10481 427 13874 44 16507
15885 1201 18683 2925 20054
32333 32257 8973 3744 9775
24325 6022 2650 2184 18159
28293 15281 3224 334 31452
3798 1372 827 10235 22164
1969 14300 1592 14969 19432
1644 10041 292 2975 31723
15316 21348 2072 644 27033
14309 30678 725 17430 20874
19710 20506 2078 3003 28381
6189 11793 925 7490 8613
25631 13787 6563 586 28551
14565 22616 11 5247 7021
12409 24341 244 31151 32297
12688 22483 1599 12429 1373
1013 729 884 3968 28847
1748 31963 111 32488 31053
5308 6311 5710 5136 15826
12190 16455 34 22526 853
23073 6806 604 454 2245
29210 17079 330 2241 27514
11276 10792 375 404 15951
11286 20473 23 4058 26088
25346 10040 2312 241 1818
32596 13394 26940 194 16786
2082 30823 394 18943 12278
24334 17251 1912 300 13993
381 4831 3319 3046 8097
15856 10691 16028 778 18691
2820 30179 321 679 15785
10368 14543 810 1651 6395
28600 10450 18644 80 26376
21808 18071 864 6647 12171
14105 222 18166 166 3355
3712 18883 308 3174 20149
1189 30527 217 19845 16902
18716 18176 965 4439 10096
2210 115 3172 407 15707
4394 15040 382 5934 15124
8910 26375 451 19717 25550
6184 588 18966 324 3205
20043 15389 1910 2605 10799
1128 16073 250 1885 27267
9820 21725 784 3015 13921
164 12433 1276 2267 12492
27352 11507 788 2121 2831
2840 32077 257 31392 1151
9683 16200 1390 2969 32432
23552 17782 624 2272 295
13885 11295 163 200 26295

3
31804 29665 14852 2326 32101
24137 2658 19369 13136 17751
4606 19137 3966 21162 31152

49
11391 15196 6587 19113 19690
23415 12942 7425 26287 9728
18555 3608 1969 16261 24156
2825 29115 3461 1016 22235
31744 15911 654 27960 15440
3832 14793 1964 13550 8861
18725 31057 1408 29258 410
30100 2833 12487 7633 18980
5748 10993 1439 3609 18506
1749 31697 7571 21662 16185
32551 26206 20792 22105 16473
2588 4136 431 21000 8801
10439 8610 5137 6323 24108
31189 25277 59 8401 3786
21035 1557 2232 2330 1221
6343 18200 2985 8406 1123
8875 10736 365 1284 9801
20153 29032 1763 9416 27465
1071 19093 64 5466 428
30381 10863 4716 665 25556
30865 12804 10138 1081 3237
8423 2379 8697 334 19041
22630 19916 294 21667 22781
25314 2603 804 2469 10255
9119 7212 8423 962 4990
21134 11786 11487 629 14752
30849 14269 352 863 16863
10470 27951 713 14605 5565
16603 10148 618 2858 4704
4686 9223 959 2456 7677
31107 20907 64 13898 23040
3322 4204 5430 3498 13127
8776 9360 1264 281 31734
19205 505 22040 183 5651
14574 3753 2327 1949 24717
18197 24575 3522 2917 27753
1379 1145 660 17630 31773
23542 1705 12695 299 27905
10063 18253 885 7364 16624
9641 24445 265 20987 5716
32720 17982 29061 1321 5701
22146 26901 117 11575 28094
20112 21820 2434 2625 3077
22981 16613 12 22001 1895
31206 15309 8961 352 6720
20971 6333 4437 2709 22313
229 22675 170 28847 18095
32760 21179 28056 4867 29294
21461 10415 1938 72 3314

38
13682 1219 13682 25011 4981
10154 30583 23636 7907 31215
4534 13033 2063 24841 1220
29792 9175 21519 9218 32006
30025 19284 26801 10126 1482
914 11628 122 14123 24187
1240 672 26283 148 1579
7691 31751 1067 16615 6380
30516 4861 120 3826 21112
1669 8911 848 11425 20317
2531 1970 3904 597 9676
13569 28934 4526 1151 29923
420 10736 433 32369 23132
4270 4585 6473 7394 21528
7771 201 20845 168 13488
9179 830 12889 368 29288
1602 26250 2106 8898 16082
1049 10879 206 29966 30646
10055 18568 475 2770 27787
9674 25586 2335 3417 11608
28550 2538 418 18623 8141
29468 1794 9171 710 18663
12880 16298 650 2573 4176
3180 9343 158 14317 17641
6656 25271 107 31541 7377
12116 19378 852 3757 3225
7300 25881 1617 502 16526
10884 3428 10 121 14198
28344 23992 15 5623 15525
95 6681 152 5705 3354
32199 3920 26999 4008 7253
18570 26682 8817 2988 7497
8726 13342 1766 4257 22314
12388 1502 535 6822 24502
11054 4498 977 7107 11023
250 4543 2691 3632 11178
8909 29746 1132 20915 3694
23634 29778 6492 203 11719

70
29554 9974 15942 27888 9364
3694 19325 23980 24448 13200
20075 1210 1020 15769 20677
4710 4197 9608 10538 17362
25126 3586 4036 1066 23781
24620 6104 17724 3786 4126
2579 21739 745 1871 24880
3011 17818 317 1618 13512
105 9454 1843 30034 7902
2038 31711 1223 21463 8763
2081 6026 694 14060 13135
7385 15253 11019 3930 18757
22068 1840 1089 9843 22364
32326 2641 18093 589 1731
4074 8954 209 229 22480
17232 4294 2674 10741 19905
23172 69 18582 1495 680
2015 3266 1540 820 3758
17743 553 4444 108 21364
31239 3231 1295 1349 6531
24922 15285 176 3976 31708
23191 7769 578 4268 8172
16237 4914 585 6909 28517
28198 13366 1052 24983 1869
7912 1367 308 2253 9824
27950 4687 6868 697 19224
21102 13089 435 237 19356
5473 2907 1293 1288 32274
27788 27771 377 30030 28110
14867 6030 1164 8564 645
26621 15857 943 1299 19648
22287 17374 2173 748 15976
3330 18902 144 14449 20877
9300 170 1481 2935 20735
12625 863 450 2024 5305
4519 374 2625 1512 13514
14392 2081 428 3563 8318
24350 2662 101 470 12905
3336 5112 318 8217 2226
4231 12380 135 2487 9988
1971 22411 197 5059 25590
22825 14336 505 1349 22953
15165 531 798 4804 12594
23279 18325 50 153 20187
25180 5524 29124 32 7924
29488 1636 544 146 15161
1985 28639 58 1655 22914
3967 4721 309 1804 5197
29383 17068 140 32304 24493
18624 846 614 2886 26327
17232 863 1038 3425 9592
26700 11333 1367 2782 2311
5522 16160 1427 1366 30570
26516 2386 32711 12 12347
18607 17586 1668 619 25042
3296 26020 31 4426 3878
6800 3249 38 297 294
16966 8715 92 3707 17179
25083 13029 1301 1255 4799
739 2324 4567 701 14059
11026 14942 3266 167 24565
651 5227 1620 361 1903
23482 13369 1319 2377 17806
29920 5721 19758 163 8537
27864 15318 169 5628 32531
2192 21524 186 6758 18175
32215 1995 18567 377 24675
3686 16003 143 1206 5390
7606 445 215 3497 26044
24196 2002 55 6478 27046

52
25724 25407 14806 19744 24323
21316 4399 32277 8032 12217
6581 10949 1399 15406 12884
32558 1999 22993 330 20185
28872 14891 13149 4200 1364
16899 18697 8787 1811 5096
8146 24006 8405 16342 19829
22508 31878 73 15294 8911
31155 21338 11090 21 2423
23190 29250 859 11623 9774
21028 1525 738 427 10385
2471 12161 2706 16367 1755
18241 28786 1763 2169 1064
8140 12239 6659 5857 3915
473 4695 217 15760 30249
897 26566 1040 12631 19133
20298 23159 305 13364 26054
13736 5464 4925 4130 3435
22131 431 31605 935 4788
22402 16117 3643 1976 15555
5605 6516 2654 2704 28
8391 2146 2188 526 2745
5741 27584 1475 14264 30729
24054 21931 30512 927 10889
12007 1852 6733 984 14895
2814 32685 569 29247 12001
8934 3759 2562 4462 11950
26432 15642 301 1596 23722
27483 3023 7850 228 25479
26681 14244 234 437 8179
20693 22214 742 7907 6977
17157 31282 784 22004 27328
16763 13743 5912 1279 24666
9635 19079 3617 4791 9269
25856 24381 3274 196 31400
2903 6461 1823 2732 7324
2401 30302 378 8153 9176
18706 32354 955 15235 21926
30544 19102 3140 973 23093
24805 20963 7595 59 24643
3706 32084 709 3750 8152
14897 16145 2358 2406 29224
8312 10053 4038 1911 21752
700 9351 3534 1523 25030
28434 23414 254 251 23867
23439 12761 10670 1350 20392
1603 20217 552 5529 5498
11439 3056 12211 72 6554
24672 3424 18711 319 15502
24765 28465 849 6765 25810
17340 21305 1091 5137 30612
1436 510 5609 5093 11749

32
20914 787 16384 30071 12813
16461 30903 22633 18221 5960
2183 24713 7074 6382 28016
9588 8511 3452 30747 32683
3212 31104 5725 31183 12747
459 19654 1619 9249 23940
14901 9737 5383 17034 21691
849 3426 3518 10160 25784
6334 3517 429 18501 31667
7274 1107 2943 2800 6316
11320 2234 7622 1247 11017
377 5396 142 109 23128
19730 446 7892 241 11884
9359 6510 141 22446 21444
13328 11130 1210 10284 10036
4578 3097 1536 1751 32
7173 6868 1109 13944 13001
13278 5796 7357 2019 29710
617 31310 532 27736 30968
4690 12746 1539 297 14647
15546 28620 386 26258 22523
13252 24556 1225 26531 8816
4577 14063 1025 5188 14468
13371 9550 1364 1267 15026
8340 4351 845 20003 788
9401 5452 1989 500 1030
2399 330 3814 110 11633
3721 15558 738 6918 15457
4385 8890 1236 709 8547
14658 31136 841 10993 14145
16795 27517 812 2125 12234
30150 689 3234 40 18233

75
12977 21981 939 7739 25803
17265 14764 3257 458 27035
26631 27226 19725 154 18678
32723 32006 14137 19052 1503
1297 204 14299 4443 20610
20836 2501 14297 4710 21782
11253 16057 6019 4698 10466
19473 31332 825 23291 13284
23589 10979 2216 23176 1998
17717 23560 75 8763 30067
28683 15423 26314 7529 27579
11112 10467 1435 4076 28602
3104 32642 1451 14649 22435
32522 11542 3390 1995 31040
25078 1062 17330 40 20773
14908 8657 15779 1579 23949
6677 19917 3707 28442 692
3891 7357 56 491 18199
8473 11530 616 4843 31487
2702 10916 1907 1793 7893
175 14612 2230 16466 13096
22063 14415 204 22508 2358
32071 9944 16935 938 12930
31928 7445 6759 37 2816
17999 16814 3661 3563 14739
18726 32263 666 3370 24272
4853 17285 5645 248 11041
27301 10287 2628 3484 22971
32289 29751 26118 215 23127
11078 29325 325 13732 3171
15851 23159 264 2730 24565
22919 18801 528 25480 28626
27838 23170 10064 198 28213
4169 19486 359 6881 1894
27425 27910 4375 90 22050
2569 25811 6 13546 10035
28714 32194 947 27936 26829
18622 11630 4694 2726 19656
2652 15835 941 10104 22980
30528 31206 737 23900 13594
11411 5657 7991 1336 6102
9891 8649 1047 7706 6333
31568 9004 14017 629 21549
3267 9474 2766 1348 11264
1798 4734 1053 4190 12462
20579 28924 292 30471 28089
7297 19029 382 70 9362
26026 31600 911 2186 29826
10580 30938 297 265 32432
5185 31620 969 6780 19144
29837 30233 633 4222 23153
30929 9683 1210 112 9600
26889 24620 30194 2112 18146
12543 31024 4657 20381 9852
30394 7750 8564 548 23128
22363 21736 357 11956 26592
26015 19727 19 3392 3202
12093 21879 101 9146 5770
10654 24472 890 3665 29321
13968 21772 4850 606 6448
12676 8010 1962 7074 4578
27229 1483 4060 843 16392
20846 24892 30 3392 27252
26252 14490 31693 789 17354
18048 26851 678 3849 1935
2588 30918 215 20712 15000
32049 30036 16793 1003 14338
30492 27644 3236 261 25667
32538 29391 30102 124 24390
30323 14076 8049 151 903
29434 28104 6807 626 28224
21028 27401 1009 20255 10706
17844 24633 2842 598 16243
7071 14214 750 1806 15510
15085 4889 1216 247 6592

20
20072 22929 10110 19370 24762
31897 25491 9170 32577 25945
1956 4842 4480 31670 30109
32306 12527 31887 3288 26229
30414 10522 7466 594 10307
10724 12178 4097 9916 21798
22935 10697 7015 5276 8383
26590 4111 12222 4762 17473
13240 22242 4224 13184 28513
10575 25188 1291 32017 22524
16313 358 11068 724 22447
30376 17844 21542 4928 16147
8643 24007 1684 30613 7304
1253 3319 5510 632 11507
17063 12364 5473 1604 5287
6072 1833 2732 1168 23497
8059 12476 494 24361 30190
26909 20757 1800 969 14629
12377 4629 6467 328 2175
26444 16783 13294 970 24572

57
19018 10192 26590 30399 4651
11769 9834 7221 16873 3647
17550 747 17035 1461 8068
264 17112 10787 643 20815
14995 31402 2205 31565 30740
15408 4113 25759 4565 30533
2857 26691 7847 9750 5349
8782 3467 6060 1391 2208
1805 4990 544 1674 9165
5496 5882 4721 4162 13729
7111 1469 4270 1872 18235
2717 19805 2056 5814 6222
1004 26592 1179 24151 25679
12986 30153 1445 28070 18131
1138 12337 3984 3348 14163
5878 981 383 1375 26138
13373 2214 17919 1130 13114
27651 9078 25495 1078 518
8871 21918 1524 367 28924
18693 29924 205 6002 10646
11549 6641 2652 2707 29430
2472 30537 330 16711 9030
2707 16243 646 227 10492
19609 8707 10791 135 22832
362 27685 354 3019 28384
20698 9928 3870 47 13686
11488 32347 475 1655 9851
1145 7691 18 440 10693
7135 11238 4023 1797 23942
30622 3647 3819 430 17345
3540 2723 1760 5083 6858
10290 18823 872 2330 30518
17716 27349 295 2815 8124
6942 22838 624 2924 5355
15574 8961 23962 48 5183
13250 27662 1906 2143 27770
6528 13203 4 1310 18236
6369 4443 1417 30 31540
3315 11061 1549 922 5098
7958 24580 3529 636 31572
31645 2632 20208 174 14147
2753 2195 473 3015 25326
8785 16094 1084 64 4166
1457 7987 1746 1268 14144
4845 837 276 1368 231
6108 11504 971 679 27319
1057 21135 1637 2101 31419
1116 16006 630 594 30442
386 661 296 11643 26642
5553 20066 2432 709 18572
125 25716 1771 668 15286
1384 18206 9674 14 10581
11156 27126 4556 141 5108
4272 17779 5920 105 24339
17932 32390 715 20943 25211
30866 91 17398 432 8854
1920 238 12809 119 544

52
25311 14988 12633 20454 13844
4315 15608 18647 24967 23488
15415 7010 6399 2106 5637
24352 23950 370 29417 5899
29520 4198 9024 1232 18552
6280 1361 8863 2283 8147
12058 9291 20651 1189 26269
30416 5782 10486 3054 1833
3949 4592 2741 303 5715
417 12024 25496 1467 15741
4231 8181 3804 899 22186
14645 5032 11150 779 8249
126 31957 2509 5719 27159
15164 965 7197 1062 25609
23103 16063 1061 24117 2154
20542 2039 29774 501 31085
2829 25692 129 25032 21244
10366 6171 370 2325 8869
13689 14779 32178 139 2293
24971 17265 208 14447 14223
7746 13694 25921 456 17459
12491 10642 29926 607 6728
8685 5664 3534 162 22139
604 5063 11364 288 22439
21476 3573 453 1148 21845
57 20686 72 6172 7
1254 2113 3690 375 13606
1666 5424 1544 1094 24809
4492 5499 1918 1327 26971
2219 14450 552 13526 23687
3228 16587 981 23012 98
230 22375 426 1850 111
5352 1044 9188 170 26917
22995 3928 351 629 3297
24414 415 24881 233 29221
24075 8841 15197 105 31585
12302 741 1983 258 15858
26802 8964 23020 204 29143
22204 5859 4043 2156 1582
25573 1481 12711 542 14967
278 2664 4946 548 28783
6929 11285 993 617 16830
31454 3067 23096 368 20974
3290 10146 7997 1030 18574
25731 12013 18932 1 9892
7489 3970 10368 310 29493
27380 14290 1642 444 1640
16225 693 1294 122 4226
341 13891 1734 3145 1998
9003 5914 10937 138 28730
31558 974 23597 414 14419
19612 3319 6915 182 26758

27
22424 11218 16104 21515 28771
3465 32250 1610 14049 1333
5264 22336 8022 27987 19600
5579 17 14737 21000 28653
32213 1290 26001 1717 11150
1278 29025 1988 25709 6058
18502 30981 3653 17148 18085
20510 6026 6552 4394 23861
32070 9789 31954 1046 3822
13517 30265 4218 18527 26153
5496 4537 58 16923 28348
1464 14635 2905 7723 7380
28275 4061 23710 4685 20632
17734 23944 4680 5665 5174
174 1080 1177 14503 14940
30762 32739 18088 250 27856
1096 30272 95 30370 30697
1986 3610 2437 603 21315
2710 24344 1750 892 18137
26724 1389 2263 443 5529
2146 7153 1573 6740 24853
4559 10902 429 14480 15905
27715 2777 610 214 31101
21016 12187 430 10577 32706
27306 3135 32 6800 10554
21483 19997 72 3313 11566
13420 22078 7415 428 12450

43
14125 29180 28698 24075 16263
30554 22057 10263 4267 32648
11800 4643 13118 21226 27353
7317 32238 305 4015 12497
17269 26596 25925 1156 6735
31824 17818 19308 3028 12342
31056 520 15974 12913 5326
30450 353 19712 142 23826
5612 16223 3155 14458 28204
9070 27865 1185 17695 80
6095 9907 5231 5814 7517
28655 13703 518 8358 25757
11560 30990 2177 21029 22764
26351 4618 4261 3646 32165
495 200 3968 20863 20800
519 30714 3787 779 21532
13169 3 8812 840 10013
3917 21156 349 1446 5985
13945 926 14724 67 29030
3891 31561 2167 16136 18872
27648 8862 721 16961 24393
27613 1317 3434 628 6968
17929 26397 8264 196 22474
25909 10970 270 11066 32720
21033 28372 5713 714 16959
32242 14517 7974 2648 1314
7572 289 2108 7959 20917
5159 25460 98 1417 11500
16129 2767 6291 46 10589
25808 13070 51 8216 23968
278 23522 4081 2204 31107
30967 20178 442 1160 16066
206 25958 387 4399 12565
20760 28120 16 620 14594
9049 16398 2419 5485 9455
10283 30991 510 4943 15920
9736 4149 1277 231 25043
25314 17295 362 2978 14157
7838 32217 1188 15356 18230
29833 18887 544 203 24022
14210 27820 2302 1158 21666
26708 14376 278 12158 12637
24247 3682 6412 827 24730

72
28202 17544 3326 6305 12183
16965 13304 4186 6831 16751
20325 25746 22223 24062 5420
8465 26203 3423 26008 8016
27763 4567 18480 2760 18058
23271 15991 7016 678 21488
8106 1114 14990 2774 8773
2361 20386 3656 18081 743
6038 20662 1214 15255 2732
10350 5516 6450 14899 27778
2915 3642 595 7640 23239
15890 24904 932 14090 21018
20640 20920 2007 113 12332
24036 474 5505 2982 18143
502 3248 1629 8568 30382
16911 21925 686 3622 5686
10393 3979 5239 604 1246
11910 25115 996 16994 20235
30988 1981 9325 2372 10878
23619 9741 17514 23 10998
19779 25266 2465 207 12869
32242 15312 21143 10129 32097
25190 194 30516 67 15635
2440 12129 583 4405 3774
32379 8021 18182 549 1892
13824 32000 1733 18519 13680
19844 7056 7507 2369 4868
312 32052 1238 25952 24286
6673 16921 2987 1255 1676
6559 121 29 9417 19307
7620 22156 79 24356 25849
18425 28379 900 32335 9608
24485 17002 328 795 9870
18500 105 1646 561 23010
10182 20924 294 2872 894
28615 13243 28280 1380 6760
15369 26056 122 4358 1068
7869 15213 993 234 12496
22705 10265 296 1687 20775
18160 12133 12136 171 24744
17339 6434 195 5139 13948
22365 12884 4318 2273 38
433 17827 1758 8872 23755
7986 18374 1548 5031 65
8245 7937 1032 5989 8679
7748 31342 61 2397 8709
23997 5624 3176 677 11895
23124 18717 4260 5014 32416
26715 12459 5524 121 14686
24078 10484 26478 1586 13375
32725 8927 10787 542 13318
22758 10202 29633 49 31525
15752 22025 91 4819 8277
28118 14766 1579 985 18378
31680 14645 438 260 9820
4812 3676 1358 14149 8683
13008 31072 262 29697 27001
18321 22327 75 9388 8607
77 6021 22 25191 13148
23201 24845 719 422 3904
19130 21647 617 1021 22086
19345 30667 97 2116 28506
11227 21221 9290 382 18155
17133 6854 45 721 13644
11143 883 1413 62 29167
8076 26034 110 21731 25850
7188 2835 701 11384 8464
4221 10446 226 4992 20802
14115 23683 455 962 21170
14994 23785 348 8202 21664
20424 12706 21829 177 9632
655 12934 303 636 23533

26
10576 10429 17531 5790 5582
30907 30434 19580 12396 6032
1508 25184 17285 1914 25566
31389 1164 18024 17224 8447
18678 19252 23598 2132 13332
13579 4942 8753 4398 26426
26551 21850 32317 1376 9475
19711 23807 13877 4261 2575
16447 27313 3195 11955 12408
8900 18401 4191 5018 10037
720 12903 7355 1760 20416
647 28632 11051 4561 27828
6319 5357 5662 4027 20102
28211 32311 450 10062 1359
2119 18033 3747 5420 28321
12863 29259 2937 25709 6860
22692 29982 5092 16356 13339
15199 71 29865 487 16366
5232 2976 5446 1319 16311
20101 30307 1225 30401 31693
4017 1156 7393 187 23054
27755 17523 1745 388 10359
30372 21733 17707 108 25309
2664 3056 1165 8717 30391
5364 17142 8210 6 13384
29845 28348 8404 1366 4640

22
2566 14894 9096 13556 10099
28193 18504 21809 10891 2985
14509 9823 9693 2903 13817
10296 32598 26520 22001 1467
14967 2256 7175 4492 26029
20210 20463 2204 5912 16328
10843 6754 17244 2099 14731
21711 29896 22707 1314 19506
28989 4808 30399 3335 28632
24597 11035 329 11437 26026
1790 30957 10094 1457 2436
12878 19551 1535 5146 393
11741 27690 8232 1586 8694
3514 2040 3566 7983 15983
23256 1642 19095 1303 28018
1077 12262 8305 873 20072
31738 15719 29545 2680 25150
32153 8875 16114 2201 19804
16355 15935 1925 5394 19709
1362 16500 1118 8993 26631
18803 13997 4220 3724 25105
11057 4970 2136 237 12412

94
31697 4517 6955 1602 13300
3118 5379 26023 4928 18709
21546 13285 15797 24943 15917
3058 24149 14873 26101 15641
2028 20383 1120 835 11542
17699 1416 23659 1662 22336
14671 1704 1104 110 31303
4715 18139 10278 4766 18841
31419 8794 25612 4277 9003
7197 12479 9096 2896 23805
18959 23073 1366 25901 1594
515 23299 1420 9415 27719
3018 21985 551 1506 10365
17009 13243 984 3331 5296
28080 227 1604 1124 15782
29156 5400 664 4724 183
18568 14208 749 2837 22788
14518 3843 18749 669 6
16763 18185 1171 5958 7015
3466 3711 8511 1556 9866
20291 16822 484 2807 8792
8852 2242 2279 1045 9382
15552 5027 10324 231 19245
18146 23628 746 5679 21493
21879 12447 1850 228 14948
278 6160 220 14206 4600
2743 29593 177 19875 26571
4261 17245 9374 141 27100
1128 15802 913 3224 4617
20375 24314 919 23710 32608
8076 234 1585 552 4878
13938 16377 1094 677 7138
4601 11359 16847 711 28274
5350 14603 1072 2097 26446
24217 10994 2716 1324 20931
31255 64 14490 445 6064
32093 8544 19327 219 8974
21423 25554 96 18498 19109
3388 1212 1843 85 8457
10429 16147 3217 582 6026
17058 3121 13310 543 3666
2819 7143 145 1666 11025
30483 13248 20990 34 2569
3090 12829 2424 543 19056
2582 27343 133 3439 23424
20028 14699 200 4263 27926
2563 4558 67 13523 8965
31430 827 29905 225 29993
30089 6370 19068 682 21346
2297 24691 164 554 5498
31860 3086 9074 418 21804
14052 55 126 4633 28775
14372 10900 1716 120 12151
943 6497 1492 8465 12807
27708 11558 3317 1107 7820
20494 435 1971 406 6713
2120 28377 115 4528 2571
3802 1988 5557 74 18430
26033 12696 3201 282 4034
190 14948 14 26926 2470
7912 15698 1142 1045 4483
32503 13072 24548 126 25117
313 21338 154 13664 11050
32199 7618 27246 258 50
9144 969 1660 349 1211
8808 22933 5893 893 9898
1097 1427 2432 1676 21605
6558 10336 17753 94 4205
16034 17160 1607 229 25322
6818 2114 1486 1043 1526
2931 17449 14567 188 28420
17999 29333 929 17812 15462
23010 421 1778 123 14855
3409 19035 1003 988 16921
31343 8023 6726 499 16680
31706 3604 22578 96 6513
18494 17413 380 3553 21695
6183 10520 11038 177 15990
18492 17040 62 167 21694
8016 794 15 1193 26399
12056 328 16 2974 22901
1398 90 2019 608 12945
19714 13022 1165 169 2055
2924 15455 532 316 17695
2343 5184 220 1221 384
46 28037 40 21243 10815
29966 6151 29253 187 2483
24523 818 3319 235 27063
3362 13702 2612 716 21648
3611 10845 6857 159 21951
19404 17928 76 586 9954
19469 16036 108 474 12014
13603 11251 8438 69 1859
1077 3392 5852 316 3120

71
23943 14422 13012 3724 5631
28652 31087 10575 5604 30522
18039 28894 1219 25974 11557
2837 8638 1331 32056 9196
10198 3342 12018 11217 18431
26784 29261 16797 215 9496
20233 26890 4247 26353 13264
5787 3286 3072 32098 24395
4929 15967 132 17863 4188
10539 483 27861 2141 11674
23593 10572 27821 226 19753
2031 11528 402 16930 26845
25856 27497 869 3255 17434
27073 21040 128 3945 25360
16462 21982 7507 1974 15031
28138 18337 6331 8735 2444
23189 6102 5707 3189 22728
1410 5740 542 8487 9569
12294 20897 2266 10754 24899
4417 25808 209 11059 10635
9245 8330 391 6896 7180
26389 30864 2105 17890 23596
26272 11100 21722 1279 29610
28757 29650 16862 1374 19555
31118 2898 23964 6192 15241
12501 32068 2606 11775 16214
2332 711 546 4654 32287
15958 15451 4819 3135 7723
10698 21572 155 5493 29111
9384 29707 1354 23494 24662
25966 25736 631 803 11558
921 29889 1012 20807 20409
11843 28684 437 25762 23887
19005 19417 7530 2360 14652
21767 25910 1793 712 9069
23372 11190 407 6857 28196
16567 30174 1443 29146 7954
25109 26728 166 17720 25298
19300 26500 491 30353 23672
16839 18731 5382 399 10522
16361 26916 1 4592 28160
25060 9675 4288 26 25804
27904 28931 7158 86 17659
4181 20858 78 4796 23970
27228 18319 17 8682 26420
32018 28765 6232 127 14006
11541 17034 2563 1664 6398
5931 1068 1835 920 5061
488 8890 631 13078 11874
15348 24557 771 23154 2307
2462 4 6366 604 28978
5402 19306 372 27482 1224
1355 18722 435 4463 9440
24379 3910 3522 745 15441
15221 15631 62 28203 4008
30139 9348 22681 1082 20011
30824 27130 7367 773 21708
28588 32676 50 26390 19183
29725 6143 868 201 15311
23374 3213 1357 643 28082
3578 3320 2009 2068 27513
9002 28825 428 447 18768
28015 12769 29789 415 3879
5279 26464 98 3838 28146
5078 8770 565 7658 16525
9772 14879 546 11061 18069
10870 20456 158 14535 26910
29 23080 175 23253 24611
20078 24026 1362 2784 20161
24712 32436 343 3818 24300
2202 30641 90 23365 18370

80
1992 18512 734 23030 3803
5714 20326 12273 15471 22597
7612 11166 11157 8586 17936
19841 32659 23002 23681 14153
31020 3455 4228 7589 28961
21198 6390 6745 23436 17676
29789 28716 12891 1706 17938
10887 6684 4542 2406 12724
30643 15648 7850 11 14233
7552 720 30841 416 22262
31797 20556 7183 6177 8075
5730 3060 1339 6180 32030
1754 4026 3493 2544 13276
26398 2586 23338 220 12372
29914 13229 6237 1225 13889
3414 31331 1218 11011 31316
5187 1389 26847 233 31772
18925 6136 6000 47 25773
8642 9799 3935 782 8777
15830 8808 5329 1128 11172
18654 31285 22379 139 17815
4183 1948 2673 442 12151
28623 15165 1871 6711 13713
7214 5273 3621 519 10747
18775 32186 10202 206 10343
31211 16525 25317 399 6956
5360 13575 363 3191 30745
18325 5123 3495 613 17373
28614 20191 9 2719 13389
1315 19755 296 11685 18623
292 17471 923 13421 31345
4666 26897 404 22309 22167
18929 26705 330 3523 1819
7748 4138 10 104 27969
28251 3414 93 5970 8836
8404 2748 11165 1433 30845
29831 480 8441 184 13067
3140 7469 2193 14907 7979
21034 1772 25475 349 24676
18942 16526 1861 2073 18975
2837 16509 203 9915 9999
3914 25991 5 5146 15257
5260 255 11846 61 10207
14587 4489 9328 634 7887
207 7596 405 8463 12534
19419 22454 783 2683 13629
29704 9317 180 3206 3073
28812 23199 1296 2864 27171
861 2420 3880 980 27495
18064 25410 124 14539 25117
25459 2954 30532 70 22562
28958 12754 23373 324 14483
30313 25244 13 591 10679
949 7039 523 2394 13443
184 32459 1744 13880 9996
6379 13133 328 4328 17028
28159 10159 18 7235 30351
28370 27706 11258 66 22148
24194 5311 1755 188 13932
30544 11380 17196 1034 31757
669 9580 1270 165 10277
20938 24883 153 49 21499
5473 32457 153 126 29314
19352 25719 339 2241 23334
31590 18360 9474 1299 255
3848 22951 648 1305 32637
19766 2857 2272 1147 8475
22607 31668 262 188 30729
31739 17368 32116 498 29105
5348 27788 97 15398 3064
31746 30781 964 444 670
24986 2256 19486 14 12453
4363 1250 599 314 22594
2210 1559 632 651 26719
350 31301 777 193 10305
30118 28054 21357 32 18896
3147 27777 171 25276 27143
26109 4602 1707 843 28480
11533 4792 3023 565 6709
19334 67 8402 192 25171

76
5294 29073 7669 28690 21138
17530 30396 2936 16494 9980
1588 1619 26959 8254 32250
13982 19159 30895 207 32743
26094 22513 10319 13551 789
1205 12868 22192 3541 14360
31555 19881 26931 661 17892
28780 5391 31829 13154 16974
25216 781 15870 656 13083
5051 10191 862 126 5161
12579 18169 14373 518 27623
6238 26298 19722 2403 7210
22343 10012 482 239 19227
552 28710 1785 6474 12904
18584 21545 557 2669 28023
19605 584 570 239 9251
5479 17887 3453 3208 10983
2678 32245 41 422 19024
15852 30659 348 28838 10804
4529 28565 483 29433 25572
15658 20092 3058 63 23166
22642 29552 2697 1716 8379
9685 10236 10291 1912 11800
1185 27098 1729 651 12063
21652 20960 31512 1099 24975
3636 26243 197 4132 12421
13727 19380 29192 70 24846
1734 23549 14433 70 32215
2837 17553 9075 186 26446
12143 20598 6427 1840 17234
1138 19047 258 3185 16976
293 10693 6333 253 6582
13480 29859 831 11825 8633
29262 19641 14565 138 18896
20857 32705 3343 8105 28541
14750 32546 718 20685 6840
28807 1797 29243 1659 25160
12206 25564 11568 12 6561
30734 3908 19055 696 6131
4992 24370 5660 1679 3085
26134 13844 1016 2601 27567
74 16845 26733 519 24567
16762 25638 8549 469 16431
20071 20561 10230 331 11050
3629 10974 4426 1660 21433
16488 32395 846 25840 10235
27724 17286 578 1726 19819
23402 19033 8492 65 3337
5439 22855 1762 44 112
18333 19615 9187 234 16462
20060 17653 4446 118 18279
7629 16598 19423 72 3246
9056 20878 2015 2641 6909
2686 18362 1631 273 24588
14283 23957 2812 610 18825
15088 29922 508 2379 2359
42 25794 1855 48 16530
15942 29737 4183 378 8057
22145 32085 411 53 16661
19839 23007 3491 1183 20992
25388 10345 1122 1563 13810
12142 25395 12268 23 24902
8935 12381 15382 335 10857
13074 30233 11 3662 12201
864 24959 67 130 4687
5267 949 7856 649 11989
28590 10540 51 1418 22378
3026 24324 381 21584 16846
887 23042 7561 175 1149
19370 1516 31268 47 8934
20378 18838 1749 177 9417
3186 23714 5914 331 26071
26335 12531 911 798 16505
80 26326 421 13956 30388
4887 296 9161 408 12936
14358 32744 4 15976 14020

35
18011 6510 18644 31927 9981
7611 24840 8180 10285 25147
5929 20827 501 20165 6128
7696 14470 6693 6453 19310
2807 1064 29303 2002 7450
2977 27754 2734 7415 21010
268 16962 779 12707 6260
16318 19633 238 3625 30486
6611 4895 6418 1829 31958
992 7760 10872 3337 17386
7178 7076 3800 355 7868
3065 4488 3879 340 26590
619 1383 2157 1883 11966
327 30070 622 2668 25462
2488 11651 9392 2287 27278
22808 4259 12637 842 4775
16235 27581 1169 12263 7905
1684 13124 217 17624 15250
4333 3969 10735 347 2916
14482 4336 3401 11795 22439
6583 25877 548 13165 13410
1107 31251 541 16018 6696
8550 21369 7547 2421 26488
17418 30583 373 21145 15877
28774 0 29430 243 32206
14606 17357 1435 2238 6561
22415 5697 2293 173 21883
3057 24732 1433 280 5354
24824 3930 7664 39 24073
2190 29548 574 16052 2304
8618 364 23268 238 24940
17926 841 1208 117 18959
20856 3998 923 2187 21108
2858 11318 2235 162 19256
18395 3627 2354 237 10039

24
21942 460 19870 28955 19511
4650 21228 5 15565 17323
6944 9600 5463 5476 28978
7962 21041 10563 16377 8513
8717 1674 7962 1668 29542
26228 32124 32283 11527 18458
2713 3537 7601 2028 2136
18794 31118 1335 10032 26334
6172 13041 523 27040 22820
5012 6521 11674 2939 16383
5192 29773 580 10811 26862
24101 30812 1521 4402 14685
1670 6579 2244 12664 18068
1964 19757 2395 24367 27982
4683 19141 1458 8776 13602
20094 18383 1775 3528 7235
20178 26930 537 27391 4717
15909 3924 5052 2262 9219
1101 25374 286 29690 65
25811 30063 15287 2045 28541
17750 71 7672 259 27771
14260 13735 3775 6420 19948
21825 31111 1488 25304 16005
1500 24009 10 9120 16511

39
16565 20368 1045 19001 30697
26006 24227 4367 6852 28076
20795 26796 2896 25901 23592
19377 6430 20586 12473 3685
1543 2012 14364 30290 15936
31950 20977 19635 9686 22116
32415 31011 25608 120 3708
24912 31314 15755 4687 7463
749 9956 471 27818 2202
15923 4277 1650 6622 3170
23697 478 32152 1594 31954
23528 21260 2969 2611 20245
11286 32684 4725 8875 1224
28662 5180 19690 206 8202
30960 2095 12888 732 24646
17912 31427 700 31218 8290
31046 4035 24990 966 3859
29627 20522 7174 228 29992
1918 32324 3247 6310 24775
13261 184 24451 169 31253
18282 2219 1401 723 20263
19547 24280 4110 1879 29164
338 3826 86 11279 32040
18058 858 2500 870 25995
18836 5719 345 31841 1871
2183 231 2783 1505 13193
18628 14937 98 20191 28362
19485 27639 633 26098 27386
8337 32454 2105 3614 10854
24993 18995 16491 815 27402
5181 958 8091 599 5846
25924 3671 3312 156 95
20961 1438 2521 4929 5998
31463 131 24635 29 29000
20048 22596 556 281 21143
23689 3246 77 2745 10064
17878 3328 210 25178 31742
26109 2644 4007 214 24899
18372 4110 970 249 1462

58
11489 26928 26842 25289 1571
13526 14828 9419 11449 22137
783 29820 7318 18775 17753
28372 13289 569 10317 1526
31229 5271 32488 9861 32049
3988 10278 25330 2868 5614
13038 5500 18128 1481 30259
22183 1026 7849 641 10177
30422 15525 22871 5201 24035
23883 14682 3652 630 642
1923 561 15155 2941 1377
7 8971 75 12499 13521
8495 15282 2168 20074 13367
31413 21121 27048 2753 27961
32082 1336 13668 315 11475
23361 24270 20111 960 15296
6087 7873 11940 568 26802
90 7234 3426 10605 3386
5763 9108 5616 98 4584
32176 3637 22876 243 12662
4520 15426 2884 2369 2032
29592 10181 382 13831 9725
1959 26720 4175 738 20983
6615 21163 873 5616 3276
9411 4845 3522 2807 20779
22907 3030 19726 316 15134
11630 13704 10585 570 4233
29491 25235 7923 966 6955
25316 17245 2390 2414 14989
32611 26212 12085 374 20996
11661 19871 1130 247 14006
24549 23142 3592 551 20328
19017 4418 30824 759 1717
20659 7510 9209 1946 32401
2408 19111 3249 5743 9745
12075 9460 2013 72 10688
19378 193 26058 511 928
8022 16273 235 7082 8253
129 4201 7815 2778 20811
58 3527 19391 621 24403
481 21920 1147 853 1909
6567 13710 280 494 20863
7784 14574 4940 654 1318
17106 2356 24555 611 31377
23568 14291 278 919 17764
22849 1679 11186 527 1756
11011 24462 1877 1786 3475
23597 20457 3407 2109 18242
24280 17241 229 773 6278
23133 16365 4497 603 30925
207 21353 41 752 15224
19858 932 13352 33 17052
12709 23940 338 281 23517
256 25179 821 3800 10893
9984 9728 14747 231 18656
10699 29559 213 18631 21316
12987 7311 249 187 610
18425 26878 25371 49 24029

64
5688 18956 17906 2448 24698
24411 23819 9590 13938 30904
30309 850 4188 15553 12345
13954 4572 2656 10001 3187
693 28436 17284 18042 5625
23049 17653 31850 462 28943
17478 4841 1275 1919 23993
3470 8928 4815 8576 20320
18626 30891 2291 12094 20834
24193 32727 186 27791 17922
21092 22823 487 32132 25159
31758 18397 1633 816 18722
28306 20411 4146 618 12957
3712 3420 3353 35 23220
16837 7385 2730 3003 4584
811 5198 11780 3696 26032
7029 23303 10180 355 20079
15317 385 2758 3401 25398
5763 26626 11134 1746 23149
19814 6502 3690 3336 32291
25979 1863 2092 9298 15951
22701 13221 632 892 20968
21980 870 5330 229 20571
29435 9281 603 7608 18511
9727 17913 1868 387 12924
3193 23416 3162 193 11344
695 2080 7299 244 133
25406 14398 3590 515 11007
1000 17807 4488 2307 9677
22828 32623 272 17503 29071
21793 22046 456 18070 26039
18450 22977 13 5265 13435
18797 28193 16 2510 12001
490 25583 32 26436 14180
3122 24517 14466 1692 23370
21295 15250 4197 1128 15262
2138 22677 15802 379 16027
2525 23773 4055 553 7135
30424 371 30621 477 20694
8930 9392 3976 3622 25865
9975 18482 17631 301 31475
18614 10579 666 2013 32130
23569 21552 2161 894 16853
24120 31225 20 6234 27574
16236 21421 6412 319 9124
14787 16414 3799 1533 7304
18217 29583 327 26962 24523
26684 22592 17083 165 2051
23809 7317 286 2407 12241
25030 19484 331 989 22965
25842 21497 26432 1093 221
20651 3619 992 940 24301
22751 22883 18905 163 26932
24008 25891 96 5162 31738
8351 3972 517 103 2367
22425 31073 324 20632 24983
19429 25067 90 3636 18722
94 32263 15 4379 16383
19370 23725 1049 39 28664
23655 26124 28 25373 25593
20567 11070 497 3094 13728
20068 16402 6325 377 15378
27889 21206 30378 87 25281
8877 13066 360 3930 21524

66
4959 5846 2751 21001 31054
16881 3115 5696 8490 6813
24219 17613 29221 9983 31676
25723 31633 27924 28523 12850
23860 8739 17532 4016 17992
3349 8026 314 27520 12074
17304 21966 5671 12570 18809
7429 29764 9555 945 4648
13540 14183 30666 1104 17758
15252 18536 852 7365 26243
29156 5387 21230 173 26862
8018 1061 2131 7624 2461
1514 23959 1364 30654 16845
15183 30779 1650 31948 9970
11532 15649 12216 1569 29770
18397 453 28079 1790 26145
32144 7453 7815 839 15996
14442 21334 394 6969 15800
4642 29656 7417 59 7734
28483 5674 2091 2616 5970
8584 17710 1660 5824 7841
10340 286 1538 3981 6644
32055 29271 19092 824 7338
125 28613 120 19244 27477
4502 31833 7597 25352 27747
704 30464 630 14564 5852
16996 23374 90 331 12265
29197 3877 18310 601 11560
13541 5155 3223 289 26748
23523 27602 2213 2167 4494
13710 19699 920 604 4714
29911 12855 16526 720 29221
24266 16134 21726 1441 6826
9275 14145 1710 1048 31030
11115 27379 83 1917 4750
695 5953 2087 8149 30679
31717 6564 11775 730 32375
284 7945 370 30039 6458
12625 2471 2996 1236 31309
13798 32234 1140 18242 25863
11524 7581 3257 5342 29561
26166 29928 5588 1464 20741
9794 23670 4305 1421 28125
24298 31506 1042 1055 22654
30573 4873 9402 326 14649
3891 8639 1061 6021 21410
79 16653 23 219 16343
23440 5573 1315 1027 27562
12704 626 1131 158 10080
28757 28493 14991 312 28962
10580 20621 3751 1979 22082
1331 20621 642 1158 31489
9068 16042 2131 802 19842
2952 4416 67 23271 7017
10413 25640 30 2746 12896
3546 122 811 1753 17985
3027 11027 311 20756 24788
3679 25649 361 17512 1895
24640 6957 2719 585 5429
30758 6252 13814 310 5898
177 16482 96 1506 7381
13538 1041 4609 677 31371
12236 6095 630 739 1830
12968 28373 719 1236 16027
15321 10423 45 2438 16509
1272 1764 762 2903 13776

88
19622 6171 18539 14880 27911
19565 21845 22276 1972 29594
6262 2279 4215 19792 16791
15251 28579 28713 26144 29840
2101 23212 3042 3488 23218
1356 30205 8352 3 934
11492 5208 3637 1308 21344
30520 1898 13031 292 13701
12086 20095 537 20827 2578
2711 9845 3148 2911 9614
22062 57 5618 1000 11416
5221 31182 4409 3064 20712
13908 32159 1242 16388 9060
16156 7895 1860 15438 685
4337 27815 1092 229 13704
28538 1261 814 723 12824
216 9280 517 10923 23813
10885 6156 590 19508 12525
3766 30333 1249 28150 1448
12689 13849 714 7754 21952
22879 26504 14845 1021 31057
17554 3027 8450 661 5290
27033 1991 3071 1343 24887
1482 26713 9269 699 15051
31091 3437 13820 1736 3371
793 6837 488 12395 28151
1183 31282 418 30599 25389
17522 4282 6667 70 8444
6755 24829 845 1400 8533
20861 21076 20889 220 5262
16754 25697 15661 619 18047
18602 11628 916 4545 7037
32159 1310 20774 497 15257
11318 31229 146 22988 4384
11711 11919 1045 1360 7979
13928 12639 1050 3959 14183
27179 24475 833 286 12039
2646 4851 162 2548 31759
3116 5603 1861 3391 7140
9970 30477 121 14377 4526
12663 25518 630 21830 8462
29268 24045 24999 158 27705
28063 28072 25621 294 15644
10794 140 2343 4800 30630
13673 11729 1249 844 28644
13132 7242 1621 2195 29286
15543 4660 352 1829 21871
19444 4356 5969 1631 27649
2621 11036 40 1149 11716
26000 24779 1572 877 27722
2629 13189 1758 9271 14319
13636 26916 6815 457 28838
10468 27724 598 5411 15595
13477 25732 37 15798 23833
30773 350 29654 322 15987
1426 7498 197 12827 14262
5925 22254 178 1020 1165
11141 25973 577 1979 28832
364 31243 678 2271 28613
348 857 490 5643 4566
14423 359 5870 226 3417
2095 32370 725 6620 6950
13311 3743 9945 527 28721
6871 244 3262 1328 1496
2687 1999 1351 2203 14230
11861 28195 149 24670 5528
27805 1108 25383 121 14354
26243 4507 3485 167 5514
1787 32099 209 10499 9642
31085 27607 32505 351 5631
29766 24461 13138 293 24181
22519 24177 2975 176 12386
4661 17892 372 3739 7311
6353 27891 2111 116 17914
14636 2162 10734 319 19185
819 20977 551 6186 11872
14022 1404 3941 188 27638
2855 31401 326 32245 26244
12645 21710 1770 191 29490
19487 945 1626 561 17255
13309 10699 1781 941 8466
30183 21513 24384 183 30511
32214 24974 22466 260 20946
12275 8390 837 1362 26942
14724 19854 819 2730 16901
19307 7013 131 2491 23885
5953 8785 267 2702 19618
4504 1564 821 2412 5618

98
11526 347 23356 3307 11808
2858 18365 5597 25382 19132
13462 23151 8965 5526 10458
32347 8031 10601 3833 12912
28170 8688 2064 28266 22173
32324 24606 28229 20895 17234
13655 13299 10294 8601 32670
14288 9204 10702 96 12153
2103 4241 12726 2520 20525
30110 6224 14011 418 16742
525 11054 1425 12038 6906
12500 17056 256 28680 21544
18549 30614 9415 23082 32016
10224 10239 520 9662 9179
9619 13720 463 14470 20923
32580 12999 16202 9615 3206
26500 14920 1237 10839 325
14435 28933 3524 19590 22130
2029 11840 6278 4836 17767
20677 6601 4701 1010 23218
23952 10272 3818 1680 23870
31576 23080 127 23891 20162
1228 27640 717 26736 19346
24983 26677 2637 285 18582
9144 3913 7416 112 30570
30745 11525 54 14903 5415
10195 22684 1122 29472 2920
12248 13239 67 25556 10352
30576 4999 18111 398 21231
9359 26400 196 9217 27964
9663 29977 295 18203 28055
24125 8083 4563 250 26555
3409 17694 5112 215 14694
16117 4639 11486 1377 4423
11772 20303 159 27072 16477
28704 7385 9316 144 32722
15584 10589 2630 353 26561
18421 21906 3860 371 15315
16398 22476 2723 669 11549
31955 22926 150 1224 14725
12033 30854 169 29979 101
25060 13859 415 3829 32323
22923 22620 125 7823 13416
12673 9983 452 233 20878
23271 4101 31804 340 3968
4788 8685 410 2807 17509
279 19565 23 30857 6033
2574 24596 240 11332 23685
8683 26740 386 203 12868
1394 1243 243 1958 1229
30953 8147 313 32648 28229
6482 1613 2061 2088 6512
25809 15020 391 1633 4999
878 3693 3703 504 2184
1063 30302 100 14018 29448
29750 3878 11232 197 26056
13053 30719 745 17286 20496
8434 8181 105 2629 24567
12394 12053 9615 478 10286
30844 5479 4911 691 1604
12723 7473 5863 1575 12401
8242 105 3217 1246 7198
762 32651 204 23324 10529
9144 31032 175 4825 24922
10141 23927 36 7138 3082
23426 12971 1091 311 4180
29796 4735 3068 143 10851
23124 7822 13835 4 31225
23212 23532 469 5071 4270
11256 8083 1040 2592 18698
491 3049 33 12237 29437
4444 16993 4099 313 27316
31918 27778 194 18302 7364
23101 9559 5003 470 22000
26256 7180 17277 105 20251
3071 8116 2074 391 26065
30284 22793 38 1793 32587
167 30437 112 18091 5204
12628 7184 7168 180 30271
24080 19592 2410 5013 26003
22136 10014 792 2968 19010
2782 225 4730 759 275
24783 27928 1199 1223 31577
12914 28078 82 11 3046
12349 22660 43 30833 4061
31309 26689 122 15620 13690
30409 28502 193 23095 26592
853 5100 1233 1812 2729
15142 4492 20457 86 23537
32723 12297 13444 371 32372
11207 11128 4987 865 25681
14173 3657 29521 2 31487
231 9325 11 13842 9997
600 7151 1464 352 3410
32240 23799 7709 232 25345
20979 8393 2088 786 14644
2441 20033 3 25583 8642
14732 308 19685 4 27008

20
20373 22579 1662 31194 24829
29731 31856 3066 23290 20564
30635 8228 27947 3314 19060
12961 29534 4935 14049 1285
26349 13993 6088 12644 25559
19783 2212 2303 17805 6199
25069 3851 6955 1935 28293
706 7024 14646 13348 25475
616 28395 1839 29162 28763
4383 23780 5625 1596 20698
31877 29055 5638 1469 10145
22192 23509 2188 1377 8099
3300 24308 813 27126 4908
25817 28090 3626 12628 22870
1962 3384 15807 1732 342
9919 23186 9154 229 19285
22357 5953 6321 7731 18407
12189 28622 31 21746 7127
1278 22954 1135 692 24920
2095 580 24004 56 883

49
30738 28360 13720 11008 19762
622 24264 28906 28007 9721
24082 3204 18539 7346 11991
1532 8707 10521 15500 6529
315 930 15222 3024 21614
21894 2933 26713 201 26769
30563 31175 146 12737 16176
25007 17690 13156 144 27615
15707 2768 342 15806 12937
14521 20546 17627 2083 8966
30041 13924 22074 326 1578
26448 18364 25009 218 16436
19547 17651 288 2282 29200
22156 12117 16449 1369 12652
3643 15 1037 19 30382
15656 23507 11005 234 9748
29404 15844 21797 966 16992
20389 1361 26821 367 15636
16274 22846 12919 577 22001
8736 4629 2859 56 3728
122 3760 190 17970 3564
16203 516 1442 4187 1190
29718 31859 373 31444 3446
19799 9829 924 4353 7970
32361 18885 19925 3307 13514
23126 10994 9685 824 1120
2950 5156 11030 2962 4889
13578 13126 918 1418 27445
32549 11873 9797 194 29185
31306 24892 17975 1858 31703
423 18790 198 29954 13993
17458 15707 1628 791 26142
30661 129 27028 176 28625
18089 4362 217 7881 11856
12170 15087 2659 3593 6211
644 3999 346 12401 26627
30940 24661 16312 152 32655
19097 4704 3939 3462 7433
18366 23888 21782 2 21875
24693 390 16759 935 13502
17914 18913 1597 551 8157
20506 2249 25634 278 8112
18419 4238 4066 424 11141
29512 23373 8047 427 9598
30189 17335 25976 199 1879
28077 17001 557 106 9924
14461 20447 5590 10 11221
30243 27624 7642 629 2238
24948 14614 2274 2518 6305

87
31379 25210 9933 30893 11702
14610 22597 13511 14110 22002
22444 6662 2808 1487 2871
3916 21780 5587 19388 30275
19397 8953 31831 6466 13726
9657 15040 4817 20510 26348
22417 391 23637 460 28657
18042 15591 18489 292 4525
10277 8066 2411 736 15202
14712 3503 28114 2240 20707
5023 6262 1706 1042 14658
4216 1760 4963 406 4855
30347 17298 27223 2088 1354
3222 1117 238 5180 24897
1652 31822 2206 20033 24851
17657 18866 5822 3488 32724
3668 11515 1883 8878 10511
6854 11482 5909 2218 11785
15306 12546 2115 8818 26106
10295 389 5353 834 27485
28822 24483 237 26606 20410
28692 22236 11930 1932 3808
29410 24932 1696 18264 11224
2054 8808 11927 2425 1588
4415 2786 24960 325 11401
21695 16398 16002 558 14720
9545 6102 6738 1835 7078
10912 3761 2464 1058 28830
30035 21163 5850 211 32203
699 18169 415 4541 24225
14598 10033 3580 683 12955
11295 2638 23004 16 5450
180 22893 133 24613 18555
1362 10415 61 18960 31442
6816 27 419 1490 17119
28322 23685 304 28261 25241
21675 1659 9351 156 6044
1165 5155 80 2286 28120
28980 5754 7865 632 29625
20556 3151 959 56 29408
31369 6452 4109 225 1143
1984 13378 30 4371 1672
24364 18798 4491 59 3078
4 1249 603 19694 11941
2236 2081 394 4404 1653
31815 19659 6832 287 29225
24910 17006 4440 1386 8113
25385 1025 9188 485 8212
18710 7676 1995 330 24250
17139 6089 2343 542 6644
26634 21798 3240 81 21180
515 27833 746 24140 20340
29845 19982 20829 749 15281
5990 15401 1866 5273 4038
28633 29190 30 4777 29824
26564 7695 14745 687 3966
8304 7574 778 105 29125
2049 27620 1031 2276 2160
22266 8229 558 612 12804
30373 1863 22675 325 32481
649 11624 508 1562 12255
1621 6428 53 21394 19118
25778 19623 3114 1129 24706
4620 5024 3096 69 19311
15266 8505 611 1478 12521
7778 99 15683 42 9294
31011 8809 32723 18 2380
30886 24676 30988 223 28594
14914 12320 3111 158 1349
5686 1528 24945 116 14867
2248 21091 2061 76 6606
26793 2450 4379 29 5361
15726 2146 7514 297 8457
15956 8460 4249 452 6656
25545 5814 1538 1234 13179
22381 3314 7735 90 21959
6837 3518 2698 862 14438
2056 11381 242 5281 25293
30204 16090 16942 26 2440
5078 1218 391 141 14247
2050 23167 1616 2550 22246
29431 8442 3945 295 16762
7350 5385 6559 156 29979
24162 3166 2836 93 27119
32080 6740 13795 791 5319
30372 20880 5698 121 11997
6698 14434 1379 273 6374

96
20871 8516 6832 23217 9039
17649 22083 535 29936 14426
4720 30848 9306 30683 25751
14587 3104 14801 5139 4415
31331 22462 506 11024 11353
1460 6851 6429 6061 22681
21678 752 4713 752 19320
32440 27870 16237 4783 4678
8682 10272 11122 4175 17198
2537 15458 1196 21085 25741
32355 2111 429 9231 21974
32628 12139 2610 6404 12683
23332 32210 3141 21993 20660
29035 15916 2397 3361 9404
4517 1184 16584 1524 24247
15492 30769 1376 9952 2603
32242 22461 3913 4935 23323
32 24374 211 4307 11773
11246 15099 6057 14030 444
6884 25768 3027 2080 64
19584 32319 122 16338 19044
78 29763 1394 27115 5856
7956 4750 2899 1116 6246
6528 17023 2750 4543 8499
32229 975 16163 36 5527
26931 644 13009 160 16578
4695 19987 1319 3269 27723
27913 27085 2231 12109 10429
30624 5736 933 2722 18240
1648 20069 78 12585 24321
20325 29433 246 7624 8229
12061 8888 99 354 9743
18707 28984 274 14037 11013
3886 16532 59 15020 86
18705 17853 236 3641 29300
21528 32247 436 28510 1262
1742 31047 176 7659 31750
21607 2340 3852 299 3774
27716 9003 3120 6111 4296
26349 2456 2035 189 1538
2036 15825 495 31013 10947
4270 625 6368 541 12735
28982 20372 1724 5230 5128
10035 22157 717 2514 24936
4552 16039 1002 1901 7726
31024 157 22189 423 25256
20053 12235 249 20521 28702
29520 1412 15674 213 5313
48 3689 7887 1756 25509
8838 2919 235 1561 8916
14676 640 4244 447 4985
13298 6074 1177 452 22942
4217 30342 10226 488 7811
30647 28010 312 12490 17426
14088 31384 1374 14873 23667
21124 32668 369 28682 22947
17316 16781 611 1178 4732
853 558 453 399 28081
31655 5741 173 14378 32040
28562 15275 212 3948 31257
19387 32491 89 962 6233
8255 22079 963 1310 14858
19250 23016 67 14887 22605
768 11218 230 11772 4340
9699 8074 2267 1032 32598
31581 6894 13 3051 25234
4288 14366 1393 1507 29504
8511 5945 3060 1528 15041
30169 29361 111 7123 18298
32120 17207 35 4757 25745
10534 28581 165 800 29290
91 6333 101 15673 22725
299 17860 414 7314 24027
1482 13933 2120 476 14435
6294 246 12413 32 28161
16506 9548 1171 311 12498
30188 3394 2114 1575 27130
24923 1550 3587 43 1802
22440 32542 298 13545 17012
4245 28003 4283 1692 7592
11592 4838 856 848 12272
17368 18446 109 24890 22081
17537 8478 3129 127 6556
17960 14686 635 7383 4825
1133 3 28607 194 22022
8550 9308 5752 156 11385
12304 8584 3954 47 14904
10155 16004 401 4432 18510
22064 31820 138 11851 23304
10399 25504 562 2026 8684
6605 13841 1627 176 196
20686 27000 91 15805 20836
387 26279 848 3081 19699
4351 25155 1662 1000 30407
19518 19202 443 8945 5083
32185 860 2077 17 28668

83
28346 32690 18674 12388 18793
1400 7269 5381 22236 8801
29903 8002 30727 20559 7909
10309 27491 601 32376 24904
18965 2920 6348 17140 14898
1001 30968 7339 14497 24704
22706 26197 4339 26616 10747
6948 24641 11727 1638 12560
25374 3669 29988 4301 28995
11623 28967 8865 30130 27896
13666 6873 2725 4187 7895
8642 544 17192 280 3554
7680 5512 4135 9625 6788
8720 26577 1326 11499 4908
17016 7062 1561 1007 13694
13363 15162 316 6816 22055
7571 18816 3225 5600 19659
16616 20918 1259 867 9444
20694 29480 1375 18980 5323
20900 22595 8859 873 21040
28552 1802 8249 765 10089
26523 2880 5681 366 4725
27470 29758 9531 906 22200
27145 25972 1931 50 26021
2587 920 13992 2196 13418
16154 13441 1464 379 29930
1808 5403 4841 929 3398
12327 4111 731 18138 27109
13279 113 957 67 29472
21288 1401 2111 816 22337
6943 13154 163 6386 18757
10969 19843 1011 4359 30099
14689 17142 39 1975 3274
23241 23544 6201 1529 28518
28393 8161 191 4167 25335
26881 1247 5894 122 12501
27773 792 8214 217 26824
29319 30960 361 1047 6702
17107 15210 96 4736 12677
18311 1242 2442 562 3581
20423 21061 5834 494 93
29831 31444 8304 960 9298
13732 12298 4869 443 1047
26547 20233 2650 861 23199
16583 2084 1104 3766 20916
26045 10404 1832 8613 27904
9095 15551 1615 1572 23689
14190 22731 5000 135 13522
15560 39 30725 236 12648
15202 20180 5976 115 23459
3355 4153 401 94 683
132 4397 867 10782 16395
20557 24744 1699 192 15016
31521 28988 27042 448 16681
675 19132 114 31039 13627
11866 3513 462 37 455
20091 27485 2148 253 26644
2268 6943 4368 323 29188
101 517 28358 18 49
29048 17288 140 2646 23338
16500 21916 13241 275 24740
12480 26845 1210 2099 19847
24048 25549 5181 329 12734
28454 1532 13047 259 23446
14736 3482 974 680 30826
974 20383 1 22985 22622
30069 361 28117 98 26425
7352 5663 107 17905 4170
32550 2825 24213 4 624
28718 8338 863 955 14926
4599 3459 4039 1649 21893
31303 28598 16168 66 12949
15078 14469 1141 4591 5775
13651 23414 923 173 6501
19064 20906 6775 150 14741
14602 20431 1567 67 21450
30400 32487 16298 171 18167
11297 28791 147 23837 29780
2261 4373 1134 716 18532
28340 26525 85 2246 8409
225 17656 66 17953 8700
13359 4550 1832 1277 6207
10806 15497 423 313 3123

75
14804 3614 1920 3143 28702
24393 11813 26406 7001 12620
10046 28605 25133 1602 19011
3508 370 1095 9930 11948
5427 23668 24580 2445 28599
17427 19961 19805 1754 18068
18592 14111 4631 2627 20789
19947 858 16330 5619 19450
22406 31429 612 25315 14595
2336 30016 7351 20413 13205
26046 30945 14994 23654 31140
6447 8865 16648 3600 25838
12393 31185 8384 2928 12818
401 12774 15035 10281 1995
22424 23006 28584 487 5123
15616 17066 6510 2695 4347
31726 7523 17805 2272 10013
5490 5414 2758 1892 1533
25766 26246 8859 300 25912
23151 32369 1786 18398 3365
22337 6817 8100 1701 1332
27945 27492 11328 310 7462
31183 24368 3554 1658 27419
535 23590 21556 11 3182
437 23663 11 30730 11526
27724 10632 15142 1162 24341
28368 22355 16345 521 25190
4949 477 479 6462 24159
29765 612 15540 44 15675
9383 3998 2804 117 21718
366 10515 2933 909 31742
20937 28453 25849 112 17188
7360 26586 32076 617 26023
21009 30990 665 25253 9189
6057 28812 1952 1053 5292
10173 6476 1868 2225 10242
919 31357 715 270 26165
31139 19479 3938 317 30059
7349 622 2439 2015 23709
17494 2750 1730 4719 26602
3973 27360 23591 60 26225
10695 4446 1010 1498 12841
2151 2027 1063 2121 5584
16010 13390 1687 3631 28800
2527 23801 1901 2745 28430
12769 30538 2224 144 25067
17184 22078 21633 216 23714
32046 30322 26941 330 835
11714 165 7321 26 4079
15618 234 2649 333 27293
6440 27473 1226 623 32133
25117 31360 693 18796 7412
29570 8717 776 1270 4220
32757 24139 12442 43 21167
30550 19092 28744 18 28786
10545 2209 6425 837 14902
5926 27727 152 925 2397
515 30026 14 20650 28687
11114 32577 581 20947 7369
11120 26329 3427 39 25252
16107 7672 626 1110 5156
24063 10530 260 7345 12836
15066 1152 3375 298 32341
28350 19189 15022 85 19229
17016 30759 8837 217 20105
46 7806 214 8868 8359
8425 28048 707 1698 20945
15591 28112 31979 199 23962
17547 23301 483 276 20502
72 1011 1371 984 18547
21892 31834 469 29538 2287
25390 10238 27057 356 15448
29970 27900 414 71 31120
41 26598 386 7974 12289
29032 19308 25364 50 15625

11
9059 3751 15813 29534 2216
27061 23103 10818 32579 29520
4627 26075 4133 28374 3785
29509 218 18683 5672 5474
82 6523 3120 32757 28076
25928 16280 3475 2192 13757
27725 20643 23215 2258 1348
30797 12098 16041 1620 21918
30447 14523 22701 333 1210
5282 17494 1700 2153 12856
29001 9247 6191 2742 10663

7
21910 7866 10805 26108 7984
7132 26863 12579 27309 26184
9885 9697 1655 6846 2112
2486 13981 3904 21572 4514
32203 224 3561 3363 8419
14234 10227 4300 15172 5320
4268 5629 23976 1917 12398

99
32029 6792 15186 20996 13875
5764 32228 25083 3458 20538
9962 4584 7193 27449 1844
5197 22105 3672 9636 13529
20839 10876 6832 9512 19513
1349 12222 3573 4445 18479
22052 22397 2185 2450 28572
20056 6352 7085 3064 12637
18656 8472 961 22341 29166
13631 1323 25183 1994 13475
32141 28661 23320 9677 26562
526 9141 384 7500 29197
27505 3691 31008 2569 16481
316 29761 97 32421 25949
4869 2050 3593 3625 21405
1265 29177 2201 3647 14509
3476 24870 1234 3410 27959
25032 26397 3107 2286 28196
26099 21119 1169 2341 25919
8935 12969 692 18379 32595
31165 9127 232 1174 25071
3594 17348 5206 3731 22638
101 10161 119 10194 939
30294 12094 1047 2764 6943
12519 888 24536 430 7607
2250 10123 3961 524 1644
20210 23141 1305 7237 21909
1170 184 27926 441 523
4692 7194 5160 2890 27054
28448 10335 734 4635 13294
30963 20993 1013 23287 25286
30447 16187 1340 187 26409
1929 22059 48 657 29582
28544 18349 1604 7193 12542
4843 16722 60 465 11276
906 20184 738 7191 2796
27688 29571 414 183 1374
27497 8816 1312 565 9788
1316 17058 265 2848 24361
3796 30501 6 1237 10561
5792 12948 845 4119 26313
2245 8135 815 730 23713
2040 22044 1106 4923 12179
26260 30307 4257 660 20900
691 7267 719 1476 10276
5324 10819 3511 1091 22680
17271 4148 5935 666 10099
19794 15344 566 6258 31816
17548 9230 899 15973 18545
30169 89 14039 401 17972
883 16873 384 2054 16905
1447 1544 216 9026 12133
24034 29910 1202 679 15641
14731 32181 9627 41 11118
12152 4341 755 72 2638
5139 32101 346 618 12897
28513 26305 2101 1745 13573
604 25538 96 7619 2776
2825 2771 195 4409 21115
417 21319 127 11595 30914
6778 1335 5827 461 25299
22371 29158 1030 1886 29726
29311 6647 24271 121 9499
24595 4010 2576 719 5740
17166 8234 317 9283 6686
23255 25036 1763 807 16240
9638 28307 115 75 11787
29804 7744 844 4224 18446
2718 698 9036 79 24779
20932 21513 1091 875 30622
7088 12421 363 4089 4668
22207 31369 7784 524 12942
19464 5801 7207 57 18511
24973 22532 553 139 24229
3408 22976 178 330 4265
32428 6311 21397 89 14545
4301 29443 659 10303 5461
777 21859 67 4233 2293
27496 22912 577 3476 32450
31919 12098 39 651 20311
1855 4828 811 2299 707
3244 18038 25 8414 3447
19991 12292 478 2211 5579
31992 28044 108 9897 12617
3822 31763 124 14567 803
14186 4018 2850 555 15990
26266 642 31409 27 28907
228 3265 1197 3027 9553
9458 11380 445 231 32517
2086 17243 924 3883 25018
3329 1846 1433 4629 10661
4532 919 4718 407 17792
3966 32554 257 20892 17240
22574 22066 1870 107 1527
12545 3818 12066 80 6202
173 22343 235 5975 1792
23911 20672 99 1184 28139
10063 3415 15238 274 11602
24339 22384 1085 91 30686

34
10607 24724 30217 12719 17565
7434 16544 2153 14750 27580
10209 11721 19753 9967 20574
19828 21785 30815 1569 17293
23891 3813 32061 5438 8081
31966 12112 28202 7677 15500
2877 7692 718 12908 10644
4864 1852 380 5270 424
17678 7785 4387 3715 24556
17735 4299 5670 2831 10072
931 13499 823 5991 11552
9716 2755 18196 857 9876
25446 1289 11752 1380 22104
2159 3322 68 8665 4144
3600 7734 53 14615 28480
4202 32473 5704 16819 23677
317 30666 3563 9566 15341
1342 20902 759 8604 2899
9878 13216 205 6999 26811
3929 11009 4991 3923 1245
22306 10232 14473 461 26766
12017 10226 1603 1025 8872
4068 27861 36 15746 32375
6472 4791 1427 4151 1174
16641 7301 5682 363 46
9995 23478 18912 783 5104
15249 238 3585 1785 21611
25501 9332 2106 629 6603
4813 16255 1558 380 16947
17092 7992 84 3530 22138
31754 9329 16150 392 22851
26590 3631 5070 168 19109
3073 27316 691 2271 3217
5044 18522 917 4238 3863

22
6800 16317 31590 2441 5049
12176 25668 18217 3692 20482
2484 9968 2179 14442 27013
6067 31961 8641 2989 751
28558 22275 32084 3335 19439
27310 30900 2607 3910 20186
8158 2123 14770 8869 30920
27168 1728 15126 10984 29351
6018 20083 3557 10349 32040
15173 32095 12061 17649 2233
25689 13133 24695 918 28757
30857 27436 336 22126 11110
25436 3904 1352 8259 22925
14211 324 12006 829 13493
583 27474 5085 9322 29865
23217 19619 12669 787 15696
14424 13171 3546 2863 24201
2173 342 3916 4957 30464
11209 22969 14994 638 11265
31247 26873 10231 19642 27249
4464 8306 2811 165 19463
14804 31242 262 9386 8611

28
3697 20240 20408 31779 18925
3294 3788 31154 13340 27645
12987 18466 8600 675 10220
28446 31970 6624 22899 23235
26247 20001 14517 6722 16753
14465 2205 25587 1186 2413
1350 16923 81 23614 26298
2433 20342 842 9892 20549
7949 17410 3237 486 5011
25567 32528 129 12943 10995
2074 259 1343 278 13213
6851 1773 4236 972 19045
581 12483 299 31223 6261
26694 26882 29392 2641 23101
12981 579 18636 259 29332
24535 27706 633 18999 23935
30002 30082 17284 1433 12345
25088 17924 297 9050 26202
6496 47 6913 319 32023
1653 6730 926 4503 8314
19170 19399 45 231 7015
1530 19375 831 11317 17750
3744 17717 4041 197 10396
28065 29590 15609 190 148
30482 278 8933 22 23060
969 22115 149 7797 10272
30009 31732 28847 111 11596
27762 31470 579 10967 12428

51
5861 13761 5283 22284 32341
23010 15410 15054 259 4152
18417 26834 14239 19738 1142
14989 19653 11411 3960 20172
6529 132 12632 11188 6853
25868 2222 5483 4858 20200
14898 18396 8512 927 28624
3992 26225 316 10312 3215
17874 12102 11039 2220 20397
30055 8275 22205 3874 3958
30599 20791 13872 4761 30483
31936 17478 30962 2592 5684
1652 18760 197 30355 11212
20643 24659 1693 224 17182
12289 25110 3925 29647 7598
28108 1211 27772 445 9694
681 3471 1835 12252 2026
1198 31133 345 2107 25669
3762 19532 1949 2297 31719
11754 15815 3876 607 29738
498 22444 1137 2744 20173
17458 24984 51 26669 11341
2947 8066 6 23718 4401
3609 9287 2283 1511 27883
30376 7457 5909 80 8654
32070 1939 5924 4920 15378
29391 12538 9944 651 3131
24468 16134 6497 1961 20092
4391 22718 274 12664 28688
11193 27836 367 1294 6716
21103 4110 3146 5242 28848
11885 22087 41 26088 29547
25344 25793 24256 47 1552
28869 14882 8188 15 25760
24783 9476 1828 2231 12184
24333 7585 29079 399 15691
12624 14606 8514 780 1135
11180 18144 7757 221 13013
19854 3369 582 145 16509
21190 2292 3438 225 531
31909 415 6031 277 13488
22777 26035 18406 791 31574
3247 10823 2401 1503 16052
3457 7644 391 1474 25362
19696 15930 3398 341 25538
16287 29023 693 8996 11247
19753 5592 885 5647 29850
85 8535 464 2263 24994
10685 13008 962 409 22141
19646 950 2899 1056 27450
26520 22394 3302 2906 27142

61
15629 31193 21742 24498 14860
3842 10309 1913 20117 23050
9463 23548 7456 1680 25947
21148 7459 14624 6945 6436
8505 30735 1535 17862 9952
9978 16303 5397 5317 15041
11162 31448 2354 1434 1774
20230 1996 10361 4579 11784
24670 17722 12927 10454 5711
6205 25831 1623 31346 2252
7641 4460 11115 9013 16051
26291 14442 29725 2351 8552
673 4281 735 530 17078
11811 1503 1054 1275 11207
22313 23384 138 3559 30820
32103 3333 29146 3130 5805
7608 14535 18352 422 19169
18506 18802 3007 7612 7824
19609 1153 20639 755 4451
28135 28967 15409 546 2766
22566 23587 718 2393 3784
1616 22827 663 15621 21400
150 7805 3094 12941 25044
15415 15082 9657 580 24754
14111 30536 1330 4786 7462
536 1156 12377 188 3162
16668 22226 783 1191 16807
30857 454 16349 287 28659
14050 28159 5478 488 31085
19437 572 47 9825 2964
7268 17603 2279 5925 25882
3217 4420 1657 1694 27090
22900 28362 196 215 6858
4249 30820 1690 30759 18474
10545 29972 1401 973 5944
22610 16912 1942 6585 14941
4061 31351 154 18961 4344
30688 2219 6119 138 12807
5371 4756 1278 3404 12847
6024 20203 345 3065 17226
31518 7069 27322 5 15088
25748 28287 856 1331 30173
3414 20931 82 23504 17348
30053 29694 12898 858 31737
22134 30631 10217 529 32646
913 3708 14472 559 5447
19859 18337 1147 395 4460
224 27686 1025 17055 31398
3488 10530 251 5891 26148
8302 23985 421 2624 15357
2006 4759 565 2284 9347
2410 26564 19 30140 3828
552 1787 8593 404 4456
211 22114 881 5309 29276
3782 19195 30 11749 23981
21939 23035 296 5252 4344
12594 2864 3842 214 23408
18900 5366 514 5367 15741
2660 22792 735 4099 9420
10068 32201 305 12690 17360
10742 28036 1182 751 16975

36
26070 31372 16617 13254 20224
4309 1021 26368 5429 7884
14226 13838 25570 4990 31381
4709 27654 5958 32656 4420
26808 19341 31489 4097 9561
19428 22753 4393 11018 13295
23838 21677 1126 32316 20777
21083 8812 555 451 14959
4544 23483 499 2242 13858
31715 6035 1754 6957 31791
224 7420 12062 6151 18249
11843 31268 5492 25178 3094
14019 19022 5403 2964 11771
1450 16808 385 21292 9338
25309 24202 16028 3338 24065
13440 10160 2806 2703 12214
5347 16186 8476 7476 13925
2183 19926 1296 23770 25668
20907 10372 8991 1870 10867
8693 25424 4089 2114 29516
16384 22569 4 6626 12460
481 22163 76 3945 29224
3803 23541 343 5711 1664
17264 8376 2315 1215 5131
31722 948 6612 2092 16230
17540 30527 732 16133 20024
31156 3370 2921 1593 5842
30046 537 9445 182 787
6834 15719 4416 124 22110
31218 27590 32076 1062 11270
12719 28521 2893 793 6462
13071 7080 626 771 24180
18517 31052 851 7276 16834
20029 13002 18450 482 24623
5578 556 2661 457 17121
499 31334 568 13550 9525

28
11142 1776 26032 170 11135
4965 20336 31049 30271 4746
25170 2460 5005 5181 7378
19950 16115 11093 1168 18346
5760 2425 174 225 3143
31816 3931 1246 80 378
8447 6078 7597 8012 10842
31710 5906 19603 13797 16094
19401 2803 5313 1446 7036
780 18750 2753 31137 953
28232 12608 2286 659 11335
2092 14222 6364 3592 27887
17539 9283 13213 2288 4418
7484 533 17082 48 8910
5168 6796 2707 6490 22497
3707 30584 458 13737 31099
17528 13524 221 5016 19539
32497 2328 3904 1061 28622
22004 7021 1240 1407 19843
3669 3492 12102 2466 8946
30475 324 3258 875 19920
20489 18925 8327 1175 17080
28997 17526 1619 669 11146
18479 13411 5461 771 17629
13569 17491 587 1480 32661
4339 31507 25 24773 438
16897 8104 626 902 28132
28483 15087 3217 494 2686

36
21028 22861 19023 13444 3111
3456 29054 7697 29412 30769
949 10550 20724 4331 27553
29524 3888 23332 11812 4158
1475 25057 932 22323 24684
15382 7305 334 466 28730
8153 102 12466 2409 25630
19493 16089 6896 2817 2815
17105 24899 1871 5748 5339
7682 21942 32351 135 854
26061 8701 3395 7330 10463
15487 31755 2418 6859 8457
12100 8027 709 680 29962
17764 20181 1764 1604 25457
28872 898 28035 2273 10961
17232 3611 11180 1807 3791
32447 15728 29004 4506 6650
14399 7882 6982 747 11357
5640 15404 12509 799 2629
3912 18424 10236 2727 14259
8561 5474 20783 857 30430
19137 3467 29757 35 29934
22742 18925 6888 2466 27932
8998 22801 5452 3287 3825
24087 71 2890 3253 31625
6871 22879 736 2755 2780
3419 7344 3251 1233 7537
25464 22110 11274 94 8713
784 16134 69 11156 12592
11683 26329 214 13740 21430
4313 17573 13707 40 16852
3624 3180 2403 1067 29696
19475 22078 1498 21275 17356
2488 26604 764 3894 5882
1365 566 1972 5446 6943
22268 10031 2084 3721 26047

53
363 31352 3559 6216 10694
10076 3228 9797 4796 8175
17345 27769 4724 27151 18636
30038 26916 26212 21973 15970
28577 12488 13648 7019 27380
8192 23127 4490 8502 23191
25704 18376 1940 31003 1458
29897 4689 11850 1502 8471
7561 10792 3509 6976 3260
10383 10152 30494 112 9102
994 1865 6092 8843 26665
28818 23552 22258 1111 24492
14401 20662 1547 32225 21268
5345 20882 751 32187 20769
6888 31772 7094 32633 10224
28138 26483 4680 237 1859
10889 22501 2861 50 29114
6314 19323 4124 1390 3209
16516 20084 8875 6690 19666
9073 806 16843 1093 14987
27753 14920 297 18236 24651
21656 12633 1977 92 7709
30651 7141 31319 1886 2974
4003 26914 495 22555 652
140 16679 4384 7751 10317
14109 16161 6399 3280 26506
19000 10270 6046 693 21791
7100 2400 185 13772 29035
31312 21306 5018 2132 771
31710 11115 23671 359 17611
21464 14229 1394 201 12141
29838 1232 11335 2783 5902
13225 10963 563 7022 12255
23513 29138 1851 29751 19469
16144 20404 324 19533 28020
31418 24731 30968 912 5039
25983 6245 28131 581 10298
26707 2731 1975 9 13727
22793 9149 7127 729 6162
648 11083 446 355 23018
14728 14847 8736 987 19520
10208 10134 70 625 23595
20031 4644 7020 1312 27149
16486 29287 611 29992 13985
28224 4261 9214 72 22168
5120 473 24348 94 10536
22600 28408 128 7697 5652
24635 16155 2404 955 8021
22534 7213 6486 239 14611
16080 13860 7745 77 15599
13541 21367 11 1061 12870
25976 4430 15435 198 12335
6531 13633 552 1087 10239

27
8008 32669 18413 7361 6123
28847 8712 19392 831 13565
29832 24387 27625 17570 20203
355 2543 5282 15093 6755
29331 296 24290 7092 19432
29625 12119 20301 10732 4542
3279 25085 13952 3136 25303
10830 1679 10482 20100 24845
8047 14041 1126 9492 6397
21825 2901 496 25871 29332
22477 3927 1317 22315 27831
24915 18546 1569 1883 23180
28496 30017 303 16465 26008
7232 6462 244 14708 24061
3561 18001 1818 1070 5720
1860 21661 1079 4007 15121
31314 11040 16021 16 16320
137 29409 2594 7919 8329
8482 3724 1809 8038 17445
26879 32216 415 32519 15745
27091 21722 1916 1698 11644
25901 13811 6 2506 7409
10737 31337 3991 1150 28641
3490 29748 1774 13914 121
25073 3291 2814 5094 12134
7066 28885 409 2080 19334
897 19840 469 2766 10025

67
10988 8104 24439 28017 9472
10039 22857 15 6207 8154
353 31458 3965 32709 20567
28194 6579 4064 1006 8309
28535 2194 15881 3833 11549
12554 5801 11336 2024 4030
2688 5502 8100 10685 21507
19914 360 1776 3487 2670
6277 30478 4472 25753 30414
31885 1355 28796 29 31055
615 584 1432 13701 28693
2462 22549 3866 4228 12234
6187 18952 1826 2739 30351
839 22271 858 691 18075
8947 18485 606 966 9946
5587 4202 15316 886 15520
22496 3352 1782 380 31609
4935 16835 705 5474 27617
9058 19928 1303 1891 25746
30967 189 9566 13 24824
10822 5517 15776 100 23825
2665 602 61 2973 30677
10382 1401 3700 2432 14037
9172 23876 45 1848 19060
1769 27136 3570 43 32322
10575 20631 308 52 1057
25506 785 24160 13 7918
15490 1444 1099 1440 10095
27013 7764 27826 34 15203
4496 2301 677 399 24091
337 15875 287 11874 23618
6575 22011 645 2251 440
4855 30188 732 7310 10278
6028 31033 53 24487 15057
23973 1071 2288 1149 23448
214 2565 10 16628 20025
14442 3104 2974 819 18555
2396 19150 1831 1407 4090
2046 16467 1898 785 31176
3280 28456 4025 1451 20883
8193 17366 297 5162 27117
29926 1307 11151 47 716
11237 5168 10121 72 5977
1561 21293 1611 849 22733
3202 3667 380 1118 21522
28214 1457 3022 699 30041
38 21421 15 20084 20311
31982 7975 19571 25 3127
22054 1880 257 253 15376
23025 845 29601 26 6719
26679 1828 1027 928 22664
2674 17484 636 483 7735
26503 221 26479 236 24076
3807 24 3981 1595 1977
25009 3269 1741 668 32364
3591 2796 5571 220 11305
293 27596 20 26676 7126
21700 2124 252 3267 14552
2093 24298 29 1523 27409
4413 29915 3667 228 2164
6626 17784 628 437 16646
24847 6787 2665 37 16408
28012 6349 3577 127 19204
10792 21537 10 21564 3986
1911 18442 27 702 29119
1565 15660 197 1689 8818
2697 27843 400 811 9989

3
28804 3009 5677 17264 29509
9559 20765 13260 5611 23674
2031 27166 6014 19335 4897

86
7412 13431 6044 15245 18505
22106 30093 18741 21029 9353
15090 3944 18853 14335 2547
20122 22643 1223 7392 19787
774 11524 5739 19326 8736
12004 31280 9609 16245 4790
30640 22806 29381 6279 2434
18375 20576 24393 162 6606
16158 512 9031 2715 6233
15013 18418 6306 695 7735
6342 63 3563 1427 13766
13502 23735 5058 7465 780
3202 3981 8374 2637 29315
1396 32010 9976 17482 29555
26506 21385 917 2823 4835
5797 9748 3557 453 6945
23680 25323 6806 1728 27890
1513 9510 735 469 7490
30178 1166 17889 1937 2166
25581 18507 3327 1895 9427
32027 486 12765 99 27973
28851 21392 28620 1293 7704
22827 21416 463 7089 10613
11931 4325 1393 704 12905
20559 21209 28700 28 21878
635 2524 1980 4999 23445
18763 25555 397 5659 11825
72 8370 2 11228 26781
10711 8895 3923 2209 20680
14584 19553 2190 2301 24634
29196 19065 21857 972 10261
2515 30891 4572 588 30050
993 31780 310 6882 15334
21481 29182 11104 134 2210
2932 3901 6069 74 18495
7576 2129 957 1316 29341
30179 20060 30595 4 18318
19305 19409 1414 396 17462
6905 29274 3533 606 3293
29025 29929 15367 64 31433
10437 11576 412 1577 16008
872 10712 6299 780 18622
30832 18324 21070 282 8567
198 9725 193 18663 19
14134 14440 876 454 18168
30377 29122 13738 12 32134
13458 11392 41 10244 2145
27028 974 11729 161 9428
21480 22800 868 2481 3805
3312 7426 3431 282 9034
26051 3770 6273 146 15838
25952 27569 2434 1011 9826
7664 11407 2128 30 20915
12183 42 22639 281 1120
11694 31542 243 19884 4834
4851 8102 5806 1055 1628
745 8387 958 354 16428
14374 3302 6273 397 26242
6660 15399 361 788 19568
15171 21993 507 1253 13620
6938 16201 473 3392 4211
24459 27056 4875 455 28308
19068 21727 526 1320 19668
6728 2478 751 261 18599
61 28586 297 3721 15683
12091 1021 3528 867 10253
493 18575 61 2339 9870
9944 2444 5766 267 15123
1967 31125 48 614 30947
25944 22203 303 1454 11661
17418 21716 37 1434 15795
3034 1918 8060 180 17315
8618 29968 3564 865 14163
13711 16105 266 5195 12562
22498 3466 6920 152 6525
27609 635 29203 196 5238
8483 12035 1293 1245 15571
11444 8013 2727 596 9358
11408 1965 1012 54 10843
10003 265 1220 114 1468
24182 29739 8606 190 21354
32265 20101 24184 283 23975
24695 24650 447 582 15087
19580 20978 6828 154 27695
255 368 917 1132 30467
682 16497 7 21043 30163

3
18998 4845 24087 17625 20292
12907 28652 2897 8537 15051
11143 19320 580 1270 1741

16
21314 263 5307 2055 21148
13925 28060 22701 31753 24636
3457 10464 25668 9157 423
32380 16767 5412 10395 21943
407 26502 8553 25503 29838
23201 3214 16184 2904 591
27035 9114 3641 436 21933
6360 24085 7973 780 5564
31755 11170 1470 883 21031
10479 8750 3399 685 3288
10398 28239 479 27255 4934
15873 22814 984 4971 27044
4154 592 5003 472 1957
13212 19736 9502 1357 27369
11373 6081 6911 644 30058
10120 3604 7065 1662 18080

17
8234 9754 16159 1279 3139
2239 17824 31851 17012 22797
17456 612 13342 8095 18943
32332 2298 20658 2991 2041
15574 14225 24167 3526 6458
18578 11242 27993 1309 3660
1296 9427 6564 5269 22153
8386 15795 6630 1769 11007
104 6235 12701 2872 29749
424 15993 715 2490 27817
32495 12952 30322 787 13970
12513 12712 9118 335 23599
430 24134 1258 7017 14746
15023 2069 2050 5010 17354
22004 8753 27056 835 18506
13384 2832 987 5441 21548
1247 2745 3368 2776 32767

88
12457 15778 26362 26008 30594
3180 2473 18177 4860 31091
28165 4179 32266 9397 22577
3187 27497 4822 22677 30833
5925 8214 5681 19275 18222
20986 425 29572 1130 8903
22464 14994 7000 387 2297
15867 1138 2754 997 26805
8297 29613 1108 24825 21874
167 30009 1095 4412 31405
11759 9353 157 28204 7115
2054 26207 972 24459 22507
23666 2485 26249 1376 8020
4924 14528 478 4593 5662
13608 973 4676 24 4511
2145 9892 2216 8929 28500
21117 10004 4105 943 13597
1715 20903 2080 2978 1415
25936 8954 1798 1845 14180
9431 30982 776 25799 17895
11060 7424 14792 217 14229
32080 14509 23237 928 30873
13379 13811 17804 182 22921
12184 7910 155 22930 28063
10212 28890 856 27695 22372
18774 12479 73 903 23212
20756 11283 5091 58 25936
5361 986 99 1389 17161
1998 2672 1116 4754 12208
1131 12895 525 3215 11733
22321 3936 5731 2965 638
155 9895 1739 1332 11375
14639 8749 1361 5050 19058
19277 8501 3282 298 16650
16305 11552 4831 617 4264
26655 7229 1328 485 20171
9310 399 10140 455 16066
12371 8540 196 505 15170
19208 12553 439 269 666
15974 14498 4239 855 4103
20031 1263 793 1183 9197
12188 1650 1407 351 22420
451 24282 3264 760 29255
5891 1449 2705 252 26439
2614 19472 273 847 9730
22012 1803 171 4240 16648
290 4418 953 5177 31167
1349 27106 580 22751 24182
10035 29705 164 304 19817
11291 31017 191 29035 19986
25778 14273 28385 71 4275
5566 15875 226 2286 13248
13626 12653 433 891 8912
20397 14389 11377 367 31699
1264 25778 3675 257 15069
26192 65 11503 146 23823
19255 15506 11472 213 380
4922 20605 668 2684 17491
16654 8224 774 2867 3196
3892 8709 1494 196 27464
19710 13013 4836 235 874
13549 43 355 78 14723
409 17362 249 2879 32683
23620 230 29661 14 21803
21206 12500 1913 24 30021
11613 7353 625 17 23621
29292 14086 25690 35 16872
13249 11890 247 590 4484
13171 10184 93 980 2039
9093 1013 1598 1099 27741
17201 14194 23414 1 26568
26646 2000 2486 441 32190
12065 18521 26 2952 23133
26793 11428 1082 279 29971
25629 1653 10262 38 31816
30816 377 7632 22 22739
273 11519 181 1092 11761
4458 650 124 1823 21628
1215 290 23881 15 12406
26001 11739 633 925 11495
13281 7839 1156 2600 5681
23 7430 70 4562 12021
11342 28870 373 2064 4471
25497 9431 27 389 13080
18007 10495 2925 356 21095
3844 21787 471 1678 32723
8511 940 12 295 14224
921 17775 1104 2996 30174

21
25199 13740 5432 7297 16332
4570 8083 1178 18019 7193
16265 23816 4181 4094 19842
8087 197 1613 1003 1058
6225 28804 13542 23490 14936
22406 32214 22349 21477 14482
23263 9196 5653 29 18222
30954 10256 19128 2916 25766
32225 31406 15887 194 9110
3709 7830 626 20309 8311
31680 4631 30475 311 25800
13022 5525 4953 5125 8450
26538 5673 15317 1667 17877
18019 4312 354 9909 24020
11211 351 9820 2472 24238
29929 22038 12544 1121 32663
6551 2480 2636 4401 12299
9660 10726 8245 7766 1147
21678 24738 5600 514 5242
30590 911 17473 1447 24692
30094 29272 32187 1405 8935

10
25687 13014 18830 24186 13676
5638 22859 10451 14687 26814
17685 16542 6153 13351 14174
11000 3226 21967 1427 4879
6340 13811 4308 405 8468
21116 9346 2270 2481 1523
26313 10529 3359 643 5867
19987 6106 31793 2198 31705
9422 12628 357 1076 26349
4624 1169 21 679 4356

55
29923 9159 13631 27938 27786
23337 11220 2974 16650 987
8389 3434 10574 21404 12405
24480 32265 4090 13716 2484
8812 28730 6238 4989 3821
31839 82 25422 462 21540
2121 27002 5065 29858 5753
21200 28723 5865 1750 10450
27577 11285 916 846 16812
24906 648 16667 5418 17818
662 8831 1079 5924 211
19133 14694 2852 4715 17919
1622 32739 208 14075 9366
3172 8180 3130 2813 23201
26546 6142 6674 1054 14741
15928 24994 277 16535 14259
2974 24224 4794 2362 24256
16981 32600 269 12194 12023
19263 22037 2227 5161 29124
6285 14377 457 4865 7875
18738 32424 2377 16076 23229
23405 32260 442 26588 1688
17646 389 6858 1812 27226
1645 18120 324 13914 9188
6859 10906 978 12847 15676
29156 24853 249 23898 18111
2525 1740 142 24460 17397
20895 3094 921 9160 31941
3000 3766 360 4099 25361
23060 31131 5887 984 882
26262 7864 9716 393 23135
7679 27843 3700 471 22265
15306 30542 84 32701 2690
809 17068 621 29434 20950
17074 25217 970 6078 18087
32266 8257 6936 144 7905
26661 16799 1103 6102 12201
5629 2661 5333 126 5832
3769 2869 2870 1352 22916
26401 8967 2197 1757 20251
2776 1905 3399 277 27948
20073 5375 755 4068 20695
22232 13084 156 5158 15508
7993 28666 748 12714 18723
14544 1137 1217 1447 15145
20437 20749 1260 548 16815
17386 32444 336 4840 15065
7179 89 17485 265 24442
26391 28267 938 166 22582
21464 31332 1444 13102 6372
3891 13105 2070 7416 24850
930 429 5992 1109 23078
2697 12719 1099 9663 24891
28033 13831 440 6029 28996
22005 20796 1221 6462 12546

24
14292 30611 16837 5775 20227
6205 6142 16561 2535 29378
32618 1467 10270 12899 19190
8712 27270 4522 13395 30276
16469 19215 13470 6444 3204
2356 13146 3876 15109 20435
13902 11893 3290 4625 615
2376 28396 6089 8904 30770
32021 17259 10187 12982 3909
718 13440 1208 9878 537
32547 31653 13486 6427 11177
18491 14809 17586 1022 27077
20371 652 12627 277 9211
24914 5964 642 5924 7520
10616 10041 3210 13002 10140
29709 16052 11194 618 22272
407 17805 56 9088 19199
27681 4759 1541 4793 9550
23897 17043 7474 418 32214
17380 10816 3445 3947 31609
6248 15852 3046 8280 31253
14121 2061 1641 495 3705
660 726 7294 5037 26463
22139 2005 6676 2333 16550

52
8662 11602 17872 6323 9063
31628 13070 18981 24759 2922
11841 25674 11651 22541 11589
29088 2032 3716 4462 11052
11632 5233 12225 1485 230
8676 18895 21606 4810 19860
15633 329 22274 933 30081
20077 1667 28674 241 7630
1051 24373 7442 26411 27199
1423 18013 28273 616 32477
23538 28015 5837 23520 30998
27237 12463 1550 5295 26177
30437 7214 9544 5065 3272
6728 3697 2189 3556 31885
7404 676 195 2887 25862
11136 29817 82 1069 12121
210 5556 3597 1973 7053
6537 14491 1648 642 27014
24767 23964 95 3959 29114
8517 10816 10420 220 24265
21660 2864 5775 209 4058
31004 31424 92 27355 10392
9370 9839 16213 610 5422
11434 7414 9981 915 7040
8624 32671 1315 13521 19079
1233 23480 5216 127 20303
845 31405 162 5943 21513
4409 2169 46 11999 5840
12588 1736 1434 3367 8611
5968 1900 146 9056 4136
3058 125 6055 440 19205
873 11588 1311 5619 4154
26785 6858 2098 67 13156
29558 25749 1065 30666 25663
5888 18917 1261 476 17771
14504 1402 314 3523 13686
18860 3428 6935 985 32434
10305 24261 429 22921 5226
8794 26497 743 529 6829
3700 15208 2392 2066 23928
10092 31959 31 21025 21817
23625 8010 689 1454 7630
613 10911 17 26187 19736
7718 7401 2889 1566 29168
2122 19544 5006 2357 30233
6110 11531 793 1502 23987
26992 9477 73 7526 28284
29920 12843 144 769 29056
10668 23748 1596 69 13003
7603 930 2611 1690 30086
25983 5069 607 1513 6783
21910 10789 4883 495 24600

33
3751 32005 29343 25506 8016
29587 1681 27954 11695 21898
23740 19448 30829 8063 5156
4663 13497 3890 8763 2169
12993 12049 7609 2471 13854
7359 30043 5305 764 15183
6392 23329 7817 5339 5556
20099 29752 11567 1524 10969
198 4337 856 10717 18892
1253 899 3565 1553 6384
20992 16725 7899 1709 1337
1020 32567 72 3453 14995
1323 28226 546 26245 28935
7252 3549 19444 1927 10616
3890 9158 52 17501 13237
14794 367 6528 443 32624
24929 14237 21728 1953 20595
10836 7647 104 1348 1403
16697 5821 2052 5926 22414
20965 6840 4983 643 28855
29876 730 16598 719 27019
18785 25691 223 2987 4142
19996 24825 870 4229 15264
3116 13105 555 25614 16673
5836 12403 6441 55 24814
10439 1958 5726 361 28451
5218 10825 3920 123 20200
27196 28118 15236 1208 8017
14603 28927 3116 2491 6968
8616 14438 2809 1036 26333
7456 9424 4916 1307 20449
11 20764 112 4940 7899
1475 13442 1061 7112 12967

20
7440 16025 6083 26022 30665
30251 9236 2268 4585 1989
23591 30094 26308 27476 25529
16672 3082 3340 19823 18428
5542 10771 1775 12126 4282
24882 555 30037 2956 25592
24261 15718 9243 10466 28104
8480 4794 927 3528 3829
29018 7267 17713 1207 12609
20197 4746 28146 546 17926
54 14673 621 32574 8205
1642 19897 1225 7061 14955
11309 2363 3615 1337 16583
20314 27788 2580 14933 5746
14170 25126 1509 16562 9949
19753 25739 73 26063 12201
20286 5999 113 19996 8884
3108 29850 4225 15780 29094
20622 5334 4258 7940 7036
16330 26650 403 8993 17658

35
15439 13245 10993 4749 771
9276 2343 3140 11904 16769
16618 732 10231 6332 862
30034 7438 9325 11849 7617
8545 29907 8762 6845 1853
11233 19984 21981 1308 11870
28069 24135 19486 30549 15276
28702 5144 21293 2068 31066
581 27451 5989 18227 7826
24910 28523 1494 28223 10301
18764 32117 3927 26063 14467
7281 27054 54 16149 17282
1503 25662 8792 28 29582
13356 7653 10418 4181 24956
2680 10633 3854 8902 13687
10311 21560 10637 3847 7004
7657 21648 522 320 14556
27582 52 14369 2712 21994
9397 17778 862 5599 13181
21769 23139 6084 4102 3074
2748 5109 784 3613 14799
2784 25857 11555 856 7768
6771 28358 88 27181 12929
16351 19850 32656 28 911
88 11395 458 23313 20634
29976 4290 7445 670 31021
9088 16426 222 7065 4629
1460 13486 956 7250 13377
27988 8331 328 9306 3577
12421 12891 2811 5606 26935
16063 18244 1917 168 21007
9822 14635 2293 572 6377
18419 29396 5053 400 26334
24041 30992 296 28582 5514
31702 21525 17857 1208 16976

73
15318 1955 19534 6601 25556
8050 19398 25581 21503 27240
1183 18384 3495 7120 26742
12017 12659 13774 6025 11944
1054 12807 8464 1748 9562
473 764 2495 3106 24931
1645 26104 242 12069 25431
6053 21937 1623 9526 8856
3520 30304 1640 15685 21953
27949 9155 12557 9082 13573
4841 15028 828 6555 14216
28069 1044 6496 865 27809
10570 9738 5572 1172 28248
5403 4889 291 7848 28703
9384 11963 9837 266 25037
32507 18599 26142 307 27825
3322 8806 1097 155 19558
894 15602 746 56 26657
7813 8752 11387 744 16425
2490 32198 675 17406 30540
7668 797 6119 4711 10042
251 5488 113 1278 10904
19622 10804 2616 338 4870
23886 9459 2887 1013 11420
3612 2184 1612 2653 30915
126 6951 477 11032 21253
270 27457 54 14366 6079
1215 4541 1648 3392 25158
26368 14314 519 4430 28176
20858 118 25451 827 16497
9642 19273 3541 42 16046
31132 8934 8308 116 18341
3367 25993 2100 1011 28645
1926 9525 1046 2524 29371
8186 6835 6848 1377 4822
6745 447 186 10549 12467
1003 28796 510 3462 6578
7786 23044 153 11617 32615
312 22853 610 1461 2155
26002 10656 1898 2397 9726
6438 17207 676 4271 12810
10800 15991 765 462 28382
8292 14906 2377 1041 25291
12415 448 4368 21 10650
3542 9681 1196 2470 5193
5931 4425 335 5702 26550
13667 19107 6522 99 5070
5876 30286 174 14907 19900
5549 31687 109 2896 10007
20008 8812 3703 1158 21946
19961 12156 4832 283 7337
5824 2219 546 712 27043
6430 1630 200 3384 28234
30990 19237 12421 38 6640
14516 11251 9283 602 7022
6044 16495 307 4697 5381
710 5804 38 13794 22818
436 28516 12 14429 10812
3408 16872 167 1416 28537
4689 23172 966 2527 7079
29973 18479 1342 236 13187
5804 1001 9 6225 24817
2414 28948 1634 294 17028
4029 27378 1418 1034 25826
6083 32661 1197 17905 15855
31131 19334 28098 11 23399
14021 1090 8531 182 10550
5197 31397 323 1899 4639
8170 15727 79 2840 16248
17933 708 1567 316 11084
2391 27552 344 1063 706
2109 27835 139 19246 15165
67 31068 190 3010 23464

77
935 27480 20031 29000 6109
23615 28968 11501 26643 4469
13589 10084 10325 14998 11917
28006 2919 9627 5708 29312
28985 15698 10521 3012 28463
25365 22314 12335 4104 20407
2772 9001 3202 7194 8787
1301 57 15040 1603 30118
2320 16643 5849 2231 21424
21078 5273 3724 2088 10218
11093 8237 620 6606 22520
15284 3803 3788 1014 25077
14521 8686 6103 52 3266
5325 1827 28764 175 1454
31520 19024 20307 2432 23689
1869 4783 2892 792 8438
24807 8650 27578 5133 17633
5924 22119 6107 504 29608
22413 27911 86 26531 14524
12388 18628 265 5564 6670
5385 24242 6808 564 1959
4449 2481 14870 152 31473
20071 336 7179 422 32479
25489 21793 1208 275 25295
10037 4911 18 15656 30739
31358 148 26639 729 17277
24253 20020 714 4043 3435
6100 6740 445 3193 16458
313 8645 299 11022 29590
19567 3681 5909 650 7148
3782 24812 6137 1740 26896
26905 26617 26075 1186 1848
10694 2790 9709 719 26295
532 25039 144 6243 10963
825 12950 966 6031 5783
12361 4441 1427 2069 12973
30474 1160 19015 339 2693
24369 217 136 118 15591
8509 17469 1427 70 23292
7233 26629 10525 218 20489
1343 21769 387 4862 6789
10502 18209 424 827 23547
32194 14952 25251 539 808
14736 6700 2114 1842 1017
24232 2739 227 461 7502
2448 19916 2683 4410 31690
14245 5236 782 1053 18056
6993 4571 41 8490 5465
2877 6438 2098 1578 10908
23958 26247 1372 1810 1473
20982 32121 695 11549 19262
21090 4405 2837 413 7164
7367 12841 2210 1350 862
3544 3737 1006 788 22111
21815 28101 205 3726 14833
21073 25510 1356 1438 25160
23802 1020 23096 107 13069
22585 8614 2032 1104 23721
24578 14282 8260 337 4330
6884 27226 690 109 25127
12656 9249 2669 545 10798
23211 2276 17425 431 31058
31683 21837 13440 295 4959
25201 18744 1825 2909 18098
11908 11008 722 7159 5482
22582 26462 243 10557 12977
18243 5083 1806 2737 28549
10932 20683 860 407 30673
26889 13967 5930 195 11502
25837 17249 978 965 519
1911 22624 106 1767 19151
8646 4063 953 2151 18845
26524 28054 2920 865 17688
5338 5200 97 2946 4113
31576 28393 30486 419 21939
25601 3293 1761 252 18536
1860 10202 889 3813 20089

36
30766 26210 24684 18769 23242
3668 5763 17796 4614 20321
939 31909 28756 10976 26149
3656 27708 25112 1933 8066
9810 11977 25565 10662 30704
31603 24958 26190 56 4567
20 23386 8919 2086 3544
32131 7164 8807 83 3830
13819 22744 24067 2032 5584
3128 2704 8768 2805 18873
30089 2056 17013 4577 27193
1721 13971 4801 1652 28760
23014 11689 8026 16 1663
1315 2185 3321 112 23978
31948 9293 17354 1669 28974
27641 6224 1146 2654 32696
3960 26116 9030 1214 16590
6435 688 30562 1200 23625
21565 5512 1361 3754 19826
6875 30004 19514 1703 980
17626 26083 10057 707 10691
25459 8772 211 1169 2499
12446 10485 17791 612 27290
21319 25152 14558 344 32281
2579 70 234 1717 2528
6574 16357 1308 1488 27355
6375 18086 2343 30 15035
2509 20527 6329 2615 14812
13995 11462 1170 70 12180
9099 15891 213 4916 22291
15140 2625 571 142 20548
25593 6874 1852 1270 8533
18586 2169 2273 2380 32277
5536 12703 2802 55 16669
428 17143 687 4333 13679
23200 6470 1118 1448 21256

75
31814 22378 2452 15489 19180
9949 2493 4096 30207 2396
21469 13879 9161 21536 29475
22146 4468 15661 2246 19548
5736 8718 2347 8025 32051
14759 7343 6938 5955 12992
14495 24082 4696 7316 2535
505 9517 213 15810 30783
20394 1448 8359 175 21948
8782 25020 846 7028 18210
24948 3097 27967 312 20219
2066 18334 5379 423 4720
1108 6931 751 15362 8198
32320 18679 30001 1235 11436
24833 8626 25965 3206 30034
3075 32574 1559 32675 6569
7222 27858 1505 32126 25594
19240 30675 647 16129 1989
5578 19596 3433 3736 9766
1435 23498 940 16295 6148
14246 16123 3868 6988 13363
2235 7644 2319 742 29053
2017 16180 2759 1559 8700
1188 1230 2325 5532 27870
16847 31606 1006 3245 1195
1917 13889 2691 1217 9960
20260 18489 881 20627 22075
24092 8348 67 1673 29686
31649 13295 4081 4764 5690
13574 482 11619 853 3090
30609 2222 22664 725 3088
765 27593 574 25412 20018
4662 27983 311 10329 21268
5442 30995 774 18471 1604
14232 32199 1188 7039 28042
6030 1739 30531 380 19807
32719 3866 18703 547 1730
31091 12130 11568 287 22715
25389 1177 19695 10 19603
31561 8273 30848 143 17215
20935 3928 763 3395 16453
30786 14099 466 6128 3769
32234 218 3823 301 29039
18170 14433 1474 974 13904
20009 15729 1137 1307 1421
26904 12958 7096 154 24020
31265 24112 156 4158 5271
6492 23793 23 11111 4065
29036 7098 5516 343 10209
4198 4506 133 2980 5205
5240 20238 193 24698 22343
14988 2847 357 193 19862
14022 1481 3711 206 31614
4915 13267 632 4714 1694
31481 20104 2854 347 25796
136 30711 577 23698 16707
18486 21999 1413 1712 17625
16361 81 8173 209 14447
30743 22639 334 7278 28548
6564 31598 493 7184 28980
9557 4221 89 13817 31219
14367 3076 3238 1220 8592
771 7604 35 12737 213
22929 3100 1192 809 17704
8487 11064 455 2123 23768
27728 3431 27744 172 2127
18997 20159 67 570 31997
4591 9387 963 581 20049
19935 17154 313 21409 17265
17627 5438 2787 954 8529
31769 20796 32625 868 17796
4344 18011 3169 304 8655
2463 19465 749 844 29882
4471 3873 1318 2043 31487
4767 6545 1545 1769 4828

76
6056 4012 5618 31453 23764
23800 8678 7357 16967 30376
31851 15286 28500 20714 1027
20229 31896 6351 3464 27311
13782 9736 2145 10870 774
15439 29384 4644 2987 30838
15896 985 15396 5255 28100
5715 27458 182 13639 25528
4227 5385 1400 16220 8331
31912 3858 31422 6381 31994
12586 25679 4272 3153 24722
859 28045 4356 25774 17140
999 7187 12 18073 29623
1338 8619 2138 250 12030
21683 12163 416 9743 24864
18107 8563 913 2395 10943
12360 29558 412 4809 9306
9410 2875 4228 509 26440
19506 15765 729 1202 28780
6715 457 6719 1445 32397
11964 9746 291 27235 17973
32111 621 4547 2622 26890
27699 32290 3406 14220 32124
19943 25877 8990 2486 12676
16599 14726 1728 428 4044
13365 30901 841 3073 9841
2102 12460 2073 7575 7994
26767 29554 842 21675 26233
11877 7788 3936 478 261
19927 25728 7929 96 17706
520 4712 291 29776 16348
22904 7210 3574 156 12152
13488 15778 152 4674 12754
15741 397 16370 185 14193
1135 16058 404 708 1320
2187 20887 454 5299 24882
16597 19935 2289 2261 11983
31868 11978 27658 2433 31849
23618 6441 3738 134 28663
19682 19784 492 4780 9171
12746 24449 5879 1200 15721
6973 49 9138 135 6315
11765 28725 189 28985 440
14443 6784 8359 431 23056
30668 25830 348 4956 12071
31301 18678 24 20034 12676
20375 12713 1252 6283 2175
1193 27187 1475 315 19529
1976 13275 79 6923 12923
16673 7721 282 3991 3554
22210 21578 488 2778 27982
15980 13841 787 369 4761
5442 2849 3441 747 29869
42 14469 274 25147 8003
20576 8296 9099 352 12119
31367 31747 340 22978 17994
700 452 2650 4029 20884
18812 16988 1066 293 11250
31733 10447 31035 637 14553
14363 22665 4580 1039 18499
11682 17396 171 9581 22692
15018 32566 4043 15760 26401
12796 8744 649 12204 23202
29407 6284 1229 1762 20490
20439 19694 371 4212 3573
22460 19292 1252 1734 29343
11297 3621 3635 297 24215
14608 31493 140 9010 8508
19410 9358 1819 3109 24101
19439 770 7800 188 6125
22182 15860 1401 2255 14994
22381 12461 230 898 19525
12877 6033 686 967 16288
12466 22707 1026 1172 30224
4052 25647 956 2159 25782
19424 24548 154 802 7357

11
21709 1095 12127 5874 9556
27596 16571 4440 6132 9912
11984 25805 21947 4403 7991
2780 1709 684 13512 3801
15629 31287 13812 27776 325
4243 17774 5595 20364 31167
30324 30838 31075 12079 15301
24070 8786 26161 1342 20814
23551 18177 1069 4031 10936
8099 11174 14022 2206 30561
12293 17575 3510 7382 29435

94
10042 26858 22306 8785 12334
1650 2937 5104 20245 3706
13952 7091 30751 16833 32607
12003 7930 1439 15714 25006
27706 2812 1972 3649 11627
7386 32750 906 15707 8296
31418 3695 26542 2504 6439
23292 702 3703 386 18479
32675 30432 9489 6389 21336
8089 24576 15888 644 9199
32348 27562 14049 2500 27060
8897 32604 268 1000 14395
1065 30276 1809 32063 18217
18226 4544 3588 1693 4374
368 17279 826 1023 3264
9297 16916 26 6348 19542
4644 25901 20470 284 410
9618 105 2866 23 27674
22591 24168 30111 21 18642
29595 2109 631 88 16953
2911 25789 658 15414 25364
22982 2901 3104 3909 25463
31998 96 12058 1402 29479
13106 2285 3960 975 29017
11542 3902 3626 2541 13051
9420 9145 1194 5727 6804
30778 2142 2442 104 16154
11266 7069 534 1470 4280
11335 24218 10914 243 25716
3808 32366 1012 23423 11898
7997 8954 858 3173 27631
3431 592 16301 255 10173
13674 14524 146 794 16153
17772 1889 11205 702 26775
30734 24335 10401 2209 18735
9210 1886 2183 1857 14306
5258 26252 501 6492 31852
2156 27657 647 1851 15359
4739 26937 203 4711 4682
300 27927 671 28063 17280
7028 16587 1041 1809 9099
409 9121 1199 3847 7843
30620 1700 113 4497 18700
10771 3947 302 2929 16183
9395 29296 478 25812 22175
75 18516 170 14209 32741
27194 6622 5175 465 31169
9515 20484 16 2518 23476
6888 4291 910 11077 31820
2915 24105 1848 914 21729
6728 32364 630 13606 12319
29661 26667 32337 163 4497
11715 9776 107 2023 19673
26567 25696 857 16 30010
9905 15160 1838 4632 17064
6085 27551 2063 562 7970
16755 5612 1339 79 18045
7620 31497 184 545 17845
26454 26256 3150 61 18087
8072 12428 459 9242 21049
335 1635 26126 10 13835
3924 988 4541 156 6571
6301 24974 40 580 17315
30841 1653 1884 262 26647
6308 30799 207 5499 7906
3646 29202 1 7648 20847
11492 12397 408 118 23469
6932 26354 17686 483 12413
2664 23502 8142 99 6484
1004 9 1687 42 12782
17396 2242 281 1343 11516
6738 28924 1405 939 1661
9753 20267 198 301 11589
17447 25367 9151 266 25685
9230 1044 12084 495 11356
5799 23609 223 206 3473
8213 23758 1651 71 11256
26684 2646 121 3246 20579
28722 464 819 836 16790
31607 3344 12739 34 17614
13873 6449 172 246 25430
4734 25589 6593 118 24568
16275 3747 4677 540 6868
10761 26202 10346 32 22145
4285 25735 14779 158 28647
3473 2092 777 20 30464
0 2411 280 7731 15020
7330 19536 299 2646 23885
7388 30499 236 548 10615
21188 3966 208 524 23474
5929 24667 224 880 1559
606 24372 2254 3231 31875
8986 16751 274 560 20212
17671 6776 2360 239 23122

54
9482 28176 15214 19378 7357
1597 4936 625 8011 16946
32694 22860 10046 8696 26124
27233 6325 32228 9732 28178
15947 22373 9722 1790 28246
12700 4277 5164 12849 32476
2908 3137 5402 27366 8105
22402 17757 31460 2233 4331
28868 331 4015 4495 32247
23958 1197 704 12401 27090
8737 9004 3895 3649 21907
26600 26428 4841 9047 18017
18503 2357 1285 8443 32089
29378 20919 21142 1586 23141
8732 5885 2652 877 797
1406 16243 325 5481 4644
32029 24416 252 7211 32521
1548 32531 7179 24492 27934
11457 20622 686 5863 4317
724 21733 706 19694 29522
32271 32153 748 16720 19580
21067 7945 2186 9609 10234
1201 4183 230 9829 31566
25889 2269 1969 1868 9641
12104 19217 7186 556 12794
20309 14938 123 7288 12690
8993 28457 478 10181 5292
24749 6389 2121 1975 8031
31449 16999 30445 571 18015
25033 28163 1382 19254 21835
20749 3704 2174 1735 32078
19634 16768 501 5485 2095
8383 973 5682 965 1651
970 1147 108 827 1239
29501 20002 32762 394 23425
14752 24861 6028 120 10300
10257 14368 913 8470 12522
18703 25779 5853 1298 12425
14107 26451 3124 743 7420
28706 16241 957 34 20292
8732 22353 548 1157 3659
19674 13660 1167 378 32031
23471 17433 5783 218 19985
9631 23375 1820 3400 19830
336 29106 65 741 18353
27693 16252 217 982 31443
28707 4922 20287 579 28457
2761 206 6676 687 30795
27696 22307 280 700 32631
7140 2203 9426 395 3574
11483 13438 735 2063 1787
24906 5857 30757 117 3233
24447 20073 3869 1753 2959
13274 345 7509 487 6352

45
15375 24822 7470 4137 1795
2562 7176 30980 8729 15147
1475 7679 820 1034 406
5238 22080 2776 923 2139
24374 16564 4524 27041 16283
10981 32385 9285 547 10300
12104 17618 24 9925 1199
31182 31970 25836 5489 21674
32281 24762 27594 7149 6399
2527 16910 6265 2048 20996
18139 601 9710 6252 19181
826 21365 41 79 4554
556 26876 8114 31696 24993
30348 27903 704 19936 8266
2572 26141 7758 317 9175
12507 19119 2586 978 4786
4477 1844 3543 3846 9956
10336 1706 6417 3770 18706
29071 18038 3165 3714 26484
30017 2174 16894 4425 28595
14295 29317 1069 2317 4119
23711 25522 42 7258 7916
32242 22271 21165 2263 29099
15545 17813 7819 5437 22488
29278 22470 754 31222 19267
9276 16216 6525 80 17668
11536 20461 552 9269 14402
23150 27149 217 9642 3335
6739 201 172 1122 22418
30824 17223 31654 517 12578
9874 32720 324 20113 17946
8998 32160 419 8881 16885
833 21743 4007 3177 6863
23995 16691 140 24109 10105
20766 31442 1693 26743 4969
9465 16738 1709 7847 14554
28089 6940 12492 163 24341
34 13857 810 4274 1314
145 2683 1422 2575 6863
32317 20917 12400 968 2642
13276 26631 1328 1706 9611
15061 5809 303 624 19377
32639 17758 22745 851 22678
4152 29 28591 35 6783
16908 24109 3626 197 12852

84
15399 24525 21081 3693 23160
816 31085 16566 15178 12022
26086 9681 15307 4057 19501
15978 16372 2246 877 7118
22974 30711 1036 9149 20556
24936 31916 17990 16817 1912
27318 2995 20652 4896 15384
1388 9494 14502 11449 28902
17475 28692 46 24427 29833
2245 1795 23372 1685 3260
28634 30479 3878 879 24536
21859 9097 3001 15351 3775
25993 17226 13037 3520 29378
25562 22451 13565 396 460
22401 8726 20554 194 20307
2807 23945 11731 1122 3102
8137 4861 5566 2002 21564
20829 114 29219 562 15569
31903 21513 1034 59 6717
14794 6987 2828 2479 17409
5326 6920 4362 356 13287
26434 13764 18603 2210 17131
402 13655 167 21965 12360
15324 4773 6333 17 21105
20236 29890 1601 18256 27434
4798 28979 1691 122 16200
1152 2597 57 6371 28258
8540 26534 5021 681 20066
1805 1192 17523 554 7403
29271 760 22019 203 15527
7191 21230 4739 2600 6138
30762 2380 14487 398 25941
8543 27324 4293 2175 21312
27214 1876 1085 1028 2519
17395 5263 5808 1124 12084
18517 28659 1290 2397 15185
9268 8789 5125 422 7136
19870 7353 640 6290 32279
31121 29293 34 338 1351
15478 21679 2325 1445 20446
7160 27460 918 684 23864
23149 4093 3063 380 26175
17370 13858 108 1242 14753
29034 1891 24780 390 23460
9122 3520 10434 539 5027
1822 27481 2179 1833 11704
6043 7290 2904 508 24902
31666 9556 12126 96 29740
30408 22098 11046 67 15444
16624 13653 3101 15 16074
32390 8164 19548 489 10834
4416 7951 7646 302 28339
21823 1196 28486 262 25233
22484 28628 27960 147 20703
30836 23106 4906 170 5621
24084 32216 800 6202 12808
13217 29277 2800 532 23680
21851 7438 593 100 5061
1759 5413 3057 1636 28530
89 11998 87 26753 32565
3473 25714 6306 581 24757
32377 29000 24355 1196 16630
25204 6480 541 1413 20500
24941 23553 19363 786 7285
637 13564 68 18962 11758
25044 21319 342 93 30301
2517 29593 4754 1160 22261
32666 30211 1697 810 9365
16128 18322 1243 2355 17406
20653 6674 1138 15379 4512
1572 22983 2005 506 18705
1160 736 13579 230 30835
18738 31413 709 9208 9899
19041 13726 220 7854 4933
4190 8459 3105 760 2010
6850 28620 220 401 30323
459 1217 477 9410 10458
19477 31282 291 29349 7309
1018 23292 259 6458 20322
22325 30518 98 7552 32689
19615 13963 465 143 12185
24895 12078 445 6956 2296
14221 23317 1321 213 14407
12298 30207 2768 513 32368

62
11718 12013 26241 1246 14317
7166 16642 17278 30688 13805
31022 29002 1785 11475 9156
698 5828 393 10305 11252
29300 16022 32254 3150 5109
30888 26939 5967 414 18752
15522 2708 30977 8861 3594
1975 14783 3760 15022 12912
2224 347 26087 521 28678
25885 25485 562 10385 32252
2935 2021 1624 8825 28570
6968 11416 2340 299 28931
29034 23004 27001 184 17896
30804 13373 26698 2166 22502
32218 23426 32428 1402 29212
26451 2257 13253 143 32113
6614 15292 312 21738 15441
28092 13556 1551 1833 11408
29345 20838 16149 444 22940
1706 31352 4782 24472 9960
7135 7476 8163 576 24733
26458 29311 2711 19754 32400
1425 21953 163 16086 21540
523 19059 883 13820 2354
7538 5138 2956 1408 24364
71 5081 405 14521 25908
31509 22461 19391 117 25615
5052 5661 1676 383 21270
9280 13518 3345 3120 17933
28687 25663 1874 31 3287
10142 9368 478 3038 27928
28784 21508 6700 631 12543
11020 1300 2341 168 8302
27038 25884 18903 54 12499
27093 19935 20192 115 23081
15842 14723 5828 456 7895
29782 31681 1153 27500 22682
21042 14172 4652 193 7718
13655 5330 559 93 13813
24540 19732 1137 254 1117
5554 1532 12586 107 4472
13186 13263 7293 95 10983
20745 1866 26072 241 6988
19710 13543 1329 1142 23982
1596 14453 3904 106 21114
6204 10904 497 2189 26353
22275 15036 5491 1561 14969
24349 1294 2412 243 5870
24493 25080 719 8342 8207
27594 26191 19896 581 5430
29928 23579 682 759 19666
29584 19283 16488 192 25312
25764 2202 13671 40 6873
11768 2144 10274 481 14273
8972 8205 5965 249 18203
26255 23490 2767 1639 6993
19906 11698 31876 90 12132
6457 1858 5038 2112 17593
10671 5879 2314 890 26336
25656 20519 4538 208 3153
26159 910 23632 157 1129
32616 28236 2391 66 1479

34
23430 6999 4586 15304 18008
15660 23382 679 30907 15898
29725 2274 2713 22548 32687
233 23689 5486 2660 965
31837 32726 12761 3128 31446
2300 5883 12372 5177 10990
2323 30874 2692 23157 9221
16968 6274 582 32400 8222
18417 27734 10909 9049 15519
7864 16980 6955 30100 26557
32580 3709 7553 10585 20057
6342 1713 14766 3497 24913
29868 25686 8747 3999 10781
1112 19908 5044 3064 29412
28234 7524 857 3294 16015
6926 26469 306 6529 14557
2873 11590 4405 5651 2217
19080 15196 825 10826 4107
105 2885 953 2418 15478
27071 622 28889 1507 18641
28885 19906 301 461 761
19930 9880 1375 11772 9598
920 27531 609 22593 13351
18197 6823 529 17633 29435
1798 1423 3891 2487 7756
32227 30150 26702 2255 27373
6420 155 10465 233 32244
15097 18010 1392 4528 2262
32654 16730 8865 5686 4837
21603 22696 7934 3895 32463
12641 11959 70 338 26031
15288 25990 142 24526 1013
2029 27546 185 12436 1102
7599 23572 7 3704 27959

11
21336 7455 32695 3153 11469
3628 8328 2366 26156 26339
18472 15434 4486 20638 7135
30698 26522 2916 11495 12652
31136 11503 1966 4119 2266
32505 18454 24549 2229 8320
10630 28375 5619 20198 7916
11711 1709 724 1399 13427
18240 35 708 1529 25153
8503 16022 6975 5734 9023
9102 25615 114 5316 20942

100
16514 17343 14746 27908 6338
545 10422 9119 8472 28540
17068 14932 23268 1355 14788
3404 21483 10457 13788 6366
31988 30294 11386 27939 25631
11320 773 21956 9986 10760
14949 31942 421 17909 7021
741 29761 1507 24653 8654
26538 11336 17 2875 21474
32447 16511 29972 7436 31343
7491 1643 1882 8394 19309
17396 11353 5615 2253 6529
2586 31005 49 3532 24297
30642 11125 8587 856 26932
25892 16397 5290 60 29946
7211 18904 2594 2242 15380
26621 13104 95 1325 1949
14010 12504 2127 12073 30411
10490 2839 164 8899 28863
14233 29849 1653 766 4344
31779 29469 26653 392 31090
28412 13339 1420 254 2253
537 3264 2377 486 16979
32548 24858 30689 2242 29937
22743 185 3299 40 13696
31437 10935 25063 60 20350
1518 5277 2097 4094 19623
31315 20675 443 11116 11326
30805 12602 27325 906 21334
14292 446 4170 314 29793
5725 4152 583 42 29055
7620 21194 3842 44 21546
19043 14182 5128 462 8552
23022 11587 887 1259 22096
4303 4278 336 4483 25113
31602 457 6854 55 24921
5032 4214 2414 588 5780
1377 19294 732 2157 23117
56 21768 783 3331 9917
10425 12519 2460 7154 32512
13344 19711 161 621 8354
3933 19273 574 673 8549
9091 70 809 938 10400
2272 22502 992 3714 30172
24628 10996 1432 1710 19286
31930 27297 27113 1670 16643
13910 11200 93 2729 8015
176 10877 122 5193 10170
18162 13804 1665 104 17201
28875 13726 13331 1181 22323
27735 35 19696 235 15624
23107 10962 819 85 2257
15890 28991 310 7625 18393
540 27499 2474 536 14910
161 29050 548 18999 22717
24834 13297 1295 805 1790
6085 6680 748 2491 16222
22242 10794 22120 99 21377
19890 16674 11499 440 15240
9432 2609 766 5505 16614
497 38 2974 1371 30819
15375 31866 84 11492 10376
99 26310 1879 739 12084
14770 27955 262 760 11156
11286 441 491 53 16934
10812 3127 351 7116 15688
17096 219 5560 144 16301
31491 12246 10027 240 28867
3892 4846 113 2241 3188
16277 30412 127 9619 16192
2695 30233 407 18222 1573
15632 11093 4654 29 26767
10446 20113 369 584 24976
6537 868 622 877 10829
1197 23059 1040 895 22833
13986 25961 1389 75 7971
22154 471 6007 239 12973
8047 1391 1882 202 1555
31932 583 29152 19 25972
13913 27043 210 32594 29213
31840 24264 23899 236 17995
26815 11971 2947 1036 23687
9762 14085 189 3231 21321
49 5843 1201 3766 31482
20256 14709 7239 16 6891
32226 23951 1854 63 643
15801 27441 510 936 361
16204 14125 288 7537 27951
14135 31947 261 8424 31028
1631 1433 4440 1800 31649
31492 17843 502 361 2758
7139 5142 341 2818 16626
30456 676 11451 81 9327
14817 12262 1750 187 23009
4772 7890 1084 2255 9363
5989 19447 1219 201 23462
32050 25274 89 1350 17363
13427 10941 353 4059 12393
32227 27102 8770 138 6664
12011 11095 873 676 24657

42
21858 6655 6053 4653 1625
1021 11337 173 18647 22735
1588 25096 28333 17360 232
30156 16482 25562 27827 16791
9289 2581 8715 4103 11947
3068 18521 23176 4759 4419
18158 7964 709 2655 13892
9285 14155 5053 3210 19366
19996 3340 449 14661 4931
14773 16653 3260 314 26386
29160 4226 13507 2630 15258
28875 13603 20854 2334 8755
8950 1078 5568 237 24820
17287 23996 8213 913 314
31448 7760 17793 3474 25894
28559 10121 1499 530 2589
28150 314 30027 3245 13362
4600 1509 1136 14855 1287
21454 2368 4072 1707 17183
12342 7441 1658 1412 13575
6285 1940 1709 1730 10386
130 28955 834 3434 10183
7405 10162 4457 3299 11402
1605 7052 481 1109 9420
21080 1742 74 15535 1184
30342 12016 23167 1114 16487
30055 7127 27856 374 28545
25128 15643 2542 226 24680
19288 14272 211 2917 18496
22927 13705 3934 1160 31038
2332 355 573 14033 22301
2146 4224 113 17005 1789
8357 3978 212 2554 21162
22051 11733 7118 232 23030
8585 2867 585 6648 20612
15114 9205 894 501 11147
9373 2078 3100 407 13816
22259 17462 1963 1024 16795
307 1771 556 14240 31821
11222 23370 933 1310 29960
2359 14760 634 642 30749
16450 11078 211 1936 15260

19
19002 11614 26214 12197 25556
4273 588 1944 24908 28567
10737 25827 26878 9483 8756
13754 9527 14915 644 15812
31890 6663 12489 3339 3295
30325 2193 7006 2630 32664
6493 18445 2687 404 9030
22962 1947 4543 871 23336
17247 1359 1206 4493 31188
14488 12022 2543 8443 32095
2634 30879 6129 16443 9482
22797 6886 8370 1398 11301
9691 17204 2104 1972 27803
8534 7147 4784 2116 12690
8344 17402 229 734 2300
27164 24288 15977 515 32132
1378 12743 187 20075 20707
2558 13956 44 22264 4860
134 18737 591 2885 19042

80
29027 3174 15404 1175 21902
4021 5904 26814 24808 889
17027 31074 66 4822 10350
29372 31264 3037 16474 376
30955 4604 23884 14396 12157
3209 31379 2281 22074 16448
1302 31020 203 20021 18773
32414 23849 2407 25539 21339
14280 2919 12947 2347 19071
1623 6363 1877 23046 5899
21063 713 13881 1461 28618
32080 19053 22041 3710 30149
1077 32138 111 13122 4016
25510 31995 3853 11730 17671
7637 31326 2547 32593 14291
24443 2362 8002 460 4347
73 7704 807 5554 24924
7003 1237 7064 2285 27271
17853 32062 290 2994 10494
13267 32254 344 22825 21961
28763 3599 247 2149 17690
8434 4254 1134 1072 18506
839 17824 779 6808 3316
6071 172 18750 166 5311
2844 2489 3043 2260 20327
22104 32605 2593 268 7313
18024 1738 1789 779 5855
611 26155 287 5451 16863
676 1309 4147 803 19115
24 20587 218 8393 11510
13406 649 4389 423 1040
31785 169 14419 329 22585
1414 4033 75 9515 9856
18607 31267 1534 25658 23754
13704 32253 3057 3018 12308
2513 30558 186 16333 15756
4907 5396 12009 362 28119
11438 31620 1039 1145 2445
1652 31391 486 30764 2747
3612 18789 234 9069 4385
683 5056 162 848 25145
12727 32134 298 8314 25988
20492 32593 1475 5024 11421
20702 2871 28673 17 26309
30905 20472 848 7614 21001
7349 31127 175 17954 2502
31491 28747 426 1564 27269
5556 32436 300 29905 20072
16999 1127 3139 76 25033
6493 31691 693 21192 9676
6137 460 15870 149 26294
393 16154 134 20570 23882
21882 30954 864 866 27676
9613 4310 1096 829 20207
161 17116 2 2046 4336
17607 31767 94 2965 7606
21424 28 27747 87 29133
19864 1529 474 1372 8920
10840 31777 23 5811 23
86 15930 370 16 11922
31195 4364 21823 194 5525
2294 30670 98 3647 14605
6035 32058 307 27116 22401
13147 30827 78 17823 30773
25042 32643 392 21664 20623
5935 3662 1244 1638 10076
7197 32744 34 12431 12326
1407 718 3804 109 17789
3562 6666 175 10598 24641
10381 32330 313 17067 23433
550 14609 262 7736 30176
16887 32606 5 555 9045
3858 10307 67 19955 25220
29930 4913 229 866 27022
270 6532 625 749 6432
17698 31535 830 157 19281
11464 3807 676 996 10854
22454 32430 2087 77 27421
27356 31046 565 722 18161
546 16312 2 29748 22492

16
9175 26903 13898 8330 12847
31296 8321 4624 12634 21707
25120 771 3264 2251 28053
1637 12445 13672 14430 26730
17458 8508 7357 12555 25503
29690 22188 22676 27027 29792
2513 3702 13356 331 5016
31040 4852 8080 196 19322
15669 21608 27562 452 5248
28169 7420 19917 140 24103
26322 13142 4643 227 19101
88 29194 4790 11677 2966
24218 28671 1986 22097 31758
19772 25205 2540 1366 2071
27122 24248 1076 5768 27815
4440 4599 481 7169 4726

5
23619 2874 23535 16567 32409
25369 20442 8757 4796 13842
18150 20962 676 12647 32630
8962 2804 1168 9297 31870
10511 16938 3349 24974 7338

16
21440 26271 11650 25800 15317
7681 26546 1906 2412 6336
11271 32482 5551 23707 31123
32586 6650 19597 2848 29174
8983 1320 2923 16619 7809
4556 15470 1476 29247 9925
15801 11434 25512 11495 22899
1889 3386 1919 30325 19636
15556 847 1753 9897 30752
21539 8612 10707 484 8137
13197 26281 5901 4905 30635
16665 23293 15851 710 11511
7912 32231 721 17171 14142
28776 25104 5020 802 8450
30279 2297 21428 2364 3301
10280 798 606 172 19523

6
29690 2102 25031 7476 12740
514 43 12018 1288 247
11154 5071 18224 13942 9048
22231 29268 5167 14613 13488
9708 32067 12426 31616 31277
31529 16097 23300 21548 13741

44
18920 11396 21210 16201 15829
4122 9024 12511 17404 25388
20074 30754 3105 2142 26602
20439 1171 26679 5424 11844
30885 30525 5754 3881 27544
10755 29301 4676 341 23252
8560 30165 10729 14549 3531
10471 3760 8828 4881 2841
25559 9218 22278 799 4186
1023 11410 2723 26435 12892
25892 8011 26806 67 3037
26035 31365 1233 21780 31371
26457 28279 6041 1266 22043
4588 28154 867 19100 4608
24942 7399 16876 513 21511
5608 32466 1523 290 6994
17744 21170 698 1410 12860
17119 10510 938 9034 28987
25708 10528 14301 452 23463
28213 31716 1688 31332 5556
1315 8908 1189 1619 17548
72 7896 6302 89 2483
6514 2596 6427 899 3861
23350 30088 4578 342 4640
7307 31975 533 9336 31100
11150 27927 22186 218 14660
1076 598 3003 3105 32097
4557 3813 5087 159 13835
18636 305 7924 515 12349
5073 535 5976 1222 3222
20500 8591 2718 2716 7693
48 19292 226 9884 59
18516 28658 3266 1027 23326
18448 18593 87 8361 20036
24201 31937 241 15626 16178
26704 334 30948 672 11104
4439 4057 4371 3225 31770
1817 6423 1806 453 29307
15450 29136 222 21 3384
22595 29926 16456 112 1666
7866 26675 8425 794 5246
7647 3603 7370 157 23406
25804 11126 17701 261 31950
24262 29711 8471 5 27418

35
4646 8081 18574 6924 14244
28754 31442 24036 3180 6990
4233 29511 22752 8073 16989
7653 1527 18864 1762 425
6831 15197 13915 10681 28745
28528 28717 22104 1953 12699
26023 17059 14868 7111 1289
2635 19160 2128 8383 14941
29973 352 32188 15451 24343
27986 14374 1359 731 20815
3829 32327 226 30990 31618
6135 5716 7162 2180 2916
14883 4695 14903 2453 32049
3353 31117 134 28178 10170
6797 25975 8094 2408 2170
22750 24292 7044 3392 17957
18958 307 10548 918 3382
31463 24925 30264 805 19797
220 32095 274 3192 24630
781 27912 1520 7836 12955
568 20278 74 19735 3585
1574 2309 2372 14690 29734
870 11671 418 11480 6053
2970 29214 38 8837 25201
6708 498 10339 706 5757
24908 16886 8597 23 9698
30739 27858 10980 50 25706
9784 3456 19612 95 25092
23764 14510 29 8326 1051
9419 28837 13681 623 19459
3863 17656 166 728 13569
23238 11430 809 357 3797
19205 7278 5296 742 7684
21739 23925 134 4473 8096
6070 18953 206 4082 12831

72
22461 811 17564 26185 31667
32022 27844 17481 21949 30281
2968 18414 12877 4733 23474
20223 22433 825 30308 10169
8058 24576 8830 15872 13565
10547 6408 194 9047 28665
18102 4499 271 3348 14735
10837 4265 1922 10724 24745
1342 20347 492 9613 32378
19386 22969 621 23915 9615
6092 734 11524 298 3809
22766 30549 8843 14424 28820
59 4255 7544 5647 852
20282 3419 909 17062 17920
5809 26768 319 12093 5201
1011 14399 5812 191 3085
1403 30437 2994 24281 2733
17398 3218 228 8170 23448
17401 22464 1574 17015 26856
26629 433 16370 142 13581
6177 10130 2915 2033 16116
5110 24429 192 29718 11480
1875 28456 2800 1263 6491
346 24227 155 296 20568
7006 29848 151 29190 2088
14184 12294 1644 997 1320
14043 4703 725 5025 14630
18954 13119 1209 1326 4242
17518 17721 2708 635 9557
1069 29837 166 9437 32292
7016 27063 644 1372 19401
19235 2711 341 4025 5862
5943 16982 6837 1043 12662
22482 30089 97 31310 10715
8029 15850 327 1107 21816
21262 15695 1039 2039 31156
16898 12076 349 10794 19542
3476 1253 10546 189 17204
1845 1639 12304 1611 28451
13607 10449 3392 1505 15780
27759 27711 3915 607 2411
604 18541 189 31861 3786
4478 30251 149 4661 31789
21211 29496 613 27846 27607
15194 2232 941 5968 1493
7896 5504 894 400 13672
23257 27350 27667 48 14860
17063 3030 165 6482 29035
29074 28604 897 919 24216
5566 23675 55 22623 17471
18011 14594 1336 2184 2420
19944 1486 135 3403 933
11730 327 8586 200 13100
95 18216 112 5917 2363
23951 132 12562 146 9796
17449 21321 1167 1086 31837
9450 9459 154 5775 25948
9717 3723 598 1985 22730
1208 11923 1578 1500 8597
297 11334 722 565 6888
7390 97 9551 209 9558
20101 758 389 164 26512
4481 24785 456 1952 15252
22079 19686 17 12511 20597
6510 31056 201 25907 14054
6227 29024 205 6460 30841
15191 14026 620 1801 7767
25463 28553 2869 125 28656
12813 4977 241 2462 10624
9433 7597 907 595 20610
7024 24100 385 1579 22619
26489 27011 6229 187 28132

84
29352 11472 24767 11760 6868
15567 22002 7865 22403 17589
23489 24647 2506 31088 29088
5379 8378 6206 8487 14784
689 23980 4199 10468 6736
12241 4667 366 25137 8126
17991 1411 13819 574 19426
19802 12470 1671 8152 29768
24066 4800 12705 799 5109
16072 2153 3449 10980 5506
28158 32705 28895 6975 4133
23774 2045 10809 1835 23062
5406 32438 8298 27464 22635
23211 6632 3415 8900 18879
27864 25913 17548 5534 15353
31955 7044 5631 3862 26024
2308 1308 795 19707 5049
12610 2839 2316 14211 4872
28621 24964 18666 649 21994
25281 20158 3102 231 18688
3216 187 98 15335 11544
4415 4451 3599 180 3832
2866 22054 2773 153 9866
27893 8208 791 10985 12017
14313 22629 69 27550 17373
4630 7401 250 10395 20974
16221 15516 1883 4317 25477
19913 2075 547 1024 11705
7035 17208 1959 9368 30583
8057 27657 1198 1391 4622
420 17311 73 5545 14812
14145 18976 115 32023 8958
12169 16082 30 434 13246
5044 27542 208 29239 13232
26619 30536 883 31537 8165
608 12733 139 8802 25415
770 4642 4 11082 13993
5166 13762 89 5836 9281
9911 29567 824 1418 28431
4168 2880 1736 465 28424
26382 28421 120 3595 9663
9095 2018 1953 3494 2239
9318 17069 2759 9819 8680
966 3870 994 17764 13539
16189 600 5315 193 28600
19181 14971 224 3190 13207
14419 20141 124 25836 177
434 25436 185 14149 9896
19380 19721 105 1694 32691
11555 418 3204 1776 27109
12146 13470 5 6267 31944
28878 7489 149 9599 28475
26918 8845 708 4487 6391
15154 10404 186 6181 12299
13317 17120 263 4826 4924
31856 23411 8069 1456 31480
24033 6056 10922 209 8263
21279 21089 1374 395 5952
14654 22091 339 14052 31402
21704 6586 18157 44 13082
323 3212 122 11585 28516
22358 16958 3134 1416 28025
26495 21095 1323 7320 26771
23016 9181 178 7242 19626
5554 31900 1550 404 4131
20447 4772 1861 257 8613
31251 867 17560 378 16770
15460 1762 199 1770 22844
30432 656 27957 153 5924
32061 3887 22442 505 15291
6227 19236 151 9081 10831
29749 31486 21227 442 7990
28069 32548 10375 110 29559
7286 315 1826 1144 7239
3350 5927 1161 11027 30487
5177 7588 947 707 2374
13727 23180 215 27190 1801
20427 6982 258 4728 1162
22438 7940 164 7305 3774
3556 22734 493 45 4873
29735 7930 573 3502 27234
30256 4471 2459 314 104
5806 31158 6683 223 18277
3166 18164 415 3596 104

5
1970 19737 22452 24481 26636
26595 28679 2004 6709 22120
30111 8075 4878 32608 21961
24035 2736 3676 7567 14338
13034 6254 1066 3732 24362

53
24744 24346 1236 16742 3996
12713 7208 18088 13663 23043
32605 32091 31807 24742 27945
8408 18110 3544 31959 22246
14279 23400 9061 25026 5856
4622 9192 409 9973 21253
4336 2420 513 3002 1887
29575 21249 3144 1919 22047
31860 7341 14266 2647 8800
1461 15635 1589 9037 20478
812 25534 1176 8776 12467
31037 20003 6259 813 14316
5337 14567 6539 3364 15866
10376 2541 2306 743 19704
1287 142 2822 11366 7709
18595 2109 29905 861 6034
23270 4870 386 231 13276
15246 610 19049 61 19124
31671 11910 6677 1829 15786
5367 31146 2376 18361 4404
31119 17016 22324 199 27174
6568 4430 29946 394 11986
297 12782 885 9168 669
31149 24721 13006 6281 15990
15955 5884 19300 112 566
13997 98 15209 273 20049
7800 5730 464 758 15970
6140 19203 361 10424 26737
4017 22475 611 9943 1523
13145 21041 610 15189 9429
12013 655 1242 661 18175
26196 31495 5145 11473 14994
15484 21982 5130 641 9304
26543 25236 75 3751 13567
2460 28186 1468 21108 18599
24476 21866 34 3457 26372
23539 28183 1043 29332 5287
14310 1659 474 343 31044
5964 610 2813 3593 32512
12991 32111 90 20052 8483
4717 32103 467 27253 15629
10118 9851 1070 1680 27492
32173 13942 26460 1110 6679
32585 5173 31610 189 30763
431 26260 233 24332 25770
114 10986 439 1060 3086
31317 8982 216 1141 29734
30007 25812 695 3791 30066
31089 3178 29248 1004 26387
5178 6186 1537 438 26708
31265 18880 27199 356 7677
12218 10077 144 12750 12287
7397 24662 723 6041 23680

2
10418 31158 22331 13358 18245
29548 27031 4272 196 14810

6
16028 28106 1198 3431 6912
2835 32693 25844 30388 7210
32280 31251 5827 27901 2782
17365 16536 31032 11213 796
20997 5086 15360 2885 21607
5555 20802 8130 11433 26867

84
1077 7917 3725 28354 13714
16521 13633 25403 15577 11658
17424 369 1286 9356 28377
10845 17047 3501 11661 21812
27188 8436 12475 644 29244
30129 29553 24888 9404 11734
6421 3478 1176 26867 19182
10141 10392 4326 6322 30682
19439 898 23750 626 10424
23264 7460 19924 379 20687
15522 19245 491 578 28791
9926 30962 7684 32702 15535
29954 9881 12654 15 7420
32659 2392 30269 3424 31025
4991 8690 23 667 14315
8234 10442 335 10436 18124
5416 16617 534 32685 22593
21337 3993 1249 2784 23437
24324 10815 13833 1513 18815
21597 29849 508 25211 28214
24587 6001 25775 531 15424
18984 30625 2169 10708 11018
603 1199 11959 964 6303
22915 31535 1441 1239 9408
6969 30992 471 29194 28044
25103 30146 1240 30645 687
12927 3360 1010 3342 25587
27614 31342 87 22848 20551
14919 2762 750 810 6001
4982 6617 778 921 31227
8800 28681 1479 335 28060
28628 12386 30962 6 2604
1905 3792 2112 824 23204
13952 4470 1674 5276 25835
12829 2025 1934 946 25471
18241 30040 383 13499 800
14615 24889 451 4104 9597
24364 31308 305 27621 21775
8742 18306 967 8090 6441
8024 21764 554 19753 32267
9917 30702 7 10731 1576
10873 29121 2982 878 19870
8907 8191 276 4403 20076
28705 32572 103 25576 27917
19283 9242 4582 1228 18728
501 6288 41 6356 11105
7821 4921 891 1810 420
28974 6967 11584 108 32256
29617 7251 1529 18 1947
5918 5551 355 8253 5435
742 10902 97 22233 20631
27739 29422 299 3847 8301
18366 10498 3530 1516 10634
6683 31545 48 25801 22320
20611 12551 16224 601 13904
10201 7111 114 129 26577
30032 2479 1545 2822 23198
19084 3002 1951 2136 20704
25673 9537 1023 194 1461
9888 319 3195 364 26333
8656 29403 1215 19830 4060
15194 20004 912 1502 4978
7726 7815 85 15436 1646
24542 2298 4302 71 11183
22939 29562 74 641 6676
22346 31181 369 3048 31626
17985 12150 1641 582 9022
9933 5507 1969 1188 10242
22344 2398 6811 1363 27407
4973 23714 187 20018 19892
28946 31627 937 20705 25581
19860 29242 21255 85 5498
25104 8566 118 779 30465
9662 8033 308 4406 7090
7886 2937 4902 1159 734
27894 10167 10630 595 16368
318 30619 248 7855 23185
17441 154 21105 157 7861
10603 16921 42 3544 11418
26924 13206 4461 280 5430
12684 30007 421 257 21546
9717 17441 350 10649 23431
29597 1623 212 527 21052
18712 7098 5554 228 26602

28
20900 15630 4017 19537 24397
2740 4826 7540 16181 21814
30749 30147 10862 20932 24878
29679 411 17982 2199 17716
283 31773 5529 12045 24745
32057 17146 17144 1579 3642
27750 20171 1470 13422 9208
13422 16198 2839 3718 3013
32157 21596 5184 2784 15368
19348 12028 32233 3046 32530
1012 26296 2520 3489 3196
17116 16929 3460 26106 10791
25839 24785 362 15952 22848
25392 8159 159 3619 14785
12522 24339 2896 4318 5651
20146 3840 3236 4798 4950
6336 593 21857 2843 669
28478 6656 19084 3552 20144
32197 4271 22739 171 16265
8092 25794 63 28205 8101
11781 4456 619 8208 28292
4061 3532 11018 540 21684
31548 5657 25916 848 1672
8688 23393 331 8967 9431
11190 31753 2423 8171 12930
30744 29362 20948 649 5453
119 16345 2289 3421 16557
7578 26227 327 27997 23896

24
15146 23357 5471 18713 13305
22193 29387 30314 31858 11677
25253 18817 11705 8921 22930
31407 4449 11097 6779 20578
3039 4118 13679 4760 10740
3872 15748 4304 14769 23606
32113 13617 20378 719 19348
18216 11483 2766 2239 14527
22263 7164 7292 1604 14664
10264 15056 8193 6098 31714
4408 10166 4120 5200 19647
22091 19025 875 5895 25640
1157 11379 114 30731 29107
27453 16245 2623 2365 3363
13587 1444 21297 2107 15805
8728 32588 5674 6479 32530
3590 25319 23 15487 21777
22418 15190 17444 662 7449
5094 764 32616 460 21913
12455 9076 3312 4865 24755
11336 14559 16203 420 27440
1885 5725 446 29675 18474
19490 4740 10174 1314 21299
3688 31261 3537 1006 11479

92
29052 32288 3816 6824 22162
5152 29303 4142 25283 9736
12447 17234 9411 24835 17144
28585 28124 12963 411 27252
22963 16274 18765 10315 19507
8153 1560 2084 23701 9400
16466 4269 23997 4056 29330
15864 10230 28373 160 31035
32305 3271 16328 47 4519
19578 11877 28257 3939 4849
2542 2959 3827 7069 25097
3241 14436 3041 13071 10114
18925 1553 3218 1396 32265
28881 10539 15660 553 18340
13976 10418 658 599 16652
1991 11469 74 6169 19465
11879 31157 452 7008 10789
22348 27346 4880 16791 4403
1337 19040 839 25521 29832
13917 13939 1095 1525 32534
28263 26621 2043 491 17873
31817 29579 16907 2212 29113
18051 8565 13994 797 16125
16786 9622 1936 262 6692
15829 16 670 1958 22823
30746 116 1344 3 3128
94 1303 878 13330 27548
10655 6766 626 25346 24492
13067 5901 245 3360 10215
25854 2593 4944 48 2493
11419 7041 314 62 23639
2351 8510 61 10928 24117
4543 27587 4760 551 16195
23358 3447 20720 715 6229
13435 2185 1421 1251 15855
2717 28830 96 9145 14847
119 30316 446 3234 18460
7096 3870 474 20749 689
16614 11164 2926 3530 23600
22516 431 19529 912 3370
14692 3855 5515 78 18254
4272 29646 104 26989 12244
16284 16031 4242 247 17276
11309 17389 99 4110 24920
138 20850 893 8515 1451
5725 11219 923 2744 1331
146 16064 1544 618 20360
2585 31504 86 6131 2816
11548 9021 619 5917 7553
6585 25822 3826 1504 14986
17071 10603 1769 332 16829
17761 2974 20775 250 21671
22065 9864 18155 126 22210
22294 135 13894 67 7243
2757 1313 1585 326 26923
24562 1473 8478 601 30631
14912 6446 434 2668 29410
3788 1852 4113 723 6077
8829 28259 811 535 6525
23966 11363 18838 491 25552
28236 31019 599 26535 31407
27532 3225 3475 54 8649
247 397 966 93 4929
28948 29508 267 1954 23879
1148 7308 1167 350 23577
10179 31835 140 4664 21995
4655 28221 130 5717 28455
9826 27991 171 19396 25130
20183 15992 29098 1 4769
21955 25900 344 25360 6884
23478 26730 1542 185 31224
11505 22716 374 32745 25565
3761 31899 263 11257 23155
2794 14382 326 1858 5558
1670 206 13645 186 10985
27271 27129 32621 484 30584
24629 2332 2116 97 19904
1115 564 1239 2451 4578
27500 31059 457 13845 17302
12214 13403 658 359 3750
24470 11198 3296 158 26662
16554 1194 2336 1100 19277
950 18061 243 2222 19882
11427 23692 48 11420 3330
7737 28341 231 274 22332
15870 11481 512 3990 10529
10659 32700 681 29033 26880
32286 8521 552 793 19853
14504 5702 190 3213 18414
3897 10158 625 1522 32644
12715 3253 56 4149 30558
6263 493 4424 566 3037

97
21222 13733 32502 2311 18619
28 1520 569 28413 8968
24624 23888 8682 30876 15804
11944 1835 30523 2034 2563
16651 15399 489 24784 29512
4900 9289 11463 31415 18717
1935 5950 13819 216 14773
22193 11573 21686 697 23050
22581 25654 1571 20418 8487
26768 21185 22703 1681 22105
16969 8978 1482 410 18612
4671 17485 223 15785 12221
25415 18799 6782 169 22099
19477 19307 13834 1402 19887
29912 5531 14491 3766 8772
19813 4089 1081 10099 25090
21050 24778 1237 6513 18836
23374 5033 30512 389 29621
2213 4254 16168 985 6597
29655 16610 20590 748 14462
9681 1420 468 773 1028
1049 8353 59 1164 1584
29962 4026 22819 880 14369
25539 1498 29189 163 15385
3291 10241 66 4309 4039
18160 32300 257 21332 3737
2616 31431 2031 22507 1485
21736 22199 354 13 6971
15302 427 6605 801 9320
28250 9305 10215 1611 25312
18733 20892 2199 1471 12079
3145 22476 668 151 22546
1089 1245 8640 102 20533
7495 6340 1171 2565 13309
21481 6405 6108 4736 22535
17033 9660 1023 783 25609
688 19221 805 22056 7864
2608 15816 1670 5227 14921
22840 22884 14998 147 1488
16558 20640 22 21054 32474
18200 13200 1407 1306 13251
18608 23002 827 9387 2836
1198 15388 484 7 7192
19298 9512 97 1096 2639
22769 17955 30013 12 25275
24911 17140 488 533 20579
27708 11337 24113 128 1774
27798 290 4128 687 31772
20098 24447 729 29325 16410
27818 13149 12850 477 8075
29515 18021 24100 372 16076
31778 10937 11281 157 14707
19444 24685 567 25644 31108
21071 12312 31974 370 6811
25849 16350 3635 984 18412
3060 2496 8052 324 17020
24200 261 429 841 32742
1792 28227 296 15841 31019
21101 5796 4073 586 16587
913 6976 1000 772 16870
1188 205 453 880 489
2242 14874 59 22281 28668
1709 4043 15 1817 14960
17252 16429 5315 2846 3298
28004 5541 453 1136 1597
17265 25636 69 30502 7906
19282 6359 369 2329 20204
2719 7616 4494 1598 28882
21528 32684 907 28876 22623
11071 7346 2211 548 8985
30555 12699 13319 42 11447
27262 12805 24696 53 12592
10039 7577 1032 42 6373
21382 5013 148 328 31365
17642 20717 511 1703 11146
3639 26055 912 2685 11210
22303 25133 272 4530 20380
8738 6820 3518 450 21548
7176 307 13225 19 4706
7299 7 24678 51 30973
29796 21039 30621 86 6861
14112 6230 3720 545 31157
17775 29738 303 2160 14834
28103 23204 64 191 18813
16635 11737 1246 2593 29136
835 1677 778 500 20938
16772 5365 1955 710 2373
6903 3981 8475 112 16543
31547 23229 11480 399 2945
1653 6486 3974 42 21908
14323 400 2430 14 31553
29245 17535 26411 1 2909
2989 25022 754 398 14787
23057 18446 3978 299 7870
29973 16151 30162 328 17951
19186 14748 1194 332 18738
14338 1344 8615 380 16013

72
29133 29323 17446 11205 6086
663 12122 13401 19126 520
16171 28108 5565 25760 15681
22321 724 9411 23774 30088
14984 16407 873 6371 26582
15514 2147 810 797 21085
26110 29831 1151 29133 8818
4660 32385 8269 129 25102
19945 24845 17804 127 4038
16610 8047 3799 14371 19361
32667 20070 9855 4530 29392
172 11616 7578 154 14465
32605 1277 26804 17012 15989
24116 27460 512 5301 26056
29724 26105 24689 525 9886
4797 2557 2607 759 27384
13351 31549 365 6651 22182
17988 1105 3772 1013 82
15358 26210 1866 1163 27725
6 31775 1386 23989 29054
2798 6401 6032 2045 32533
20988 7960 140 13378 14745
1365 6777 185 1315 6611
27086 26984 29851 1579 1137
698 11984 8538 133 11546
29207 25785 10866 89 18846
9024 3348 3935 795 19003
16440 2704 5341 1895 21284
14008 3572 694 4029 22199
9118 7983 5820 3591 30785
2237 32402 2134 22001 26207
27385 32077 786 19252 30574
1341 960 3177 1032 19914
22111 25077 483 9336 5703
32371 18430 14344 29 9398
31933 10250 8 1289 16133
32204 19020 27565 668 23952
14579 26099 478 21324 1441
24835 28591 482 4754 17623
8372 32597 4101 13612 26941
31947 6736 568 8841 11564
19100 25120 1291 279 15101
20905 421 4436 269 7299
9362 295 6684 210 16097
1535 2547 3179 2043 17043
6884 5994 650 320 24136
7367 1906 7808 471 5438
31813 80 14630 53 21766
27297 28580 787 1360 7474
21971 14110 133 1069 8843
18052 24540 2558 68 31200
16931 24967 900 959 23655
319 9647 7527 663 15280
23930 25293 4428 795 19383
21178 18499 172 1939 12522
24916 27370 707 728 15210
15240 29383 633 28101 27815
14162 12387 543 8977 22268
23355 30438 677 25880 1756
20029 295 18390 55 29111
28435 30007 239 18962 5562
7824 3922 231 1865 11950
22885 31155 212 23366 17569
4604 894 858 1099 18137
14795 23316 1388 506 26368
282 17806 53 12454 21715
15171 4713 1236 2476 23499
785 2941 177 5914 19846
31838 7679 95 6952 32256
32227 521 32024 661 9869
14988 24697 230 1205 14067
4654 31722 4763 585 18860

7
12014 7512 19880 24578 15686
29490 32524 30843 7528 609
3544 24852 7319 12827 8791
20578 2000 25753 4021 10731
10319 15834 31 7888 1970
10564 1424 25187 117 11147
5435 5268 7004 1849 22261

66
30139 20922 5849 3930 5291
9454 3442 23082 10921 30955
542 32242 31776 18312 681
7705 20284 12865 6676 4966
24679 15105 27279 837 21171
22593 27844 8071 780 16130
24113 28894 25779 1360 28696
1170 8018 214 5550 32490
26969 1997 12428 621 24350
3609 2950 2820 20330 31493
1460 9428 9 10652 3196
22212 3142 21506 57 31935
22113 23308 3012 1508 22872
29008 30808 10835 1180 5321
20699 18875 4117 1990 26475
26448 235 8386 307 20016
26969 18547 213 7764 23254
12026 16344 32382 953 12717
4952 30552 14702 220 14770
29629 25591 31949 812 5402
11838 1192 3853 165 3188
31046 18766 6366 226 17325
17480 922 13194 439 17958
32443 32355 29730 7926 31669
5637 1651 10093 739 13760
2480 5216 684 25249 102
32747 807 11359 1055 32279
8481 31765 9572 291 5202
5986 27671 16601 224 8469
4535 26224 1370 2570 28068
7334 2977 12005 169 29725
31078 26985 8841 928 814
32268 19739 14266 938 733
1165 2461 4727 439 24768
20324 30168 2437 850 22946
6438 20050 912 7301 17102
13502 28198 3365 502 21450
1735 13436 254 7495 31475
103 17811 548 12709 5940
14805 18695 610 937 4413
16011 31503 11450 137 12119
2030 10356 302 16715 30342
10954 31179 3914 247 10342
25035 16014 1730 32 5575
5909 28406 7325 438 7789
19077 553 25938 7 31757
269 8056 558 9370 4190
25283 17652 16024 690 11843
6570 16801 1701 2442 12537
11004 17662 7832 915 1337
17662 186 16718 47 28132
7568 4537 949 2118 22835
29273 19251 645 4570 4910
21155 26048 5058 545 643
11360 16054 24403 269 12767
32665 6271 4124 2760 15599
1794 8155 292 698 21210
53 31378 8716 217 23023
27289 25145 16718 96 25518
9577 820 2639 249 28859
24569 30286 9458 82 17340
31195 25329 17184 175 23647
5147 30094 13664 284 5443
2712 380 9979 362 5383
26772 3096 31633 10 5919
32748 12509 32638 1458 6526

85
16630 7080 453 20930 27651
2823 32599 7749 15887 22627
18929 26994 24733 5444 5957
24174 11155 10853 6812 26018
27530 32698 7103 23650 16660
12570 4323 875 20952 8558
3841 2037 8383 21410 27297
16242 19901 105 16041 29776
18745 32647 8779 17769 25725
32104 371 28529 6730 20918
18857 18730 6044 5522 12089
11777 26048 415 16991 27129
25012 19424 21849 6051 20626
32416 9697 349 92 32636
2443 24735 8650 965 17231
24036 9363 843 1545 15251
15261 21572 427 10899 5878
18983 1748 5934 2862 6001
28442 8269 1770 2084 14900
3526 28417 5318 585 11196
17500 12263 689 19200 27964
17655 32247 461 18170 11734
1586 25532 574 9733 3772
17599 1781 991 1900 32535
14015 6206 1518 7239 14639
2508 24379 4139 270 7422
14245 5595 3459 32 10813
522 11175 417 1524 10794
17613 5657 11339 359 22828
14331 21528 674 2193 13197
30514 18024 28279 1255 26281
18588 8208 15 23469 2542
5046 24230 2460 23 9859
15716 16608 389 1917 25169
204 12711 851 30279 26483
23423 25722 21002 1224 31601
24207 8020 2708 24 31221
5315 31123 4583 526 7650
9956 25779 920 3362 12357
12238 2556 2181 352 9821
10327 29651 982 2903 24932
11306 27184 76 2077 8752
13193 26367 1641 8250 14920
6651 23520 5185 480 494
19157 10764 1809 4857 3465
1301 11629 2161 1712 31679
13660 15968 841 5086 1702
19202 6309 2709 1127 18303
921 632 27282 850 2136
1626 8740 648 2627 27598
12974 26746 162 17265 29021
23935 6039 11 3239 13911
15469 15008 94 5264 29799
3462 16057 270 4661 2172
1991 4685 664 3797 27828
31382 7558 27965 1071 24068
19275 25611 19345 30 24521
17266 7996 98 31377 401
18390 9774 56 2520 242
11530 26566 205 11575 2027
1279 28356 90 11676 21432
19566 57 11362 311 9982
14909 25645 82 11825 27932
12274 30892 287 5010 7620
30212 7181 29077 65 13281
26016 1588 10 1667 17178
16434 31748 376 16208 28766
2225 29085 239 14251 23691
2892 31834 6096 378 14472
21305 15999 1826 1992 18521
26411 10850 16717 201 973
1059 18286 89 27366 21063
32717 9125 6628 62 26272
1480 520 11471 20 13539
5151 31655 1701 156 25293
23364 12559 300 3853 21166
26952 18050 2607 72 8465
30092 2643 1151 361 18830
2188 21575 720 699 24150
22967 9295 549 2167 19442
8443 24251 1281 273 22507
5765 27603 1060 436 18414
14857 4795 7654 146 16433
31041 9240 11296 204 26925
32 1114 61 11083 25774

15
3029 7175 10546 32607 7936
18451 10665 20583 5084 5091
23048 32397 705 13779 24257
25943 3274 31228 4858 17584
20251 23497 20834 987 16404
27828 26167 12044 33 26394
30891 26785 30563 28894 3606
1601 18453 887 17444 2385
19740 29212 2995 4635 32398
24714 30530 2146 22621 5324
11904 3428 13311 333 30009
14684 24113 3273 30569 11069
14198 6670 5549 2630 16650
11687 1005 2990 673 10577
29535 19807 12969 2653 2105

50
7763 16574 30266 30591 26294
12954 1815 10212 10658 31525
4425 16036 2835 21684 9652
25973 5653 22138 5229 15198
5300 6600 1526 2458 14040
2125 632 10967 519 3261
28794 2105 6391 2751 1426
722 30354 1973 21332 26325
4171 15765 28661 15 6212
1297 13444 29645 377 6282
4520 6527 23 6244 22513
22 4278 1199 13993 14525
22444 14083 17096 208 18081
2942 2847 1585 3084 9845
30801 15806 8664 542 32382
30929 11225 20140 1119 21231
17209 1216 20425 260 12997
23241 2660 2705 7042 14578
13324 15454 23958 210 8739
3730 31102 79 2508 30070
2457 3601 147 8767 9938
3295 24245 302 771 28212
27660 14512 9266 209 4915
4922 11190 3495 2068 4288
9834 12800 15050 507 6956
6593 1384 2622 199 14524
9836 2187 2809 3964 3070
25845 12564 13219 675 12111
10050 6200 1216 2457 16813
1337 14492 1308 13011 23159
8972 10537 2593 379 12311
2704 17214 898 4603 3629
6431 3988 603 1599 2523
24102 2129 4266 454 29674
13615 14355 11812 294 5162
5824 15558 642 148 29821
2076 2901 700 191 25537
4165 14799 547 766 14548
13071 14942 8066 80 26854
10750 1266 1374 685 14265
7283 8216 1692 2085 2043
24203 16362 30470 184 21630
5495 14230 1973 149 29741
4580 5303 422 1299 23763
26931 15869 3716 428 17832
10847 14746 13490 188 32154
164 32394 375 12096 15592
24311 423 8754 489 19755
7514 20120 174 32168 24310
30460 5197 1496 239 23537

43
18609 28652 22183 25054 17394
31738 6473 25601 9245 10863
4299 833 19710 5147 31413
32330 23775 20212 618 29014
3442 13142 17982 6392 29411
3215 21260 317 17892 19888
31046 1813 592 18394 8703
7045 28628 6130 7274 5308
26114 8495 2464 19857 26721
7529 8764 6362 4137 6516
15490 28069 1203 18902 32378
32262 22061 29126 1278 25274
6176 22899 4517 3324 9694
16570 9342 1543 799 3631
958 7678 1786 22720 24941
1497 32531 435 21014 11926
8486 27047 9125 469 11959
1782 1067 1084 5039 4690
24200 6951 5794 1304 30772
24136 13811 880 9517 19015
12543 20697 8634 1271 25616
18116 8663 4229 2359 17307
5149 9014 1970 2903 31174
3805 22675 2245 28320 15979
28699 23748 20 2609 16350
23234 18944 153 128 17316
31887 19660 17354 1946 25084
26148 222 27546 157 28705
13208 25220 4057 703 32202
22279 11789 795 16708 11201
2884 5845 328 16939 18362
15089 28948 115 15789 492
30116 9184 287 11068 14924
30870 25294 1874 241 27780
29861 28165 7197 345 2188
30187 593 12512 34 16121
29915 26203 12951 90 411
13793 29196 394 25216 16127
29110 10249 208 10213 28755
31340 24741 27610 208 3487
30391 26914 13007 302 10572
31746 2267 8132 1305 28575
17693 28985 57 26928 15511

88
19457 15217 28744 27328 2317
15097 7407 30028 292 12222
607 7171 6846 16715 5207
8644 23911 9029 32588 23172
30419 683 31014 5023 9897
559 31707 6013 18391 5498
19260 11175 24131 3075 11895
12518 8025 13758 3072 16602
9087 13178 4602 6228 30757
12300 3977 6616 2309 14305
6001 1098 21397 2398 3447
1775 606 21203 476 6518
8044 8951 2 9677 25050
7825 16392 113 10296 12171
28559 5729 3626 1669 20741
27489 9596 9825 1411 13404
14151 15281 2930 7972 19803
20405 3580 1905 419 5384
12 6611 26730 17 26951
6634 31577 1898 9612 18902
339 20521 73 19382 244
7520 3582 227 2923 28126
18049 24211 876 24171 32444
5548 1298 52 4737 29038
2270 44 21393 552 15869
5149 24143 23 5147 15528
18122 18292 868 1852 16493
12948 7436 11 12 5248
18039 11891 35 4186 10573
23160 4056 3091 831 22356
9745 8974 2760 3836 2536
326 2927 2113 1239 10020
8706 17446 273 5754 3892
31807 7968 25486 838 16518
2356 4404 696 1234 24832
3142 24695 789 4761 16162
11594 21360 2348 34 24751
5806 28394 289 1319 26308
7077 26428 468 2083 18531
22749 5405 5812 149 497
3309 4217 237 1078 27291
24596 460 557 32 14833
18960 29790 483 16311 28676
3066 31014 2555 544 16051
14724 13867 2579 1072 31240
27570 2518 1649 1785 28681
9237 5531 408 611 24169
10984 7728 15935 143 24983
20282 14747 5192 323 9217
14051 6686 2558 346 19265
9077 20459 1574 979 28704
29396 8900 13575 504 4645
1694 29758 3113 946 31273
9064 7962 567 3764 24172
14038 11674 3959 851 22425
20935 4754 365 1047 9623
10252 21924 869 1594 2660
15002 6380 4279 196 15168
16032 7175 7916 100 11061
1408 26808 33 1316 10516
22156 14568 12873 124 21456
17218 20787 1511 2277 9868
8067 16092 602 7473 32485
8 4332 571 2187 21589
7572 14407 468 1965 82
767 719 229 385 29892
7226 6963 4015 176 6719
26469 15037 3996 60 3285
26831 454 24819 38 31630
20681 6234 4078 74 9245
2942 25239 130 1418 16581
5227 27486 1154 906 31172
28544 844 242 592 24310
23484 611 5264 17 31266
1224 28221 1837 1059 7905
32143 14923 20076 124 30373
17341 15092 175 910 15407
816 4199 512 869 22229
6703 24893 323 5776 14269
10638 12952 4955 30 17566
26652 11012 30083 79 30021
17969 24667 28 5266 178
9076 7272 2994 210 9253
29190 9471 14356 8 21768
22999 5828 156 105 11121
222 28979 116 6756 31789
2486 1433 159 879 8072
21707 4349 1014 1680 13734

5
10778 23386 6110 31800 8549
29733 2349 25002 16291 9436
6006 14796 392 1671 27044
5613 19551 662 28927 22924
22897 26553 22525 28427 1730

69
12472 24166 5703 1429 9675
20327 10281 18613 15303 9440
31758 32508 11264 24630 15296
18545 6136 27066 929 22487
18218 62 7945 1799 23201
11125 11843 1881 11719 25307
27651 28096 6542 2244 4662
9174 2943 19347 30 13913
4873 26849 21501 8364 21702
11270 3738 1270 2764 13560
14065 12795 61 4940 27854
2781 16912 1873 18290 9747
30526 687 5359 3553 27557
240 29492 42 25845 11965
1557 8971 5081 7502 5248
16080 11670 2548 7675 15599
7036 16107 317 4697 31993
30388 5484 29937 646 30662
18747 4471 2406 225 18695
10954 10410 6142 278 2752
6009 26411 5746 243 7711
8063 999 904 2755 31914
8095 18695 118 6306 18531
1179 6898 4070 849 941
8986 8833 16740 609 18343
853 3400 2665 2060 7746
22804 25792 869 624 21647
28401 30968 2001 27247 4936
7414 15858 225 2015 32565
28995 4709 21871 693 6822
9840 2009 11047 79 17038
14203 4631 4204 4133 28989
30489 31939 854 4125 4793
27278 7445 5855 2640 3778
524 22291 251 14136 11224
8280 11370 1236 8808 16165
26517 30471 1803 27746 19170
7701 7634 93 4519 22648
794 7586 321 10029 17344
28207 27401 25387 231 24249
27493 26021 20638 1204 17124
4100 2719 2359 1064 10586
5199 20777 1329 1026 26303
1354 21600 416 8904 6990
10208 24193 1567 756 28372
5790 25913 623 168 29090
1781 5714 4018 670 19558
19147 11988 108 3775 9699
877 22138 230 8924 30076
4678 90 12263 86 19571
7176 11233 105 3335 17719
32441 31738 32459 78 12494
30925 27767 1575 191 2288
856 18237 1840 2016 23012
9738 19367 694 4162 4131
5225 16617 975 1114 32686
2437 16646 150 1110 5048
288 281 96 26347 8279
13701 21115 2151 680 14467
9370 4326 1653 1954 27394
19783 9656 181 16122 25063
14092 3474 1070 1022 8980
13347 4997 477 1739 26579
4994 4819 695 755 1590
109 30286 125 23590 24956
931 6652 3823 16 5362
1851 24502 815 28216 22578
24558 4321 14565 112 23167
19667 5792 6616 133 1266

92
4318 17260 31381 13136 20073
688 13739 1354 1326 32746
3176 27916 1083 28940 14961
21344 15457 25271 1176 30072
1599 6633 26695 6028 22352
6099 31627 10727 8761 16193
17439 31592 1140 19205 18146
18059 2047 29643 2977 12128
30874 32007 9841 9296 8659
2099 23907 1255 845 10935
30769 7443 24779 249 5916
18788 31270 1907 17345 22889
21295 31633 869 14701 32121
744 13345 15252 19 23935
5158 2602 3237 525 27643
13688 30892 22054 293 19411
27490 393 6493 1329 8503
12160 13902 4559 2363 14360
19450 13220 26707 1455 16399
1813 26995 456 14312 8159
343 26968 1385 29999 22882
32102 6589 16057 305 1843
31325 8625 24737 2876 660
7925 135 4063 1378 15142
17093 14651 362 1434 1155
6116 13458 420 1800 28479
4305 15640 1215 1032 4193
12068 5502 10181 862 20983
24690 32765 3372 1055 24051
8695 2893 6207 1528 28876
967 4130 267 854 30868
25310 5102 11737 564 25214
6714 6438 16230 143 2699
2055 4220 5856 670 26644
28015 31745 203 91 14739
371 981 253 20169 24330
29158 5790 19980 497 14056
22220 32498 529 18609 31945
20750 32291 119 2039 1137
14681 464 6553 669 27299
4862 31669 411 19186 19524
12334 17089 16577 76 17657
1038 23477 33 2981 19947
28428 12613 3516 543 28178
1472 18485 488 7239 22195
23651 5709 11308 40 25117
23136 1759 1038 46 32180
29166 9226 2073 3130 20640
12946 1829 3989 960 24319
31027 14845 14506 565 31440
17302 32595 49 22024 11555
7608 13203 7823 93 14686
16915 32347 331 20245 10259
30613 8464 2186 11 17065
5294 3167 2897 1050 470
9357 31075 3538 416 5398
4339 30422 13288 244 23476
22573 203 1794 1309 26038
21260 1695 5037 35 7958
23734 31954 836 6028 4108
23150 31270 23477 337 19543
30553 7887 20445 335 11867
942 1504 2600 2279 9554
4038 17479 232 203 21312
4655 1031 283 1208 28997
30655 9117 103 11 22915
10173 14460 1786 380 26485
1342 16990 16 6199 2749
10334 16388 1015 93 14235
18344 16921 31815 104 3703
29954 32679 514 18051 16120
18269 14745 29470 87 11266
846 5233 2850 244 18745
2507 25327 172 26798 30442
494 21474 527 1760 6165
13186 289 578 1230 24461
2511 13579 1246 6531 9517
2879 25035 1086 18 8897
28727 7061 21129 247 16511
10240 5161 11284 336 21528
22839 15267 5096 46 16655
20601 30603 13120 146 7615
2282 31652 55 26986 24958
964 9610 164 1347 28689
9464 5337 359 159 2050
28279 32515 439 2816 28583
5344 31322 382 32202 27251
14063 12764 6167 10 22840
4082 15492 2440 1 17148
20294 12753 7520 145 1816
28694 6313 28939 199 6492
24889 1155 1208 265 9141

17
28788 11433 13979 26822 32560
7784 7628 15144 14441 2265
21528 4204 29394 752 29786
9147 4075 3286 82 6936
6811 30920 14996 2980 4809
255 14805 6021 7754 16681
239 31694 3326 2418 9145
23528 23288 1103 30183 29881
13755 2058 678 2728 26062
19404 72 11606 2073 19902
4463 24184 13280 1556 16484
6306 28509 14798 1604 5749
23128 29117 271 5767 3
26785 25761 167 31347 27052
26967 25185 5 10688 3526
15689 3178 20903 385 27883
20970 5616 30462 866 27326

11
24424 19732 25629 28744 17314
24309 5643 14862 1253 1964
3944 10121 2586 32759 10844
12369 30282 336 18463 10142
9838 24243 5818 3920 14846
7974 29886 524 31442 3494
16727 6115 4034 28492 3622
7686 5435 5309 960 22349
14872 1715 2029 2443 1404
28559 9021 16534 9616 19716
12031 15689 841 7457 4285

35
18425 743 23851 31267 31006
12023 6079 5720 10222 25213
4968 18528 10947 14186 3824
878 2915 3462 7303 17656
1017 21190 965 7751 30004
5646 12537 2929 399 14606
32757 32245 6813 28444 26350
1469 16738 13752 666 32569
23131 32651 914 19178 12294
16825 22105 1393 11120 28946
15661 1622 194 182 8286
2452 30993 2046 5883 31465
5651 5219 1175 640 11619
18016 5401 402 12911 31853
142 12474 671 23583 16066
21457 32420 547 24750 27434
4269 13049 5497 637 27608
6179 1822 9642 1914 27106
5256 7364 3223 511 30674
1828 129 2282 1955 9037
24503 32335 1647 451 22105
19127 32120 1383 6332 31301
1796 30787 546 9894 8674
27101 32604 2071 1136 13619
12220 5027 3944 157 11943
11178 13 5695 454 15438
20083 89 31574 194 21511
15982 529 512 1756 31419
3029 18174 562 5690 9772
14988 32724 759 25481 6927
10219 5559 45 9390 19756
4199 18085 548 9392 12004
16226 28956 399 15102 31567
2236 22773 371 2986 13407
895 11823 3 26828 22486

99
906 3547 21751 21480 1787
6144 30819 9809 21240 32415
25470 9659 2660 20414 1378
29772 21822 20936 17589 7744
17548 29382 6882 24223 8678
1671 29096 3428 196 31002
30557 5828 6030 5345 1988
29182 29760 524 19300 17879
23353 1583 8075 1137 958
1426 32097 191 4086 18769
572 2410 4885 32 9161
10288 26195 4246 2365 2214
29211 15729 17100 2392 19403
1721 180 7982 1328 6853
22938 7735 1859 16868 8549
15187 26195 9834 19 19899
2604 32034 2333 3849 13914
26067 8446 1255 545 5122
25216 3870 1060 1380 11744
28689 2840 15724 40 16124
18483 1267 20 638 18445
30510 18761 14965 2984 22614
25013 30911 3794 22194 19903
20707 794 9375 253 11468
14169 1316 1820 1308 28058
31717 12767 31281 1775 581
32131 11542 6476 1159 4394
28924 4082 2017 1617 27197
16618 26943 4866 2279 31579
15676 27651 277 729 2833
5206 26045 643 12208 14939
13810 537 21745 179 29184
28974 3786 28396 213 23709
23643 6000 3171 99 7050
28328 26520 31 3188 1510
24550 28212 278 8124 19417
15442 28415 439 1349 21420
28647 10425 39 3101 10666
24848 30134 86 15472 4898
25079 12530 320 7302 6742
2089 27356 1933 199 3619
17790 26580 837 331 20251
812 28160 188 28691 2008
14206 29091 322 1133 24646
319 16743 230 22195 7133
10283 221 212 2809 5593
29567 24033 89 3592 30694
29292 12007 769 1929 24350
29341 14684 9176 108 19979
12069 30254 5176 149 18496
28610 20003 365 4665 24073
5856 30318 3599 129 10398
28831 7055 535 2729 9696
32253 1155 8110 1448 8768
16174 31578 572 26063 4894
28508 3459 32588 295 550
32710 137 28157 22 32095
6182 3294 29083 100 19453
23042 2987 4916 61 25258
30804 783 26435 364 8919
24870 7372 2580 769 12702
23463 24610 600 751 10480
11601 473 1187 786 7056
1128 25083 63 6062 29981
17769 25298 4685 872 11612
28404 20186 38 8252 28479
31927 3020 16383 131 25429
10015 28439 264 1367 8949
30916 18304 17265 32 15812
169 9672 506 1705 30972
32588 15041 12922 180 6856
758 22330 11 25327 30638
4817 25810 5668 222 9874
3818 3075 25920 32 13099
13568 2927 18956 40 8431
552 12230 319 5895 11144
3112 2484 617 619 18798
11675 1451 1635 1135 30949
1860 31274 521 11624 29766
4593 29579 317 1817 21851
16937 31851 120 18565 28078
182 19607 90 15375 27747
23233 3607 355 2826 24866
17376 837 1045 155 6745
3171 25551 399 761 23210
30675 13122 647 1137 4663
13924 25485 3008 14 10405
123 2445 28 5776 5761
3832 45 7659 11 14675
29013 28997 168 31253 22398
6779 1530 3417 473 3063
30923 15530 3706 173 29535
7992 26768 497 706 20963
29658 7529 518 516 17271
31369 4427 24770 23 24096
12828 292 10863 148 2180
22624 1228 388 1303 19993
27927 8690 441 207 7169
31118 18680 964 53 19605

85
29904 28339 10101 17501 10445
15828 18364 448 110 8803
13818 21634 23533 4051 31775
3206 8630 16346 1865 23198
8366 11811 27787 1388 25901
4787 32757 545 23411 14062
6491 20972 3420 23952 3991
21262 30647 2432 11783 26426
10938 25690 4853 25760 18261
3308 1680 29288 4743 32099
18225 14604 11610 1984 21458
24586 32370 2610 21368 3532
20141 29626 612 4071 25100
10295 20162 9706 1224 11554
16379 26782 1663 25519 27928
1195 18248 8165 1188 23253
20446 17003 32216 3080 29440
30380 9245 29391 2522 25281
10705 113 28588 1112 11306
32581 14219 31754 523 25402
1417 30494 2551 10002 27006
18 25846 1313 4167 25425
9844 6971 27012 825 18713
9812 15813 5908 2029 27647
26496 9254 2868 1783 10522
10737 10731 11307 148 3276
2611 23431 2941 1077 25330
260 10978 791 10556 23022
8812 13256 5713 1551 7994
21734 26103 24952 970 15236
30640 8205 19189 690 1228
4159 29590 588 27179 31734
20649 8134 1950 1530 2281
5923 13415 2812 3022 3226
1273 3239 746 12330 4226
5713 23747 317 14351 17346
724 1906 216 2389 12927
30655 27677 24515 66 9057
23862 30968 383 501 27173
25260 30171 2054 1999 22857
292 292 1104 503 370
16158 11733 2974 38 5590
31191 13861 20665 47 27435
22291 13909 29021 13 30226
33 11575 177 6078 31002
29381 28207 101 10520 2796
17623 18424 2105 630 23280
28984 28560 99 28107 15262
32657 3468 18116 1873 32767
7457 10987 2172 176 13389
2249 1691 3 1703 30679
19148 25815 178 23007 18442
10456 28204 377 11169 5930
3290 6826 3313 1766 31456
20039 20780 2419 42 22026
21403 20251 28996 447 3227
12374 18532 4776 712 29458
2913 14408 1769 1337 19746
2948 11169 24237 332 17497
10183 21844 12 13308 20824
28013 31994 444 7657 15350
1192 21144 3006 2266 9098
19631 27574 169 11690 23885
30998 27605 29170 1 590
11017 21399 29451 5 13060
31859 15977 3153 556 28950
2679 28 5650 560 15301
27598 6426 11872 125 22542
10239 21782 88 29167 25152
2078 13756 675 2199 9971
5421 17238 4015 853 18116
15795 32653 267 26397 30261
3692 25976 1230 525 24190
18404 31461 238 4770 12110
30996 27767 14073 481 6288
25172 6555 13297 163 29407
10002 30405 91 32121 27823
26208 13382 18846 44 23987
18194 31942 100 15118 24435
28318 20817 17510 143 5896
20775 27440 7403 1251 8047
16679 11625 12655 42 9218
22743 8669 1277 2164 316
5044 29830 177 510 14235
2120 1347 10697 134 11093

74
19459 31118 11609 30688 21761
31791 11493 16944 32120 17882
11860 4082 16665 19216 13973
256 22694 5238 31148 7498
32005 4640 9244 2160 8718
3675 1124 2559 4666 32209
2214 1527 1028 14222 9424
9205 31570 6754 11371 19606
6553 28075 1531 11367 9277
15050 23966 7399 3891 29065
16987 2853 28900 446 16797
8006 25264 4915 1170 3631
28726 8320 4384 2294 6594
5213 13545 2688 3447 15628
3426 14565 1515 1947 498
8852 1824 2739 8191 9470
23968 23502 5843 2629 13019
16447 53 17028 883 15807
1227 8682 442 434 5307
2884 17775 6217 2270 29731
2943 20709 945 1674 32691
28698 6753 289 277 30161
31040 11103 250 16566 29323
8908 31436 222 32611 24792
16520 30296 705 17382 15757
18688 2221 23895 250 23323
8716 23182 19 339 19287
9479 1259 5267 139 12550
8100 27792 6193 786 19032
31309 1375 32222 625 14581
16937 3411 16494 66 12424
3331 7450 2798 4828 17345
8033 2218 767 4639 18516
23424 3498 7641 566 15255
32759 3608 10310 62 26688
20897 29323 10602 231 27481
17340 30898 1579 3874 31950
30350 13158 471 10504 22426
115 4805 658 2128 23381
11462 635 4827 177 8191
19819 29725 3509 402 26366
9192 10358 2389 1104 16139
6805 10335 2254 1864 13557
19251 27990 5 12193 12550
22576 30886 6351 99 19311
21999 1071 11963 157 531
6092 23580 4815 890 21536
26218 28226 5132 938 1807
6394 24664 4371 270 9860
6375 26868 1455 268 29113
26071 26619 1367 288 5275
9554 17876 719 11 31930
32123 7851 21299 388 5699
111 25567 124 3533 21650
28941 20242 963 293 24462
31667 31725 89 1337 7137
3765 531 4570 141 1872
7850 26501 3589 320 30095
1412 13058 678 6222 25288
9545 23484 7577 84 5985
5242 21467 4615 780 3092
10516 28782 4865 2709 27230
29795 7256 19165 207 15465
972 13659 16 7865 12180
94 8652 32 2749 29128
5672 29370 321 27436 9819
11106 13923 418 1995 30607
29883 2708 1613 69 7206
10052 15024 355 1302 8842
8280 13771 2250 375 32608
6317 25137 1306 755 26336
31676 11292 17811 94 26008
15730 28473 1359 123 22435
16171 31704 291 25276 16180

89
17774 25918 24257 20820 24186
16856 2810 23248 6863 30913
25918 11801 21142 13539 30686
7980 25620 6821 7877 13280
1356 16191 9583 6837 22414
2524 7155 11884 1973 18665
23015 9916 2369 468 1575
20754 12553 2525 5287 30249
4166 2190 7399 958 20810
2267 10627 13042 3040 15126
1172 30676 4828 7577 31571
16993 14707 3195 9881 10960
15755 789 16946 413 2376
11240 17046 3336 2481 10601
27017 10322 7306 855 17665
16480 10371 3 5690 22561
6914 23088 821 27945 30256
22612 19341 802 344 19911
6405 24838 217 32654 22483
5371 26183 884 1835 32511
903 3675 3402 3051 20649
19691 10874 3995 567 12821
16667 15368 212 27684 11719
3850 13694 6662 437 29696
23653 14044 1841 7604 3989
7962 5444 884 335 16169
1764 9797 422 5163 15122
15087 24435 329 4690 19845
981 9070 373 13592 25725
7776 3386 5704 1144 16204
15899 23293 134 15371 25360
16390 16132 58 32308 2787
23483 12675 1716 1135 20615
20106 1954 25837 835 21965
27711 1412 10162 354 21783
31340 25593 6851 195 16798
13030 5283 2431 1379 18494
482 31058 234 24479 25973
23563 11 8611 319 3504
480 28778 4280 504 13804
16918 27877 125 27990 17628
16237 16554 137 7961 28170
15346 9321 1010 6456 437
17392 30755 214 18635 5366
6488 877 815 216 11334
6320 6122 3722 814 15206
405 8475 14 15701 32523
20222 21746 559 2141 10901
4461 71 5660 353 32121
26855 9847 25644 462 14043
7505 14183 1525 330 25086
9859 1440 16331 116 20457
9534 552 21780 195 11278
1322 1103 992 929 26800
971 28392 2162 357 840
24044 23603 84 511 4613
4638 3982 566 1355 22291
6825 31122 56 536 31535
16525 11389 2854 496 14002
6716 31923 106 14183 16827
15917 5986 727 1708 26177
7779 30782 56 344 26041
70 9828 228 2633 25883
1972 24409 1875 1557 23404
2648 15278 9165 383 18152
12822 19860 1113 2106 30777
4412 14504 732 392 20890
7980 24429 5791 150 28096
29172 11367 26919 78 23960
20204 20640 481 436 25448
21758 22290 3520 1250 6183
21303 20155 107 3603 3744
14265 19889 141 3874 7576
5664 4968 121 190 1779
16225 31454 138 15568 32526
12182 20206 11 3577 21586
144 13014 148 30044 6637
7941 10163 3176 318 7242
7133 9242 2931 46 24795
563 8063 357 19458 564
10594 24697 4370 673 21780
16457 22270 174 11173 7771
20534 18054 1773 546 10225
20202 18372 52 24 3651
8044 4718 6489 55 18030
10790 1820 25148 67 18343
2315 9224 2754 1139 20213
4210 1021 1686 845 27404
2080 24035 2819 220 20051

38
16576 14873 9347 26836 15455
31698 6070 4733 12415 32354
28840 23578 23156 24524 18241
91 17614 11677 105 4431
359 83 304 11499 26938
162 28812 8415 3741 3184
14235 822 4042 9235 24732
6399 3200 1873 12305 24232
15993 31181 341 27363 26552
27266 16480 2070 6066 11414
4490 27470 8828 1331 823
1448 21551 10089 2558 17248
29001 23120 17621 424 20087
20970 6860 4882 877 28934
14133 13765 4766 100 16465
30925 1622 577 10586 2611
2487 8167 1597 2686 541
11286 30026 4578 16431 8951
15731 17299 123 1628 32670
30413 11643 17 4640 13679
8798 14651 9021 24 25809
10159 13796 3850 122 23792
18414 8864 6515 1074 27264
27041 24980 291 28019 25596
6262 19863 10027 632 32679
1327 25890 6698 1117 21007
10949 7658 2960 5067 21576
11440 14022 1093 626 5658
1253 2251 5002 1257 15649
32056 4211 26992 96 2059
30097 20719 10583 711 10224
4441 10927 466 294 27230
8718 4083 1798 8439 20820
27699 7579 2368 2666 12178
29710 16973 890 2917 25535
29937 22020 18041 1091 32472
7100 385 22299 257 1247
1798 17978 9080 346 29774

12
25997 2097 7884 15891 23269
26793 22048 16166 20163 25358
13109 22618 12813 27581 17350
4729 16545 6677 30691 7724
22648 18262 29449 57 31802
12048 6407 5916 15332 14243
85 17662 2049 3695 17777
29286 1004 15736 618 27397
9810 700 14715 3190 23627
2496 3660 475 19528 17319
436 29793 290 10230 6626
8742 4029 6292 1582 28207

77
22220 7430 23653 12183 27588
14836 9122 6135 28623 12017
11773 2607 32140 4042 18303
28101 32256 21119 8739 30144
22265 27312 1941 30012 14835
1142 23390 1689 20349 17861
8967 14191 3259 10554 17093
22706 20671 30974 1660 25859
25266 32550 380 1817 21852
6949 25120 2202 25242 27974
18873 531 32050 255 12554
24778 30585 2377 945 12452
3529 21682 731 10656 13254
11871 29615 1792 20412 10285
26231 26008 31623 2297 5975
9207 351 17920 69 7405
604 573 10673 13052 31063
183 2047 30 31249 181
3142 18586 51 28888 268
30373 22937 10309 1368 17352
4598 14427 1552 6455 28189
4704 22382 1379 19738 26207
1007 19275 11 19137 21358
29345 28799 8340 3253 9951
12896 21996 1456 4886 4354
23865 1075 17258 324 19813
6418 17697 1550 109 29836
24247 1565 31050 85 13168
21981 17254 26 15172 29289
6686 19347 1033 2130 30185
21371 25846 275 26814 13482
20071 2000 18587 276 24909
11341 7623 130 4491 22197
2910 19116 176 19726 32296
25999 32076 1223 3632 11928
10109 27137 1296 8324 2805
31894 1420 12184 96 2098
16655 1003 893 129 22967
267 10010 94 26416 7182
25703 22801 948 2392 18805
31060 20007 26269 219 19948
12298 9175 1045 10465 16539
30614 28392 24287 293 10241
27093 24529 6360 579 6192
402 27165 148 1435 13105
32047 25204 2218 551 18116
21321 10618 121 14709 13450
9858 26841 156 16942 13147
9202 26288 135 17020 27932
13728 10794 970 10718 21685
6385 26771 527 27368 25893
27557 31956 136 23765 10780
23574 25165 2129 1792 10417
22010 7549 68 30319 6427
16251 1887 3095 121 5286
14640 26883 56 2302 31786
9457 31646 15 14018 28230
13462 8465 112 6608 30055
21604 18005 295 2668 15966
28544 25190 1830 702 27616
27841 6683 6699 399 21723
26325 31740 1655 36 8949
7495 24174 709 333 6719
708 14892 208 12735 28175
11496 29568 305 12449 25087
19939 1768 28796 136 2558
19923 2310 32680 135 30534
6199 22917 9 10020 5135
15705 1696 1670 81 16488
26059 28854 1920 820 23505
473 29940 451 3811 23304
25002 27466 64 1618 21997
12505 6821 3175 94 1198
28893 2482 18002 68 13161
26939 7299 27619 70 16647
1552 19734 631 2856 24074
28838 9 18301 118 5885

96
9796 3189 6215 12879 431
31058 26258 21001 9965 3989
22546 3562 14951 5906 13857
4385 25462 25423 23722 11669
31433 14231 2423 237 377
27870 15225 15113 4577 1453
31954 21255 10621 1291 22268
3678 19639 11072 1497 2722
16404 15033 9882 5948 4468
22392 247 27482 3198 2392
7002 1378 2448 7274 4892
2523 540 8266 160 32752
7269 24014 10947 515 11481
4745 9099 4977 812 15657
25173 9747 55 359 4084
31027 24069 6770 1392 215
20777 21152 788 1113 29979
27042 22965 3751 2117 6718
15423 21626 2593 1943 10153
752 23620 1524 26190 29106
16266 5873 1763 2381 11582
1016 18057 11070 1431 29714
14854 502 5726 2414 153
3051 22425 10196 258 11464
18935 7114 377 7588 1387
23892 11340 9807 2483 6321
1489 2914 5462 5615 11638
4008 29037 275 16242 22483
22973 24484 2478 514 30875
28216 20903 19361 273 1561
29416 9688 12979 468 16201
31526 23375 16537 663 7548
2035 15959 7150 275 5977
4748 11050 778 2221 14508
2340 23494 699 10494 15810
17300 10077 840 355 6762
29447 20100 25329 561 23368
19121 4430 3116 1247 7825
10718 25087 10160 212 22892
5679 12545 2809 376 17843
30276 30095 57 17669 3318
21448 1782 336 2182 14918
8420 16389 1256 412 21213
23567 10574 9709 40 18851
2842 20 14319 244 30034
13362 22440 1013 691 25722
30088 21462 1144 290 19428
31674 25549 24139 604 6267
22546 23251 1989 579 27639
259 12720 1947 2292 2763
18325 6011 2664 498 469
2103 17190 5059 419 11533
25451 21313 2730 545 27476
18247 11736 185 1422 2836
13007 18473 3084 447 13570
6057 12976 2117 1151 1555
11849 21771 2112 549 31773
10665 16310 5617 970 31638
20533 14081 10096 160 27340
30764 27797 46 1107 18119
2333 12031 1400 2596 649
18692 24011 7665 254 20617
3826 811 5361 190 21674
1069 9321 800 617 25903
159 21941 181 17690 6954
404 10707 7799 87 17282
18169 22736 2067 870 4043
32668 23014 6980 42 18791
6348 1208 247 165 18192
12470 17525 286 162 18953
27374 10770 30464 87 9822
18606 99 3213 161 863
505 939 2120 902 17404
18204 8067 30 4745 10622
10096 24588 750 465 9597
925 15192 3648 555 4021
30425 14734 23957 314 10893
3183 32121 616 17707 15136
28824 11004 10826 288 7629
4289 23699 45 23776 6705
1460 21139 581 625 7569
17187 12698 426 1870 31833
3934 21628 6319 35 8594
30110 30826 31 19046 21069
1929 15955 37 1744 21086
19950 22568 8235 129 12561
18579 22315 13100 188 18563
9611 23772 4697 67 26968
27074 15608 180 2647 2080
22318 3975 133 3229 908
2647 21176 6040 353 9078
21414 9071 107 4961 28655
2970 19601 596 1220 10555
2194 9171 1490 836 9356
20089 10783 1294 209 9543
21010 7743 133 2300 5806

69
27052 6629 26397 26109 30002
9668 13418 13978 14357 9268
4110 29116 5627 28692 25914
10301 6270 14380 6395 17271
18863 29526 4032 26902 8522
10868 31532 553 23286 15288
26858 3161 1766 2594 885
22975 1101 23380 1310 8783
2196 7919 4987 3119 26491
1668 30315 1359 18761 17942
13106 30351 796 8953 22147
27025 32759 15008 13637 6380
991 13961 1562 1644 1874
23907 20746 2291 12364 30192
53 4325 9596 1846 26942
1215 20723 1980 5857 32228
721 30750 442 24460 28826
2986 1923 13595 666 10807
16109 31424 1476 23858 4518
1809 3985 9179 137 29963
24936 8657 1164 9837 196
22974 2466 2861 1681 14664
23440 44 25248 479 27136
8175 21476 1061 2486 1528
23690 15284 215 20538 29089
11830 28551 1110 7256 28406
13326 498 3185 1118 14981
29927 3780 27299 915 30789
4825 21647 2926 6014 13113
4996 12155 1762 6002 5989
1180 7197 3228 333 20259
11830 3416 9826 1256 17816
7673 6368 1811 7607 31816
2872 16059 2048 4530 20810
26581 23174 177 8293 9181
26234 6657 252 20617 30934
15402 28621 697 10919 4665
16677 28056 5183 567 8373
23257 30751 80 9058 13352
8167 24696 452 3155 6909
9514 6803 150 10247 24764
3172 27986 572 31762 1476
14524 28306 307 30292 29585
6956 13700 279 6650 14894
10578 28276 10 25607 31428
19506 469 2932 1138 22421
32662 3015 32360 475 17073
29720 6020 32169 495 6447
367 11056 2995 2115 20979
7343 10412 158 4156 14707
80 13647 769 9097 30211
7668 17296 471 3297 24725
24997 6768 391 586 24216
1630 32026 33 1928 11598
18415 29621 130 5997 4522
1379 17019 381 1156 4730
1685 3051 8669 538 32600
25850 2770 658 1194 4806
1595 908 672 1727 766
15340 5403 2548 233 22399
2776 13200 478 135 16128
29743 2695 29364 192 27218
27700 6387 751 193 28328
19312 5947 7223 90 13848
814 1300 47 1448 25934
31117 4718 20938 684 15446
11577 31239 128 15901 2841
9966 31747 118 12982 15646
3802 652 371 892 6934

10
5354 18159 27509 28497 27623
2132 15470 1066 16460 21400
21242 14171 3983 857 19830
29538 7762 2887 8903 2591
21621 1253 19808 384 11161
1225 8208 25395 1684 4867
18845 12604 1096 2778 24499
2383 7181 21453 848 15474
3736 936 8400 4674 26970
22227 4635 13116 2074 3376

48
19832 31450 23245 5211 26224
4902 1682 22612 21742 26539
2205 998 670 31979 4635
13758 24109 11006 2462 6198
30745 4592 20484 1843 4311
31881 7568 28181 18158 28055
9705 26606 2493 6377 18701
29112 10128 1217 20728 24867
8494 30383 398 21495 1053
12460 27534 2377 6308 30175
3728 27783 4026 7495 17376
1094 177 1031 15343 2920
29732 1952 280 3802 30023
6910 24002 844 3163 31389
3778 25002 2055 671 10492
17329 30547 442 7507 23051
32667 29821 24725 642 22223
28731 6458 8330 548 15208
18203 30074 170 15522 20179
9831 23506 1152 474 27921
1158 29152 86 26265 32591
32410 183 19457 3253 23697
16992 27487 2298 598 3051
30940 25649 231 3538 88
3076 6926 12 18155 19512
30610 12986 505 7813 17595
32766 28324 27135 309 16945
3456 14272 120 21596 314
28320 4306 349 26891 2559
16284 29414 998 28541 13158
376 8568 530 25705 7971
31341 26022 19982 1486 32274
18740 30101 687 11995 20827
28893 10168 108 19121 18996
3773 850 1065 6482 14461
17710 26875 5650 323 29823
17043 28240 3532 562 15265
27179 653 3056 861 201
1475 22485 33 17954 10273
15023 30964 1192 18998 19191
28154 10230 93 4803 15532
4246 27309 4680 450 10401
3588 21888 948 1547 18271
1933 20342 104 13629 23215
26385 24688 129 5934 23609
2957 847 38 5056 22341
16989 1072 5113 454 18965
2190 92 12437 112 14587

13
3681 17789 5059 7185 32759
6980 31760 27260 12794 5035
9971 6020 7650 17089 11177
23408 6866 17485 1703 25127
25324 3435 9093 3430 17517
13011 25276 4369 1684 13426
20888 484 1754 23189 2811
28078 26473 4615 2733 14180
6613 13721 1604 3413 7706
27594 13302 30496 7432 21963
2018 30187 4167 20281 30205
23087 8572 22342 2500 20963
11809 29331 24997 1130 7328

99
31 25036 13380 15379 13809
16907 25913 22415 11808 7711
7343 10354 26041 2144 23653
2478 1453 25453 2278 123
30589 24373 14550 524 19146
6058 16345 2211 7603 13801
23930 7113 2418 1833 14499
26611 12866 14705 7612 16067
17293 16210 8946 7735 31014
31076 4462 10882 930 29532
18385 9697 26040 274 9110
1438 5653 23499 75 24853
29953 6315 24992 1688 1307
387 8853 1373 10110 19547
413 19307 5345 2697 8035
6550 4251 12245 1210 28668
15970 17348 304 24997 12741
19937 5847 29283 360 24713
8772 17564 3577 3810 27291
5794 11143 123 10149 23878
31763 8258 19367 141 32711
26432 21407 21313 906 11476
14269 22910 542 16902 27298
31825 600 10972 2233 4954
10314 12879 3875 4083 28621
27016 21097 26024 251 13250
12483 18853 1370 3356 7015
18097 9134 12218 191 21409
4665 7037 9388 2590 18172
19028 13672 4756 1609 5673
2766 23431 2543 492 8589
16867 24120 31016 250 9807
15476 19901 479 16945 27908
3182 24517 8984 264 4010
15210 17733 29 4813 27592
13461 25948 403 23483 20876
169 6218 21934 411 16056
23862 25675 1747 85 5936
21241 132 26163 102 19835
22961 4341 4690 496 23651
29634 3669 1210 862 1388
421 6900 850 1099 3664
19779 6634 3732 357 21623
27725 23011 8980 917 6149
7326 12759 812 863 28837
2679 12766 189 662 14493
30324 20561 30461 157 23426
26409 25210 24614 181 22785
31511 3374 14719 381 9380
27216 25108 31619 52 17811
9337 22214 2853 610 15634
19846 4632 2273 186 18308
2170 661 7153 75 11168
3287 8216 1128 365 16364
9128 66 8085 104 18175
26876 22552 2056 217 15160
6735 12550 8749 198 6405
5978 14987 3726 49 12021
3065 10281 576 4725 18205
20098 385 8703 1029 935
4529 10778 308 3346 8036
3487 780 10104 274 24792
13999 19629 4 19320 10340
14917 222 2961 368 2462
15463 13470 1575 882 5257
164 14964 173 9398 8043
16403 31583 229 6468 10179
14943 13187 221 18353 6911
17085 25311 4951 199 26528
17856 12516 8190 778 17165
3922 18498 1147 356 482
24060 14173 862 1949 12297
31935 8803 28076 678 7404
13906 26926 55 4594 26413
32250 3870 5565 298 30901
28233 8442 31226 117 19073
1794 11644 768 520 14051
8111 13984 311 288 30854
23171 9615 28339 33 567
14065 18135 35 8436 338
6822 6763 9458 270 28177
28031 2101 3476 551 18121
17526 15946 776 210 15188
9938 15829 187 555 14760
5934 9724 1229 1945 7854
29119 5483 11952 178 28974
17332 23973 20986 49 7898
12316 9643 4312 695 3610
14525 7158 6974 570 16315
1980 15203 292 1968 16081
1794 10319 1129 269 9594
6262 4047 1100 106 956
31663 4194 13642 251 1116
15407 18246 187 607 30940
20088 4842 6369 262 16038
14518 8648 734 299 32328
26509 25585 6824 15 19368
2720 24322 6 496 20227
1845 4094 1410 588 3359

100
31874 1787 10559 21718 21658
29876 26987 4526 23009 457
2031 2469 19293 25945 7912
21367 16031 2962 21989 3611
14112 30086 6725 17511 5203
26190 270 5064 3485 14663
4663 30034 6171 479 27366
24854 19916 3350 32421 7334
3218 32122 1159 11841 20450
23898 1077 1710 8215 8076
29585 8198 525 17142 13230
256 11480 24 4017 23500
6636 30978 434 22522 7561
28863 6944 619 4081 31005
21550 369 821 432 22937
8855 32136 2440 11586 20563
26940 6863 450 10578 28439
289 29230 3420 1221 18400
29099 19665 171 2344 26559
21570 3248 2018 9677 26299
5218 31143 1016 1942 25146
28425 8274 249 32498 27883
7770 1710 14504 131 29579
26139 11006 475 2021 9302
491 30779 1919 16583 26273
29181 28887 168 13314 6592
4412 32523 358 8747 26319
29799 25954 23087 634 7086
11593 31801 3 1418 23093
25960 4469 2464 1627 4578
12022 31337 89 17951 31936
12788 28948 294 27149 8118
31356 26836 12194 44 20575
28884 25412 1996 408 3391
32641 1168 19788 212 15543
30163 6173 36 11468 17480
31096 9645 253 5231 23141
20070 597 969 151 15321
23850 2259 26 9138 29711
24506 31607 324 31935 23516
32322 26881 1881 2 3238
1463 5974 222 3594 23151
13510 28991 215 23602 24620
1477 13573 475 8775 10280
2420 584 12067 314 25837
30316 23530 21426 1541 10940
13292 28514 116 10514 26923
24335 23688 240 5362 3630
765 1746 711 1153 15031
32694 25185 11290 245 5822
24445 9315 642 10013 27668
472 7881 808 6372 29143
5217 63 30758 24 29371
31414 14319 9 3744 15261
25358 13388 662 6297 16155
31509 12698 365 8959 2452
25642 2370 242 4968 9254
31363 152 30286 441 19586
1120 28701 8085 210 30492
1104 3370 287 1127 32007
30362 7823 550 6066 24074
26091 111 745 156 18063
3062 28508 6487 144 13911
27580 12380 659 6298 10672
28906 11098 606 5573 20454
1632 998 17 4172 26775
7071 31355 685 31099 11729
31990 618 23415 2 32637
6759 29389 5476 309 32309
5292 1043 16646 229 21650
7392 30775 1244 289 27432
13981 28511 6342 1471 5816
30919 11885 42 602 26432
9643 2424 14036 39 23786
114 18448 1225 5521 18771
8081 32671 261 21263 26994
30933 17195 326 1744 12558
23686 1650 156 12480 28955
28283 27494 108 26551 8625
31079 22551 334 577 25682
30922 7520 15 3933 344
2414 1098 1342 1208 14970
414 25998 103 277 23501
31831 25716 12291 210 30300
5387 2071 9627 326 18704
4434 109 7477 64 1003
31357 17353 27 5109 2473
1940 567 62 7108 10764
30465 20048 290 3234 21420
8136 1930 14 23 6256
12444 29811 35 15462 31445
32593 25575 4981 80 19676
6626 1392 2502 176 17761
26974 19164 990 342 3239
21 25056 423 649 4142
11697 319 8706 223 9863
4837 30540 294 2265 25261
13750 29869 140 26836 6592
222 28439 53 5550 9784
30365 3814 496 17 7972

98
1025 29257 11900 2609 5585
26532 24902 32637 14896 26117
8830 8253 13098 4120 18846
22785 8712 26927 14774 28696
13889 27830 1273 2425 21391
189 20455 9754 3611 13625
20947 18230 515 28716 15279
8552 2744 17727 4017 27128
4054 17175 2595 3073 21779
10537 80 29111 1817 24479
12400 14769 914 5297 30202
22577 32323 381 15025 7388
6283 5226 1752 10968 1194
929 25002 10256 3789 23161
18487 32070 2398 32189 18274
24165 28200 152 3595 14745
15359 19597 2340 11593 1288
21491 19986 367 17118 27117
23151 27205 447 6033 28105
13813 26720 1412 413 185
26483 6463 11440 338 31292
19977 13722 968 8719 9844
13050 28752 60 11103 16683
30520 4386 27407 313 16917
26506 4807 12724 112 10598
24372 23583 19 9164 10966
1918 10413 1832 4433 32504
2702 5172 2596 3227 16781
2523 2965 916 830 28606
8767 7251 14858 637 13325
18545 17160 673 6377 27977
23572 6905 18861 217 16684
4552 10475 1054 4194 21235
28568 3008 26431 716 11314
11693 16348 508 1794 13683
503 1272 2998 428 5352
9178 14446 3026 55 12678
31749 24185 9828 378 5540
7409 32436 4150 27129 22981
2185 4481 4686 630 18753
28561 23591 2985 259 10820
1372 9800 141 1811 3629
26622 5129 7700 732 886
24468 28703 1151 22029 21317
21926 15545 362 10639 25257
1038 4142 244 15201 16715
13318 31099 1263 27980 31095
3921 24556 8451 440 32155
13816 16472 4713 1557 29990
15145 30358 35 26093 19307
25268 8354 25835 7 4155
1070 21 6789 1142 12243
8179 11216 206 8584 1001
31349 2360 31017 151 8379
18031 13079 566 324 31690
19599 25425 524 1867 29675
5016 31897 714 22539 24187
24544 7254 9378 739 12832
2854 32455 629 1067 8051
10582 22646 3275 668 8424
5529 2282 30442 70 10378
877 11534 50 1950 23549
25146 23993 10228 15 19593
28158 8438 15080 115 12765
24581 1973 14269 12 29909
31057 3725 29635 18 26438
27396 24570 7206 38 3466
12662 26216 960 32 13050
8457 1725 1477 114 20626
19225 23030 1617 1244 4884
8697 12873 7217 1435 11498
22693 15363 39 14130 23837
9548 2485 10495 61 19233
21530 15043 349 2237 16451
22197 26359 143 8226 23045
17768 28247 3123 858 7075
15914 31560 1699 7071 31218
412 4291 293 11244 30595
30166 5908 25704 497 3767
1522 16938 159 1495 9881
25703 26694 760 30053 30275
5660 14013 264 524 29186
13216 24137 1728 1521 2256
10288 20197 460 1776 9515
6177 31872 493 26614 26907
22527 11252 74 14611 14855
11859 25391 384 11 1890
10590 6847 19774 11 11830
304 24274 591 12635 11165
31405 8138 4407 212 29631
18645 27028 596 77 16933
937 32454 1316 13918 4964
26763 4136 1169 586 25145
4164 31869 49 3116 4714
18167 29442 176 17125 6266
12200 32007 242 10058 31594
1602 14952 2324 682 12364
4125 15437 550 975 11756

18
32144 26177 4546 32629 17129
31567 4232 398 6296 24727
16118 10164 11549 15459 21694
1109 18021 12902 16132 12730
10161 1297 998 2746 21429
30763 22885 23811 1784 10907
26361 25944 2212 19449 8444
31403 14550 32315 1936 4985
20894 1560 4074 5858 1568
561 2403 6222 4859 11736
20459 32642 2411 28952 31622
15512 29832 10575 1060 6996
14706 2009 1532 3455 30563
9832 11518 2493 743 1641
29508 510 8928 3709 139
3927 154 5016 1916 16811
17491 31475 1573 651 29139
30197 17250 15089 1965 20081

43
1555 18571 21583 25838 20226
31282 5250 6923 9712 3315
31067 24143 13371 20812 22031
1206 3175 12232 10809 4443
15332 2625 8175 8450 18980
25743 8804 1895 26635 5512
24215 1503 16380 3573 19083
15681 13038 5527 3835 14691
29852 17420 31904 2793 29166
28470 14962 7320 73 30140
987 30916 463 28998 32071
2083 16175 13586 768 18531
24511 19650 1041 20495 3968
29443 8524 1793 740 19498
30479 20306 26978 1433 14573
27823 24035 2765 10153 14011
679 27479 287 17010 24549
456 13286 218 13632 14010
24173 31171 20 22682 28492
24300 22951 68 11379 23174
3345 954 4371 1844 13247
13695 5071 211 9113 14529
32243 22261 3034 1818 31355
23516 3180 497 5432 9107
28566 15965 16710 572 23539
22358 17589 3171 425 2523
28683 9419 1031 3979 19522
19805 1858 1569 590 26651
21445 11985 375 4947 24776
23140 30779 258 9855 640
27753 6098 3276 236 16725
9402 1794 5720 119 2465
139 29570 440 6520 25603
30794 21988 41 26129 15458
24771 10269 969 5256 3120
27687 17833 20 9387 332
14363 6157 730 6261 13264
1004 17122 1214 999 13667
23710 28232 278 13879 16229
28458 5846 1932 105 28227
28308 21071 2028 1818 8750
5016 17010 9635 125 10138
1366 67 1935 2847 28425

92
2062 13241 18230 6006 23552
11821 22836 12456 10533 27088
30042 17999 9251 22077 25631
24476 1244 2466 30449 28813
29415 16490 5274 846 20761
18165 218 5420 5346 6057
602 23722 6411 16231 16776
29259 7854 27393 6405 32685
31766 15300 25510 363 18768
392 9869 19413 418 1853
12661 5872 89 128 27923
27773 18838 1593 31287 28536
4579 20945 691 2557 8827
29621 3561 32356 2333 18471
11104 32390 579 26286 29949
174 20067 1860 3605 24313
20312 9172 2662 8981 19077
11259 19605 10372 624 30386
29476 14262 780 1498 32565
29496 971 7777 1955 1793
7356 10694 12413 583 19655
8756 30965 406 31419 26914
3987 3356 4423 1127 2640
9104 20579 12163 12 10407
24699 31957 520 15515 25486
10009 23331 772 20185 12960
7304 20301 292 15519 18651
320 9329 4876 291 475
14027 1175 92 8126 760
9201 7334 587 447 21290
27100 10490 223 8674 19314
10420 3941 1446 2262 24223
13059 276 2934 189 19733
14553 593 2317 5987 24820
13675 20881 6609 362 1608
31816 14609 29285 82 19971
4653 6820 4885 116 20406
26979 23495 242 21090 14699
12970 3617 458 214 28937
28662 1821 420 2190 11520
20933 7029 717 2047 28010
456 8013 6606 204 6466
23333 7360 790 9556 31439
7881 21423 509 16832 19806
25311 87 21350 256 18512
3587 4684 3423 1419 7499
28546 6827 25984 514 20393
3858 762 6988 2406 8281
12101 22533 8223 109 30370
8396 21595 1990 1325 47
1317 9021 8303 21 604
12476 20957 892 201 7896
10026 4159 272 1179 10609
3566 6530 9024 66 15227
991 1947 1106 2460 3553
7135 11853 7808 284 670
157 14124 8 17355 12717
30882 15813 28457 256 8231
31244 3286 23099 112 17303
1602 12799 7033 41 31018
10855 21470 7764 1041 30315
27459 6227 110 16810 31484
29628 27898 81 12363 27854
16708 11481 2029 493 1064
17312 7827 83 2039 7249
28048 14536 378 3524 17780
29870 16262 15604 56 17270
7110 7202 10 137 10450
4112 10374 14035 265 3717
20688 5588 2220 1257 660
22007 7014 1318 818 23253
7174 30132 10 18264 31024
11437 7412 764 1917 1182
31440 14294 372 448 3034
9768 31971 174 11784 18875
184 29450 374 9145 6992
673 11965 908 4456 15336
27855 658 32038 195 26385
10848 27517 532 1336 26886
29627 6659 3267 108 2979
6961 11353 4391 89 26274
476 8273 7540 631 19542
17269 3042 59 1538 10534
30252 17734 24587 242 28236
872 1150 2266 351 29106
7365 4664 1337 667 22008
27585 11451 433 528 28255
2438 7542 5706 278 10061
12077 3758 752 1482 22154
23619 19796 86 92 29210
25740 434 8110 162 7037
22973 6047 1336 675 17393

80
4019 16271 21332 23658 10408
23642 9830 22070 5146 19684
5493 458 6671 2083 27948
212 4421 16912 11018 22782
30475 19001 15327 10573 19988
28580 9431 1722 206 1735
21486 4436 13828 4666 15351
12 18763 1800 10959 27700
25996 22554 4317 19962 22118
27586 15112 12933 2134 19833
28865 697 8590 2694 29734
32633 32721 31302 11550 12255
17457 674 2301 7446 26304
21450 1474 3231 741 7151
3475 23100 257 10851 18781
28905 17949 16987 895 25131
25697 27562 30 29703 13292
29388 3826 32481 353 25771
1956 21602 667 6723 3393
1276 32009 170 27105 27547
24762 302 3757 3788 29959
1496 30513 1779 14266 8944
30913 32248 1485 11410 12136
25585 16621 1522 3434 29720
22411 11588 863 1578 3487
32082 30116 23762 775 22680
19819 13709 2335 1011 9867
17678 11290 1115 4060 15167
32487 9122 23648 646 3937
30315 31627 228 22874 25186
23013 748 758 429 30841
213 2392 4077 1088 5570
20136 5667 1163 7156 23114
3773 22957 70 8371 17265
5626 15659 8222 102 19481
6146 16 24467 54 3640
7945 15952 16768 85 26715
908 17423 2530 6 28082
29737 3568 21315 65 9107
7817 2671 5932 917 15019
28902 17335 24395 37 29634
20899 2872 2478 1048 3371
3381 31907 36 6963 18562
1017 32274 250 9812 26369
22419 9436 3 1652 18592
2676 21104 526 1969 30657
3870 19692 112 11595 26103
12706 141 712 597 14178
27498 17306 14131 29 12715
32643 31070 32009 323 24083
25384 28302 238 16330 9775
13957 577 2806 1737 1136
5477 2643 262 1192 18945
28112 18631 625 3702 13641
17889 9324 1205 1484 7072
25731 21797 191 2778 30082
30526 29903 7293 128 20163
803 3561 4374 65 24345
32443 30892 31340 169 31977
27960 4233 30103 158 31594
19816 2036 118 8564 22044
1164 673 2818 368 26910
29773 18981 71 3541 4221
1925 18654 1241 72 12680
2244 4347 3157 55 19695
31028 31417 13970 316 10319
30614 30984 4 17795 12384
32554 32747 59 15619 15665
30803 31792 798 113 13587
18620 250 908 35 10986
28335 17409 25848 255 19228
9139 3745 658 64 21409
137 6701 8 5328 10080
2731 24513 734 4885 5044
386 15871 6890 370 30896
23539 2816 286 160 22906
17157 12836 164 1341 7192
20247 206 30744 95 8904
14026 3278 1948 210 30653
1007 31575 8 14767 23611

83
13482 27707 25725 9671 3814
27576 15206 19790 3695 14707
30971 745 27455 4114 30600
12548 8166 109 6591 5574
8107 17981 2864 16911 15675
239 17219 6382 21677 29468
22062 24553 12089 2292 15663
13276 4910 17406 1131 19704
19924 9862 85 7652 45
11645 17108 6603 9641 3766
12489 26957 52 25626 16584
25362 9444 18382 2338 23902
26534 23556 27387 143 9301
30767 14055 12166 837 31583
28875 8027 8703 75 16174
1582 16281 13026 92 20509
6013 9640 865 5369 21916
23445 12411 24506 792 5343
21825 15174 4764 153 27162
18762 21780 4919 1399 29999
31502 8931 5396 33 15882
11851 979 16798 3720 4247
9466 2421 493 12093 2512
30711 21364 30446 926 28010
14495 6245 480 2558 18214
24472 6474 591 4510 7818
1696 10189 3287 3384 8713
16626 7587 6482 2224 3143
32734 22619 20651 596 32186
7792 3025 1182 2003 25617
25939 8607 24852 284 4989
23698 11788 27459 605 26045
2740 1245 2997 6312 18700
31558 4987 27884 921 31496
11223 5611 579 8815 9093
20349 17287 6489 195 21459
5017 9614 511 3375 17352
434 91 3062 848 31733
17107 26969 30822 528 17552
23114 17819 3724 1598 3589
30848 6756 24786 233 8047
13735 11017 1303 1537 23796
32586 19387 18088 212 11880
22896 19808 12978 1544 28183
20508 16588 2612 517 27424
638 14065 4198 1037 15288
28912 13485 10407 215 18142
6995 2524 390 11428 8483
6446 274 284 6034 5985
16241 13563 2619 723 8759
7432 18949 388 31315 25074
23231 23751 22148 123 14588
8304 7545 370 4537 1022
6954 29718 63 2155 21919
18535 25674 1263 838 28634
29751 22361 3105 234 8220
11113 30257 63 6358 2300
22839 17523 1954 158 6786
7526 5168 84 10385 3915
1206 1943 568 1593 25975
71 11157 8 17866 6302
28926 1988 1028 1475 13432
16183 15517 536 1044 9356
21924 11259 1276 3479 479
27848 7137 32595 633 12677
1790 15664 6955 246 3090
3514 16413 5011 128 20027
27120 8129 896 282 9337
23206 9723 385 1997 30204
23099 6048 30154 47 31363
11255 26863 562 24150 18641
12186 27566 173 32687 15256
8206 13938 104 788 410
12913 6490 68 9602 24836
7385 29955 33 17127 12647
17951 12671 230 143 4265
1701 4932 801 3725 18093
9018 69 894 2161 29873
2521 2564 190 1875 503
10966 8164 43 815 10252
20562 18480 249 2024 26603
12611 32712 15 31141 9167
24254 15399 2140 1243 183

67
15490 14382 20654 408 26832
12720 17042 3162 29741 32224
24226 20165 31525 2079 20883
28671 145 14030 6636 26116
19609 30387 25479 3472 26646
21365 22275 18987 4143 21727
19885 27070 25664 1991 9849
32018 7284 24604 5160 3493
219 32557 7081 27787 211
352 4349 4614 5178 32484
534 9652 8443 19251 19729
13281 4757 2719 6206 14239
12684 3764 2675 383 12725
2842 1547 2254 2098 2986
16648 7530 2789 3648 26042
9557 14018 1596 30651 488
21348 16408 228 4154 31158
30567 8770 951 4087 5452
23037 16350 11794 3489 4960
10261 1833 293 8314 25043
23836 4586 1140 2218 31867
16513 18723 2477 2801 2028
16105 31037 1540 17433 21901
17742 31387 356 7213 5335
17656 2221 1246 2573 24113
11696 10379 51 19525 11230
31913 13619 21047 55 7236
8647 29292 397 30440 31951
20977 2462 572 10789 27408
9004 2677 235 19981 29899
26256 16070 10639 37 9219
26965 1019 342 4814 11649
7667 3493 82 2673 3919
22259 9776 3179 983 28011
5177 7136 2249 1188 7871
11487 32574 1175 5594 31255
15908 13526 25647 74 16441
19146 16037 2164 7062 11892
9081 29111 241 25044 24100
12979 13732 6505 127 19321
11184 17167 123 13265 13428
18497 31651 654 9797 32427
11090 204 14510 260 19775
16977 23821 352 2817 19905
19506 8398 644 4271 5752
4524 29493 2686 1065 16130
28542 4971 92 5266 22340
15358 15275 7463 284 32301
29063 29252 9997 101 30518
10914 2524 6164 1125 27248
28578 29854 9604 494 21325
32344 7179 11763 105 21740
22178 3417 396 3293 24670
14551 1046 1601 252 17989
22126 8016 5270 501 23413
20508 6364 112 4142 10680
22471 16 8261 41 15334
31312 13731 27910 638 26657
26575 1605 150 1275 113
397 163 10193 1255 30191
19648 13314 18694 144 12643
10567 8756 805 5142 16675
10614 6237 1255 2299 32594
31659 29575 3050 203 28213
16149 29438 763 904 5442
7857 31571 633 4500 17288
16688 15610 4309 75 28359

9
9492 2691 32642 26067 872
29921 31407 8606 29563 6877
14701 29406 4157 10299 26720
1897 12843 6131 31776 30714
790 778 8330 7201 26757
28447 1130 3330 446 47
8142 31755 1271 2488 29588
25219 29096 3870 32185 9697
22465 28923 2569 8217 19440

52
11736 3285 8836 16248 11461
15822 20372 7314 31699 25551
25709 10451 30622 19445 3769
593 8172 10296 8175 11047
1493 18042 366 19736 23286
5482 24708 8231 5333 6326
2757 31296 8234 32075 13685
28792 31702 25242 17057 6339
23081 5957 13817 2551 10012
20945 1131 21822 3794 27676
6486 17892 86 6175 9497
12981 31339 804 1948 9147
11099 31787 5 31492 31248
9366 20154 5159 1921 29951
23142 25175 1814 32408 21635
2159 2431 6827 4673 12702
13898 24491 1500 8385 2647
21521 8835 2363 4506 27346
15485 22596 284 27644 11608
30000 9346 23210 137 14294
4861 2006 506 52 7044
7458 22009 1891 4 19828
11097 842 1658 206 22363
25202 11870 464 4104 293
4018 232 21063 404 4638
4593 30194 4102 303 31346
11150 30432 632 28276 14312
1131 1898 6557 103 26383
315 20648 692 27404 22590
32576 48 32360 986 10659
20113 1185 710 1803 7953
25407 31463 1778 31159 27877
29124 31165 27716 329 6303
3925 18058 1480 9129 22697
23391 17735 1301 1801 20289
2617 23580 137 22130 5850
14053 1447 3565 1575 24132
24103 10100 27 3563 15584
25073 20917 605 7804 30215
8267 22521 1487 733 10351
13253 707 1065 138 26270
1092 25846 142 2091 26579
4198 16502 6314 273 13897
30198 8741 753 243 29807
7189 18680 1404 3227 28329
26113 8562 781 419 15903
23911 22794 910 2148 5805
859 1090 7 6271 22063
21554 4971 16086 830 7229
28285 9822 5071 237 31541
1882 29871 210 2547 10273
2231 7198 5519 442 6512

17
22375 20615 17741 122 5286
4216 6067 26335 3057 24942
23949 21338 21412 3363 21311
21514 32188 6808 5914 1411
14731 31139 4849 22013 19684
8506 19848 3932 28056 16363
69 23291 1433 5167 16652
3442 25119 487 4310 552
32198 2078 12863 779 25354
3921 10585 10294 627 30253
16092 14250 22882 449 2628
21801 25700 16540 3818 14605
309 287 2625 2857 20154
7633 14882 9457 4908 12981
29409 32186 17412 8656 1762
23941 14707 23160 3051 24896
6289 13674 4883 296 30376

12
10833 23211 29864 17858 21680
16458 13967 24304 1771 9107
26626 750 4907 12902 19476
13325 4043 12523 1583 7017
1976 18838 8073 14136 7940
24970 19663 7151 1907 22319
32745 4848 3916 8149 11153
3951 10197 8785 7491 3310
5415 2318 4788 3683 14179
26905 17208 19607 2162 12144
9100 7524 4006 48 25740
16102 16554 6291 5359 135

1
9905 18233 23545 4833 17954

46
5081 16587 14853 28373 19673
25507 23095 7507 6243 28472
20924 2971 3950 850 11904
32645 1022 4438 11129 8000
10936 7108 10162 4580 26568
15076 12308 29706 2503 32544
24812 30800 28139 24496 16594
7869 2789 12472 3020 12956
26557 16080 27614 2702 18144
19935 32447 1476 23989 8470
2969 12864 4501 559 11074
2899 13684 900 29098 9513
906 19154 116 24210 8926
21341 19911 550 5153 17178
11705 28 16843 164 27930
29821 876 9113 81 1502
1442 28809 865 20830 4170
21418 17073 3876 612 28489
274 2524 6641 5574 23483
25973 7809 3454 471 29133
25070 21374 27315 922 30397
237 30316 90 3260 27839
5240 808 8334 871 877
26993 2554 1327 2903 9977
21857 5830 7037 1747 7121
29216 20068 9759 323 4364
6084 9973 3634 2301 31299
21326 5521 19 5659 22284
22213 23275 1837 10301 9145
22270 8825 264 3464 28146
21407 19823 24854 15 15815
19326 15069 23500 136 15788
10037 15581 2466 455 9962
4951 14709 3978 240 11007
20176 27615 1249 2555 26689
26283 10395 3761 1454 24113
29816 1388 1754 3491 8250
2551 8868 93 11940 20845
3560 8304 1739 1493 3738
23404 15274 28863 68 29910
1208 15190 104 8480 12058
26503 9404 6133 942 24194
1519 16569 567 7836 17278
29630 29559 30946 976 22182
18515 977 742 1131 2364
7956 9502 1472 325 5478

100
6377 18494 32611 11450 1486
20302 3320 21913 10373 21574
13184 32595 13011 16537 5869
13664 8605 4404 7867 13751
2249 2499 15352 5599 18118
26646 31505 20777 22199 20409
15043 30716 9268 1621 13379
25 20996 6350 24065 5153
9244 32136 1916 5799 21248
26737 722 22438 372 3739
25324 14096 12064 171 22853
835 1545 778 4090 24959
2954 8833 9173 2208 11673
20043 1308 13456 360 17521
228 16562 23428 973 19046
27959 16441 7965 867 31152
22317 14419 14606 583 23698
9576 789 8159 574 25178
1631 12608 3700 1663 13274
8259 2026 32095 302 19691
22104 3053 5710 61 18413
7771 11700 877 482 9945
30715 84 17873 429 29005
7780 32732 396 26529 7072
5171 14786 4882 472 31574
13057 30854 299 1164 26540
26561 2548 4760 229 23425
11340 30742 1388 7995 4229
8528 31050 137 21303 8223
21328 29949 5611 244 30541
27027 17391 26213 20 11967
12484 513 13067 28 19728
28003 30707 21546 188 22675
1770 8895 17 216 29372
2438 9952 128 1795 5
23199 2594 120 454 14363
32336 2768 23208 6 12904
23457 2833 29618 45 17943
3358 17794 15887 238 15791
17958 7724 473 268 31860
19192 88 5106 358 13813
118 2965 191 6748 27688
8780 31777 435 8577 13179
28035 30088 16047 9 25659
26218 15087 30051 367 16574
30186 30369 16025 73 18080
24800 14001 26671 77 8667
16313 30310 23239 30 5528
27442 17858 12638 81 4879
16765 30373 1653 158 12034
29823 15523 3380 248 5108
10616 11542 1485 4384 11821
9101 17585 30236 195 11211
6096 547 10263 221 27225
2032 14631 1886 1681 23839
26508 15996 994 132 25043
31032 31077 13168 202 25782
28332 18136 29147 170 25958
1163 17835 317 1890 26963
26367 17368 31903 2 22950
19437 2972 3038 23 27548
18128 16277 5273 71 17154
17739 4066 1094 1041 8565
18571 16352 69 151 23825
7481 30385 181 1618 5551
1656 10046 346 2032 5855
182 10008 852 5542 27153
13776 30106 363 1376 10361
7851 1765 25029 42 6879
19019 5858 858 2151 5716
26674 31339 9079 157 14844
3196 11755 3484 769 1050
5902 1788 1661 204 13145
6703 15431 3787 711 25192
12533 11159 418 5345 9587
5379 18122 1555 269 396
2125 1601 26 7267 15167
28382 14305 29576 114 20037
2953 34 15785 78 7966
17702 5467 547 1922 10351
24944 15627 3138 247 8827
22250 2773 656 22 15314
1114 7501 190 4859 4168
6506 32606 987 9861 29851
6515 12643 1660 1893 16189
12365 8478 271 1664 4373
17573 8299 1748 26 441
2653 18278 1981 278 17374
493 20198 835 704 9017
24657 30532 1113 642 1596
31834 2467 29240 153 20675
12695 8661 639 901 12758
26200 31547 109 6128 17420
19962 13863 14289 113 2347
5466 19688 169 858 23005
24273 17979 30877 130 16610
22819 1124 9345 124 4551
30417 2981 8300 119 30376
24504 31822 1406 68 29536
32164 16026 14889 93 26250

44
12773 1671 23088 18233 29192
24073 20009 13589 8027 29850
9499 32139 1617 1516 2244
12366 30291 23005 10915 12692
260 4236 12014 9674 24669
6675 14180 3733 2951 7502
9274 19567 206 15659 6748
11269 20433 1843 5613 13199
28610 28455 29977 1493 7961
375 20616 731 26300 32317
6970 27972 1014 7520 27861
31346 806 21101 356 21324
14305 27126 7783 758 27094
2691 17251 3433 30298 14255
6462 24855 205 30745 6750
16730 23422 565 1948 16373
7052 535 5292 3073 21435
13883 935 7544 570 21507
9558 28208 15091 1191 26051
10474 14419 605 3995 26947
8677 28007 241 16595 15258
14016 20935 9006 878 29055
257 30871 43 20956 18734
14541 25805 113 782 7501
2909 15303 2837 442 7572
7540 17783 887 6225 23143
17598 21814 1110 650 7587
4566 1483 912 2113 8036
2285 19345 135 30768 26115
23304 1236 249 349 15718
27395 1585 25186 77 7169
11608 14671 403 1145 18467
1203 17682 148 6496 26991
14974 22244 385 877 13517
1484 1495 2787 2595 18279
22341 22483 950 3416 18114
3279 14113 1597 990 2699
11188 32449 636 5529 647
1544 22104 738 20034 15580
1339 16137 3153 1102 19717
18479 23082 1766 2263 6662
17841 20458 2686 122 22801
264 16861 383 2727 27575
230 21360 8 16653 20292

75
12343 8083 15287 8857 3637
13319 27729 23329 18645 3516
20034 19331 1312 86 8706
470 5272 610 13123 11410
30152 14885 27618 3425 11055
4262 24873 8732 12930 1921
5091 2570 1156 21943 23014
26989 19949 27538 1962 4346
30843 11332 7102 3201 7566
26402 24758 29509 1317 23691
20673 1901 13318 1362 29013
26876 591 13277 657 6285
2003 18266 992 27053 27
2624 2655 1067 5120 27075
1630 32657 70 936 18864
13484 5789 24973 1951 13619
9716 10226 1781 12385 16498
13710 21428 7941 5430 3557
9625 23625 3234 458 17773
2208 7940 1292 2699 31161
23397 23202 19561 974 26085
31556 4549 9206 699 8981
28871 8204 4418 1222 18487
1926 465 13868 665 10053
20529 3343 340 1172 30872
3807 23073 268 18916 28544
1150 9742 754 3837 3177
3509 17658 1233 649 18198
7026 15781 979 7784 27903
3559 29340 95 21794 1952
674 31133 953 27185 29331
29317 27432 29260 102 18295
28218 3794 3298 541 26458
17065 5531 6114 37 6342
6466 1571 5271 7528 3098
4082 18884 98 11449 460
31142 10187 20816 920 16425
29993 4355 20007 81 6655
2418 14277 1975 19 13204
12904 17162 10790 2044 23146
24197 18252 4773 381 23682
28462 26532 30802 837 27110
27340 3536 15862 32 10049
25712 22839 4698 122 2475
28987 9444 27787 34 3693
2912 12953 739 792 9836
15701 19585 2469 1518 23271
222 23677 26 19653 28526
1934 4953 216 2150 14725
23730 24251 20947 354 15067
3061 31427 424 25085 21795
19105 3276 1113 1716 6923
22543 26490 3256 114 8472
1804 2014 309 2235 8893
23675 27291 1063 429 10446
31748 22597 30959 542 17086
14619 1412 16699 109 11335
6391 11889 512 3152 23447
26373 18808 12903 883 30387
21470 7766 29857 285 23620
21619 3579 5547 436 5243
28998 9567 5476 598 7853
22629 19296 321 5460 20836
8271 21431 853 2986 3852
28224 13228 370 1391 6971
13882 3422 1737 2105 15428
29773 285 3748 87 31190
25254 4169 175 251 4941
3253 10858 528 891 22041
7015 12448 856 881 19476
269 20024 262 220 17162
743 18534 182 11981 2849
1252 16750 1628 608 16031
21211 19499 789 1272 7641
22899 25642 1069 283 23325

51
11188 32537 20654 19604 19239
27659 6455 28958 24151 15952
6302 1701 13801 29953 26175
4026 19928 1282 6889 14127
23820 7664 2672 20445 21883
32635 4827 5090 1103 10671
316 29925 5184 31388 8174
29333 522 7728 2528 26453
4559 3439 1620 8650 8360
1679 5675 667 18226 2218
5668 20012 456 459 26475
6522 31701 1745 10660 10246
24156 31310 11223 464 4123
21565 16596 647 5815 16191
2820 2072 896 716 5129
20233 3885 6596 3754 20710
20649 21750 133 10723 26965
3948 7574 337 6953 28537
1335 4145 2824 290 32037
20824 10426 1347 5903 15649
31863 32194 20265 14796 330
26980 3132 12555 1287 17034
22168 25123 879 2996 18074
22334 29685 1518 666 29700
2780 95 1364 1834 19449
26784 9120 269 4653 9351
21159 32141 10489 17 5538
24962 28992 1211 343 10442
27124 10367 331 10380 4366
22778 13095 242 5709 24311
4446 14962 700 3773 28104
2490 5193 916 23483 10333
22483 17200 89 2511 11916
24484 1200 2213 936 7531
9107 32114 929 2596 28184
29633 4537 11446 2 20610
22882 10475 884 2333 9802
27161 23958 180 4238 24466
4488 4890 32 2060 22206
660 23961 1693 1545 24140
22917 22164 342 1968 23411
908 5941 682 15341 4205
27664 272 17397 78 23581
8726 689 16496 366 17651
27571 11652 8 15684 12581
773 25806 1141 2794 27136
16995 230 7641 256 7989
28320 5059 2884 115 7291
6033 31898 486 29884 29754
28397 30776 18308 454 23940
9418 15 5537 187 5675

80
24677 6463 1390 8471 47
4516 28867 19694 28934 11107
31951 17539 28684 4663 30547
30549 29379 12744 13754 10264
13834 18733 12591 216 30458
12466 3302 803 19216 20939
4129 24068 18330 1033 19035
1569 28939 282 19127 31734
2977 18774 1352 176 5489
29673 3839 16557 4549 24387
32196 23494 19507 1792 28685
18737 14869 3629 3656 1727
6965 2808 332 5093 26640
4977 4784 1265 13406 20726
581 519 3298 15964 8827
28449 3826 800 15906 20270
30297 13987 24708 793 22882
11151 26988 4861 1282 23101
22662 27117 8279 296 18104
31416 8445 8884 488 12657
4754 21188 4976 1876 7392
24475 30477 1237 22292 17855
836 28407 473 18802 11098
19568 22946 2703 878 30287
17373 27796 29312 1013 15257
21054 22708 28159 204 10828
7484 10196 3888 5348 7392
18573 18980 1198 911 30238
1903 27234 820 18534 3017
14103 4959 4397 12610 20534
26385 1487 20979 2334 4805
27351 31211 2731 9705 5474
4484 1340 21791 514 3235
2891 24010 517 16094 21926
16467 20557 11923 594 12238
21166 4552 393 6 23683
24611 15453 717 2967 21658
5032 2025 19963 49 21882
11855 26216 25155 689 9239
16262 154 30004 1041 5355
12586 2759 7844 28 18172
31421 11245 11429 150 2475
18512 22340 25950 355 13513
1749 17527 1076 3973 12455
6576 12159 439 7893 24605
31064 11630 9370 1530 18847
29898 23702 2192 1077 21883
18235 2959 6565 1058 21665
4633 28051 3122 354 16920
14621 3552 1177 83 28833
29539 17308 2036 4559 19914
8234 25385 274 724 31368
11400 11760 44 6668 7905
19614 7843 4202 707 5918
21284 9260 1951 3151 6421
20745 4677 1036 2226 15740
9471 5112 2719 1186 17056
3851 31730 564 10682 24755
1155 22664 279 3140 17440
26551 26006 19990 105 12134
27200 6298 625 874 11633
26794 32025 358 24099 16300
13342 12184 255 6458 25447
31391 27046 20553 111 1603
25114 28882 21123 208 17657
26680 9436 1431 4837 16945
27480 22928 650 2792 3423
9170 20256 155 362 28906
23882 8372 504 2774 7343
3470 23095 561 8401 32754
20297 6133 26 481 3032
185 31305 13 27800 28134
8029 2302 460 5245 19083
15 17205 147 2295 28543
400 21964 96 27704 422
32322 9061 2548 18 23879
3885 878 172 10723 32405
30226 14969 5424 2298 28352
26383 29185 157 31780 12908
8866 19207 2319 1024 9213

77
7810 6059 10551 15536 11356
11314 32580 639 31339 26878
18603 23588 11305 30457 5984
24406 18661 20757 3675 10171
12962 25536 4944 23570 23272
30285 27454 14728 22211 30841
4377 30460 4499 11774 24920
29496 6347 27680 5348 9598
29620 14067 15603 552 6559
2334 7090 35 17210 6629
24110 22576 15695 687 18883
1200 4841 4627 1668 17679
1274 1097 2957 1115 21394
25689 3411 10234 374 31260
872 3087 9058 1604 27905
20072 9177 9224 5410 21329
304 29760 2746 8955 1820
3199 12646 231 22259 18838
12287 3807 5428 1546 8694
9463 2166 2533 708 24014
9117 31199 1851 18732 13821
29411 16754 6305 942 1321
24018 15795 25457 67 9500
12847 942 19562 2112 27026
20347 6223 6744 1761 4301
30408 4710 19501 227 25806
31315 23666 23629 202 8983
23293 5826 6547 243 1225
827 13475 238 14708 15070
31395 12276 12007 587 20634
22308 21060 2042 133 23827
5920 12797 1448 15698 24574
9861 5403 22647 58 5598
17543 5545 11909 154 12299
24847 14762 27828 630 17471
18562 18745 1834 1800 11409
2468 11140 30 2575 29102
10307 23390 1604 3035 12144
21440 16923 4162 1495 16873
30015 16152 6342 575 19895
3268 7866 220 2137 18028
30404 5909 10432 406 23681
30784 25256 9402 1362 12046
287 3567 139 2817 31855
19762 4200 7381 917 16560
32495 2018 1175 1277 10406
4205 19258 1592 961 28046
5038 8922 2711 1682 24639
5070 11339 965 438 1333
1267 12829 149 4731 10062
1678 2480 3161 166 3477
8806 22804 551 3337 20931
4502 1612 2746 238 21067
2764 2804 742 258 10055
4317 6848 1952 2067 15732
3455 20192 629 4669 28226
18715 12434 264 1989 9509
27193 49 12190 141 5771
684 16001 111 658 27608
20644 8746 2088 305 9468
12728 25343 1551 100 3660
4025 366 26101 410 12400
1799 10558 275 17755 16283
21010 19293 297 296 18866
30022 17910 10177 316 18663
31623 13090 8946 14 20934
17928 22937 150 19204 16442
12249 24460 80 986 10094
20872 794 28934 16 26228
12280 32415 578 10239 26251
28399 6870 654 1935 2241
18946 20640 476 1685 14351
18496 15693 296 1543 6597
18079 25185 281 18797 21420
11009 257 31003 42 17365
32553 23921 20964 279 24200
9574 29039 1578 1641 3981

76
5917 14228 1852 6282 27009
5871 24795 13024 31263 18027
21381 26947 19897 434 2664
26707 29848 29478 3353 16220
12227 21410 25697 832 8380
28404 8100 25260 9271 25053
19678 27508 3699 13222 14891
27722 3071 16077 334 14075
21308 1166 26482 234 14858
10313 8623 9290 4736 24189
22012 18421 27086 1450 13259
21112 12468 1765 4760 25054
12680 2765 3633 2461 11523
964 19188 2424 930 24116
12115 14161 1986 3359 18733
24581 27691 159 22465 5969
19524 24111 15733 768 24821
3770 23880 23706 162 17862
16276 15042 1756 398 27816
16665 18863 25 581 2483
25591 10397 2073 2503 27399
6333 98 2949 6230 18919
24045 7567 9978 376 24240
3726 7543 7286 440 15073
11937 764 4794 576 18396
16788 5168 2520 536 26779
19701 4805 11101 1900 5609
4199 27580 194 18385 11953
18901 25333 28569 149 11291
30697 1466 30196 115 5859
988 29670 2711 9610 15695
20333 29 32740 956 1183
24181 31790 352 2728 18541
32749 27740 1466 1805 7806
26776 14095 434 96 9858
17271 21176 29547 158 15121
15357 7422 20129 51 2743
1122 1671 14 16195 15156
8860 8427 584 12935 10550
24958 32479 157 14067 17846
28823 22344 13197 487 28873
5087 20027 235 1343 7693
4914 8667 1599 5541 10416
31894 3835 30079 3204 15541
447 5090 31 7461 977
2334 4976 2653 1563 19131
14192 17224 3305 188 10892
28752 25617 12676 633 2400
22087 7665 582 4092 12458
28991 20116 21158 817 18556
30598 18131 9632 74 13197
27246 28248 3772 1239 18850
9594 20783 10055 267 26757
21778 1779 8660 338 19810
25736 2943 453 1438 3458
23519 13264 3075 4810 514
27230 27828 3374 188 1231
11197 22707 15808 704 28535
1716 22028 841 113 13903
31819 23973 28485 133 1238
4729 26004 509 27397 14031
18966 1574 1099 2388 30850
2352 17827 485 1276 28176
47 14835 670 27945 11415
15364 21107 19105 27 21585
10665 5125 810 2175 10206
25588 28961 958 2925 11258
19496 28770 33 17036 12672
3460 18935 250 9102 32490
4731 6559 1792 166 12232
27552 27470 5297 243 7647
9855 18943 2048 238 14342
23799 29242 16 19362 12255
31309 22972 25643 984 31828
20774 17414 1103 1002 25129
25238 27877 142 16196 8644

29
5326 6770 1455 30573 20486
9264 6016 4379 215 22127
30705 14971 5086 8738 28605
26570 16508 1236 15216 32738
28099 10480 246 14512 31954
9019 26249 7119 9307 24526
4020 8724 1256 14850 16296
20372 28404 1470 6737 27316
28773 26250 22560 8697 22669
13930 2692 2119 701 21064
23378 25591 2619 23945 15679
30188 24678 20310 415 3816
19225 2343 25113 4253 16629
31027 8273 19544 1610 30670
14333 7267 8320 7082 349
17307 19033 923 19731 14309
2467 21830 1433 29022 21633
18843 24317 278 21634 19398
7717 6718 3350 15894 4529
26394 7990 1305 3578 21548
23187 14365 345 8586 10493
22369 27755 89 15518 3088
4983 26558 336 7123 22353
1276 6399 484 27609 17850
7883 4132 3151 1115 32505
1822 2862 3231 1694 26657
6395 1157 2004 850 15109
32109 11549 22804 2054 30428
11129 9956 76 13258 12831

47
6864 18455 26092 25252 21571
9585 16109 9503 584 1156
28322 14757 988 1061 1133
26203 9649 20472 4407 25201
245 22976 186 3760 22352
4781 25850 1643 19965 21702
21361 6443 280 10228 14759
8963 1210 22962 3618 12725
24736 6718 969 3812 13707
991 29223 201 27811 13641
12015 14124 2728 391 26405
1885 418 1606 31475 15954
17107 9105 85 5823 4180
6974 14320 2500 2170 11253
22433 13288 2624 4766 12423
5493 935 1098 22949 26875
26888 4995 32701 1536 10391
6609 5391 12383 322 2130
26386 7586 28309 1026 14430
7216 10230 6721 2556 4255
31016 15848 11441 1387 14192
31548 14958 5367 179 16487
21694 5460 830 6446 11335
3521 8910 606 29174 30981
18844 17884 115 155 30351
114 9424 1208 3559 2006
5058 10513 59 14826 520
4290 11930 634 8529 19803
23045 9870 629 169 3335
7990 8258 6825 1216 1222
32127 614 11996 869 5560
19755 10926 1524 3301 4411
13112 647 5317 63 12064
19964 7309 1019 1536 501
9140 18072 6834 3 9056
7123 8843 456 598 31881
1230 15064 71 27972 21147
507 4380 671 2899 27564
5411 20961 77 1606 17168
28580 8819 25362 573 32020
9966 13228 2430 660 7071
15668 7682 1929 981 3642
30599 17871 15842 344 30354
23729 10474 196 2066 14402
32587 6932 24479 440 26095
3784 3248 1266 5165 21676
20345 16847 394 1487 22417

90
25352 28734 969 31701 3862
26835 20494 28725 13482 17722
12862 21461 3694 118 1304
5877 29847 11701 21308 23346
18615 652 3252 1013 26357
10352 25535 9872 595 15125
3160 23409 1306 1586 32735
30316 6328 19949 4151 16654
14378 13584 512 3894 3759
20836 25240 3317 30239 15185
8046 5650 1731 1285 28331
557 28549 2322 5850 8361
22117 16020 8322 2938 14270
15863 13901 4075 5093 2921
4348 13067 8677 2164 25828
15301 3394 7950 6929 1604
32627 12899 20573 4482 32389
21688 1891 32266 271 19016
451 7703 370 15691 27440
10244 27111 5483 454 26802
29042 4765 17878 1072 11397
1803 17368 4990 4310 6306
559 25142 5850 503 20472
23112 495 10356 106 27170
1087 180 13397 2463 14251
1647 12041 18202 697 22551
20527 31622 235 8682 5394
26931 3376 201 8894 13393
27518 2817 4671 673 14555
24964 7154 370 7623 186
2913 8109 2191 3781 25345
18135 18996 13390 861 28750
30383 11949 19683 418 20338
3040 4195 2841 1895 32152
13211 3023 540 9004 29190
10258 23203 6184 992 10257
17872 30394 2542 27243 5849
25965 13512 4357 2454 29563
13748 22583 3115 259 1745
1567 27968 7130 135 27585
19429 20494 2855 3916 32253
24105 2456 1270 2129 4752
25005 31811 105 14897 13408
26183 12405 3567 801 30101
24473 60 9404 48 15976
1079 22623 925 503 24860
1196 15509 5545 367 11465
31848 11009 30868 242 23811
26135 2356 418 6838 4432
10463 7838 2301 2878 5073
6457 24792 1670 3021 5427
14918 10881 7323 995 17273
1233 2867 1057 4301 29013
27216 5768 311 1175 15323
28571 2461 24470 291 17346
1019 16641 848 495 24665
3964 28905 8004 575 7510
10510 16209 494 4822 23312
4077 32188 92 12866 21875
32555 3046 14383 473 10107
14721 26340 1657 364 20654
31321 15306 1005 3405 30278
11138 17107 1413 4527 26084
30490 16492 150 1509 5633
6574 4675 1144 7083 18316
7127 16387 707 7527 4802
18002 28732 2831 471 21736
7554 3435 4519 125 6923
21599 13186 484 144 32641
23524 7992 385 7367 28611
24015 1390 1303 255 16723
30557 990 22910 419 32470
25232 25604 18 13333 820
24178 20486 288 30084 30129
24787 26098 209 26667 9770
2776 6103 1706 496 23890
28353 4450 955 237 9173
4866 29758 901 747 27252
29707 10788 21598 22 3562
25542 22574 287 2431 26037
28417 11714 13588 9 14683
28923 20154 14028 281 18263
31594 19396 26469 488 28638
21655 20084 23329 1 17305
18333 20160 3908 293 12712
7139 24477 8175 104 28383
26544 29052 117 31393 21060
14811 1898 5483 845 15912
30638 12746 1761 2247 7489
2254 8765 625 1600 20416

52
30538 29850 8507 6679 11766
18160 20079 4123 5196 30472
24601 4998 1555 15839 1622
5350 31329 6146 12758 13663
31777 9845 5023 4067 30527
12620 23418 3137 7972 7496
1019 25252 76 20699 8007
32250 17154 25616 1829 18202
30125 3103 30521 1226 8430
20920 31403 3385 8396 27148
1628 18441 868 17186 5543
5424 1505 11231 16552 24883
29353 19065 18897 7009 19481
3546 24079 3267 4577 16713
29908 6697 14895 1531 19248
17307 13584 630 5666 1015
2718 26845 12 14317 7791
15788 20183 2003 19989 17308
12163 32458 960 8820 27590
18582 2034 4695 17134 1606
3706 6028 1076 15831 3209
18332 26106 145 4713 12280
22925 28342 1872 1392 695
29316 30545 17 31822 28750
26387 31721 725 7225 2627
4470 30083 6561 872 12000
28640 17098 2138 813 23771
533 10672 1542 4671 31188
27799 13014 440 1636 25054
28014 5061 21889 1143 9159
19624 27248 244 20031 21128
7243 18662 702 8554 32569
26541 12164 1150 19393 81
31944 14474 20070 1309 15617
29358 26487 8017 2703 20513
20115 31755 129 820 26311
32665 8253 7575 104 7502
152 19814 262 9021 9160
29781 15862 4224 974 15766
6267 20984 960 2655 16015
1794 2007 1645 7062 11468
18031 13720 80 20157 12841
27721 21362 925 19737 476
8505 21887 153 7031 23178
7990 29854 2223 205 26610
31689 26425 17893 27 25402
25180 21233 1011 25496 15323
26925 2830 443 5237 5360
2994 311 14774 577 23290
10177 19084 4007 2892 32045
13352 32653 2147 26303 29502
1140 18798 16 28388 16365

83
10579 3457 10791 25233 4209
10100 31290 21238 28231 8629
27523 17211 12085 3926 19063
2628 24515 3924 11687 21512
23495 8558 13255 8128 19446
11102 956 28371 2349 16048
27783 22386 822 7692 2074
4990 15775 5246 8142 24320
21593 18012 3812 3911 7964
4592 5745 946 722 19255
355 574 4012 14164 4275
31559 30890 29953 20202 3858
28198 6176 14304 1541 16410
5170 14051 5253 623 23663
6813 29513 159 10626 14169
31997 21525 20295 4084 23567
30236 24680 1527 4259 17543
32395 28446 7683 1900 16665
27052 3580 29095 2243 8524
8067 7428 1286 5860 335
113 27084 134 11566 22819
8564 30058 1333 19965 31130
7062 3539 1755 2680 22966
777 30109 571 22720 9160
22397 21979 1805 7813 1825
1396 32319 566 28284 14233
21676 5930 187 26 8246
7383 28931 723 5851 24840
5929 501 32743 260 11015
22959 6467 158 314 8328
113 16041 3436 1488 11212
5782 5541 962 6719 3128
28138 76 3824 27 18954
6696 25219 3483 1482 24330
21662 8457 1593 1477 3704
17361 29590 3945 957 13255
1573 23198 525 8030 17918
21830 15210 914 910 25010
26051 29022 1306 2033 24637
8079 1100 2604 695 18242
16213 29426 701 35 15248
156 21741 4427 1327 28600
23276 7769 9841 511 4867
25949 20827 128 7262 1229
676 24187 549 5322 14946
6771 1277 559 473 21513
16138 29655 97 1312 13884
4636 8317 185 2456 20276
32073 27154 25348 1144 23728
26233 27761 1018 956 10575
10402 6025 124 7520 5486
986 18677 3985 96 3257
11776 28824 2920 1436 8137
29716 21189 486 7254 31031
14984 814 24688 56 8867
54 6793 295 2492 25376
577 19017 500 539 18657
28719 23632 50 4904 30759
29261 30585 29074 92 20204
8301 26753 1472 382 14339
2235 26125 121 29440 2871
24382 3785 1827 2901 28783
27024 18628 352 2835 28882
3688 21142 1215 217 26814
28637 30347 13455 74 22519
32161 21377 31604 148 19771
22129 10841 36 4012 24077
20562 31197 7831 13 4526
21400 7643 158 10654 14577
8663 24149 847 1016 30311
29660 28789 380 1128 14930
2591 32420 21 30960 2118
25417 16997 131 10306 28011
16699 29546 518 1707 18301
321 27730 205 20612 20315
30076 30818 16828 59 782
29772 130 18768 195 22082
1914 2 24411 497 17919
21458 30226 693 727 20421
27253 5912 14447 155 32180
31429 16935 27100 157 15471
9357 2837 162 6783 15250
32712 25719 16827 1067 31125

34
7052 17709 31083 28157 11861
26352 8515 26961 5384 2932
18442 3365 6318 3127 15140
12243 6604 4595 246 118
7997 7116 9609 6789 5029
2974 2951 190 11959 30366
1325 30852 5628 24267 18861
26354 1837 23190 6591 28427
9307 17034 20364 67 31638
4353 11577 802 14824 905
2607 15366 1582 1823 10943
32423 14514 25687 2249 18243
17641 11031 5977 1057 16202
880 18247 1948 131 4043
24189 10030 225 1379 31801
12812 192 9164 2208 15853
633 17293 1894 271 29990
5663 4422 1307 20655 13285
469 19148 628 31551 27462
32 30531 311 17398 3542
25270 9625 77 841 2431
29078 15721 3147 714 18250
2367 12337 438 2056 23203
7953 14136 12834 2423 13486
5275 21013 250 2306 4787
22082 12515 1029 322 1679
7203 2525 8266 420 25955
26704 14141 25995 149 6154
20135 7561 3250 2812 20283
2001 27656 3022 1068 7473
4933 1319 2131 2060 29211
7052 3500 1957 2211 22809
152 608 2308 1298 1317
4237 5463 1083 313 10476

68
4450 20663 10952 3222 11934
27613 7434 5625 28725 4889
18017 17 1792 14693 25356
25518 405 1085 21018 26162
22246 17777 607 5076 8419
22882 3882 313 21644 29441
6985 1011 2725 15147 1979
2557 29071 8500 29606 23263
15787 30012 6621 7983 30217
16932 19478 2112 7155 17847
17131 7264 694 265 5568
31886 227 633 5411 3413
200 11902 648 21273 3788
10795 8962 5434 907 6172
1717 2767 4189 14866 32262
23486 26153 4070 25574 12205
15012 28437 1718 866 23395
10 6718 795 1224 25314
20914 60 3508 1783 12121
1610 18963 314 24944 18494
13736 25798 249 5102 14292
12083 26747 534 21535 29670
11429 25931 68 16264 29793
20238 8147 1461 298 9836
6396 18956 12405 89 30594
3333 25774 6402 1869 8966
26862 2639 3579 253 19867
14831 30728 65 24315 24520
18301 15595 3044 1119 20776
10227 6877 707 406 14394
13879 13203 1509 2288 17977
28778 5754 21118 1480 8218
10106 4116 1910 1841 10763
15511 10305 1785 1246 32628
21828 8524 815 2183 16557
3096 25044 166 2190 13936
9504 24456 6481 1187 15768
23412 4598 1324 11655 7151
29589 3656 1276 1828 24019
4406 19550 7400 886 27835
22907 29425 335 19237 16191
14782 5013 1504 2493 8030
5806 24283 7299 49 8613
11857 16116 2547 1647 15358
1432 15241 155 612 14587
9843 12309 148 214 15619
1043 6806 86 10094 27784
20831 27704 977 1288 26643
14932 1156 1624 3171 4511
19067 17564 1964 2513 16983
16175 20541 63 937 18505
12972 26286 597 25804 18390
20348 3999 2389 2694 9709
32727 2440 11925 1539 17706
24699 18357 564 5476 6713
1311 18096 17487 175 30537
26837 8789 205 12712 12989
20864 14116 1628 953 18504
1220 1071 5023 1066 15909
12868 27117 23 27741 10414
12427 1931 1040 5988 23153
10986 15222 592 1397 29016
380 2229 5964 370 14633
15195 32076 208 25960 18595
24529 42 71 1124 13024
15817 13468 508 961 629
10701 12190 7037 158 13551
21040 26945 911 338 8308

42
25584 24339 11462 16908 5133
444 521 1992 31370 3700
4506 14727 5789 28214 4749
23504 16204 19971 3144 4205
28902 13343 7065 1644 1059
10908 2503 8241 32290 2542
25562 926 2510 9339 29612
30534 1486 960 4982 29984
21604 10319 1512 2627 27182
27664 15024 20473 82 922
19700 23405 17331 706 1315
23189 26435 1031 4161 816
6442 2159 4065 3126 26601
22564 23055 20762 262 20431
19719 17600 72 970 15460
21940 22966 12001 58 31828
20110 27935 2508 17109 16894
284 32557 2544 17713 389
3908 1116 1566 7523 739
20528 22411 1520 20 18851
7489 9447 3024 437 29596
17701 533 4588 486 14638
31653 2775 10022 5878 20986
30737 77 32337 904 27599
19526 15243 31488 68 9022
26276 19407 25962 887 22057
28425 2564 96 7830 31362
3132 11160 1214 22607 29312
2651 8345 333 4821 10627
28191 10580 17365 2726 17192
29263 21657 6566 1265 22826
22336 13079 333 873 16654
19172 21733 180 17859 27469
23360 1078 1601 7310 2762
32720 9283 7840 1179 28394
30050 4114 92 4064 7131
21086 20068 3233 45 2869
24303 32020 251 26929 26622
2723 4573 817 2075 25814
10391 31767 482 14095 11659
26221 15485 3352 469 4897
21838 7329 947 202 30285

4
12189 2564 4350 31089 18466
26455 17996 3170 26286 4566
21048 16343 1231 4953 31384
3527 28624 409 22791 20241

48
23759 8027 5488 19705 8244
2957 4220 19512 855 306
14186 30999 27650 31899 6966
716 18970 4561 27065 32013
14687 2859 1130 1010 24065
6874 10175 14931 4922 24909
27432 1515 16079 1039 571
232 3291 433 9104 7554
12014 25358 6897 3635 23711
32021 28439 16242 680 26084
31119 3348 16007 91 10693
31695 14156 23342 3563 30266
3263 6762 3562 2005 24321
11194 29248 2761 7117 15381
23113 15927 248 2056 29714
7862 15154 5747 8383 25377
30055 21516 830 2547 6117
3738 12302 1961 1445 4923
22410 17622 441 6316 5930
29762 6832 7747 609 20278
8664 27080 2446 5733 29338
23953 5113 1229 412 15099
30905 21851 6646 148 9114
32251 18414 29056 2362 17580
23961 3126 3479 822 4288
31678 10400 22008 2725 27759
20311 6239 3038 2895 28191
7214 5710 2116 2254 23967
6364 20805 166 12000 23692
19254 28321 5781 333 3550
7240 29137 78 9980 32309
16657 9180 1767 812 1820
15060 29332 31690 566 11897
22254 14315 311 2684 350
17604 5485 933 599 11360
29549 25311 14796 1069 15044
1744 3020 6732 803 1418
31095 24190 26306 672 16628
30959 14721 312 2432 8014
1224 9604 1332 361 22569
31567 27209 30410 558 21947
31706 3646 444 1585 32565
28563 5717 11022 858 25280
1094 4370 588 4465 32374
6084 15658 12 28885 14871
28067 482 30085 427 32634
15192 15680 3918 9348 19119
31640 7802 17377 884 26520

38
16336 26142 32625 11059 11116
8243 8632 32013 3346 29164
8930 25240 7382 3824 28500
7808 675 6457 1189 3140
20847 199 32104 4604 30087
3814 16542 30414 5670 18072
18779 23505 3440 443 31960
12297 31258 954 21259 30072
21669 4990 17247 3114 3956
4631 24868 1726 603 7218
2080 7987 1097 23047 32255
14308 22628 1100 2059 5975
5335 32651 4342 10067 1746
24994 14509 24572 45 19181
11215 14629 5440 333 22011
22471 14573 11771 1402 6770
994 11134 1085 16635 21697
897 32314 1077 20925 17644
6041 4891 500 5055 31753
16811 383 4028 835 30627
3869 27140 694 18271 27737
23835 23171 9142 1870 21663
12441 7100 7916 772 7030
6652 23118 1896 8149 31120
13981 32544 1538 1353 27675
8150 2005 8547 2762 27735
28906 12771 21513 1621 3437
11423 5031 8008 1385 5736
4347 25691 53 1126 25477
101 7056 25 29328 13419
4780 6702 553 6117 21014
7226 14769 618 211 2058
20084 1982 306 1105 20014
26322 12253 5474 342 3237
11760 15486 6645 793 11331
15672 30000 258 19534 16466
18447 13147 2496 2656 22280
22733 22267 733 614 22254

3
8601 16944 31960 15498 8099
2491 9811 880 30169 23060
5122 4374 16982 10191 29609

97
325 27085 3471 8549 25344
30602 31691 32666 32746 25457
13418 5121 28199 25507 27481
7355 8167 128 15567 22591
5313 29428 7328 5248 18731
19651 32114 4001 1556 3754
8174 4358 2783 23200 1387
29450 31557 210 15514 28259
870 25365 2464 166 26958
28848 790 8433 2027 4684
156 2436 27792 979 4036
16250 32383 1939 22749 8859
28562 3033 31823 824 11532
1894 14656 2238 1558 14790
3576 11340 1671 1635 4245
547 6176 842 922 8622
19184 32656 361 15904 7394
2164 16229 1365 8816 12497
4726 5922 84 76 10798
10742 78 6641 1971 7260
3372 13845 3978 656 30590
24790 31820 1370 25491 31151
333 8495 3147 5282 24780
2814 3433 11474 6 16842
20778 4355 29439 161 13414
4469 18676 391 3981 32623
12834 31091 1906 19089 12048
11472 3677 1176 16177 11710
27938 31427 21415 84 24112
3731 6345 1795 117 18352
11187 12935 95 13004 16087
5029 28399 8133 728 32720
12942 4061 221 23878 6974
1424 23122 122 1320 9312
17975 30759 29595 487 30649
26639 32504 1839 18403 31019
4116 30829 665 10592 30809
20479 345 5818 1396 27424
31753 8 14999 316 11394
3505 5753 4244 155 625
9904 29237 173 31 18277
1358 4654 2968 1005 24355
17747 3795 141 357 31415
2419 25747 5735 513 7134
7580 12075 246 1181 10565
17035 4837 15544 265 30567
20310 4057 9902 63 25550
678 19865 1133 2005 31012
4759 186 653 1487 22922
28339 374 337 1543 9475
12091 20167 525 2470 18696
6603 15381 373 2696 2532
12426 22985 327 1033 10048
249 26034 473 412 11294
5425 10886 1200 997 2201
17948 2027 6680 183 18838
293 18007 259 4900 13186
6690 10600 47 1279 22097
1820 3707 6326 234 15315
3807 32045 196 6700 29271
4491 6747 1788 1560 27451
14998 31117 102 8976 20000
5647 9244 43 589 32297
3866 21755 553 1186 3035
5340 22262 1651 3339 5830
21561 1863 3626 76 8377
5195 8334 325 2064 3211
23665 31865 502 29685 15618
4942 32496 287 12221 14093
15534 31165 160 9076 32623
30155 32078 357 30257 25032
5687 20501 702 939 18714
198 15815 1 19792 27232
15816 32224 349 3910 12635
21193 31296 31128 6 28231
5242 16044 50 8063 26990
13235 5871 156 421 7116
5707 19151 1066 785 13927
4266 14502 903 2840 27069
3243 1688 4487 136 22088
3779 16520 124 1286 7591
7934 14105 16 4422 31109
7719 14081 146 9720 13352
6807 13 2419 475 21770
3101 4309 2498 239 20475
18008 3517 1973 711 2645
7982 11557 58 6010 18926
15298 31479 233 6291 14464
5431 5218 42 426 27797
5030 4896 423 161 12214
5604 26370 1434 1965 27854
12698 29331 489 1110 13871
4366 29787 571 53 25253
2010 5743 1380 1052 4639
4793 31224 104 19455 21047
26814 964 1455 361 23158
17489 31961 1992 213 25040

26
17940 13329 761 10644 8696
23070 1375 21871 4921 9630
18964 19694 10784 32251 10758
5910 24239 3498 32663 15527
10154 10754 401 31506 31286
13633 10347 14592 1073 14909
26744 656 4436 144 2097
32433 29077 31813 28813 23386
30201 16189 22908 9292 17442
11214 31095 1219 19768 8001
28917 6381 9150 6611 22508
2371 7183 2083 28013 15408
26580 15940 2655 1148 21708
15425 12683 510 16350 30722
13740 1351 4693 2494 20790
13224 30952 2046 11050 18830
16188 22894 1042 10152 25808
22385 10044 3908 162 24851
11347 14502 599 11000 27363
9608 354 29448 106 7028
6514 545 566 10749 30531
19977 14663 6296 887 9365
1053 6333 230 4925 1270
8825 1552 1242 13373 27006
32373 26951 19666 537 7865
17305 15209 13 146 23456

6
27032 31710 7744 8876 11549
30556 2520 13548 10632 20960
8186 30622 13512 3643 30595
8565 24112 29818 6040 23036
3129 11875 17034 8465 21426
22664 32109 516 862 22306

21
12160 18477 22565 28084 8790
5246 27228 3684 17366 18321
30238 2925 15884 3642 26238
16505 4769 8845 11154 16983
5114 6887 6545 3697 7081
5994 19604 1845 6572 26917
15813 5330 106 11417 22430
299 11264 3796 23887 27180
28539 7834 26567 1048 5453
28313 13172 20370 732 15100
13233 37 12065 1681 11974
4451 29807 743 28439 26730
9441 13800 142 19997 10459
14407 17317 24238 84 1165
10308 14247 1205 7703 14784
2126 3299 26682 30 19240
4199 6651 39 27807 4909
29782 10349 24408 949 13110
10008 31662 1772 15649 31202
31307 15864 23301 1044 7924
28225 912 28258 988 32524

21
25328 9975 31149 5081 607
25562 19375 29969 1342 25326
17834 30403 12670 18793 21188
1804 28187 3690 18808 12046
30747 23435 29148 21239 20911
14970 25890 3691 3840 28516
2696 9668 9724 14458 27835
26613 31 18879 5234 25551
16723 2642 6910 14577 30306
20105 17600 20764 947 14042
13024 18588 11056 7047 14333
19588 26603 4140 3325 18177
32407 22073 12341 645 8699
30502 16209 6593 14 254
1179 5528 9747 3139 11521
1050 23779 1221 153 21537
8907 24805 2328 28906 16481
6246 26763 2306 15325 20919
32580 6129 1453 158 16655
31355 7417 28444 1293 12956
11732 4867 2125 1247 22798

26
21282 21512 11217 31350 7224
7890 27792 6948 16046 8751
8964 887 13515 15412 22905
29877 9563 1098 8 16792
15119 24128 4800 4661 5994
31183 10761 8800 10552 25670
3917 15763 285 16541 17461
32624 30679 10445 25236 15797
32696 22618 31302 4090 8103
3080 15036 7 12130 2376
6173 2444 1211 12008 32421
83 21895 101 5325 6977
19353 31486 721 23300 11858
30518 1555 17213 4717 1279
4776 16968 159 11116 20798
31820 6761 10854 930 17349
1008 31397 2762 27521 3093
27690 428 1031 11397 31693
5836 641 14412 156 11593
6604 25618 2492 2111 1893
28919 7120 874 11936 30624
1444 10983 219 16373 18747
14308 17350 692 797 23417
9662 18409 1763 6071 354
778 2908 660 2641 4382
22545 5651 512 13962 12648

39
25685 18190 12187 9848 18498
18418 28965 13941 14014 19563
29244 3311 5712 13291 6997
18133 7213 10267 3100 1452
7694 18306 8252 3585 14151
4651 5791 6825 10511 575
11700 31156 4172 27565 3898
416 25558 2998 2427 19755
13197 29378 2566 453 27988
4133 24619 2723 28174 17414
1647 5372 1770 980 21163
12866 6158 3998 834 22983
13192 1651 16553 725 3293
7689 29895 3404 29359 26147
1200 29702 2504 4900 30041
765 12607 22 9003 30156
8800 25172 10094 1137 30436
1669 19748 479 667 14737
27156 5078 848 214 11736
3028 15033 1168 3176 18930
16066 32260 240 13570 9591
31846 2282 22409 790 7773
21583 19534 3245 943 8888
29069 277 11302 488 4077
16453 464 12107 1141 4182
3932 2492 3316 3127 5087
13440 15904 2117 1269 3327
8404 28025 11948 34 27966
17520 28957 362 13240 16543
11153 21928 9182 632 16103
4231 22496 6410 538 10934
16884 31972 414 14078 24483
1010 23190 23055 873 14907
3042 6387 1523 3659 9064
32570 28448 17132 10370 12927
16343 3786 11577 1094 11138
16452 10805 289 8529 26712
22325 10846 3243 2526 16292
27003 11708 1116 3135 12160

9
2887 5323 20794 26986 28434
25402 4898 20340 8083 9313
26913 18774 25993 16872 9111
29669 1043 30830 859 26249
7289 32683 68 27679 23302
28188 16224 22349 2186 30005
1798 3026 15733 108 10261
16703 32644 6759 25627 9616
1506 26373 107 9785 9595

39
7043 20039 21143 5823 8749
18841 28119 27401 2595 11122
5808 10201 18259 3059 16668
5111 4623 2750 769 437
25552 9416 26165 9823 25665
8394 2177 26873 6825 32387
4827 16903 3243 116 21869
822 31404 15623 14895 31418
23730 30909 15156 20152 26467
31485 20459 32447 2845 30309
12949 13913 10948 5194 29078
3194 2188 1287 16756 10943
24271 933 25574 260 12663
1270 10177 283 9483 2483
9786 29295 7414 2017 32719
21988 1632 15746 391 28586
30075 23420 22264 3452 6842
20483 32515 1792 20930 9276
29323 21025 1048 828 28968
31895 22 5455 49 25305
15044 26713 10527 46 3341
18665 31136 2708 674 7466
5100 9196 12797 140 20942
17681 27421 29587 340 24017
3487 30439 1237 174 21349
14442 27826 3490 430 12387
590 26808 6248 256 16113
4722 23194 1050 288 24367
17814 29087 683 31680 2241
2348 9285 747 16662 31349
1059 915 11451 901 28246
25453 27049 14702 36 12705
328 340 423 4340 15659
16812 32654 39 974 3059
30400 1348 7777 128 8045
18636 9143 17874 27 994
16610 102 1791 1210 29735
2934 27283 4765 3019 18447
5166 19427 5558 276 20839

5
15928 308 27735 26327 31504
4167 29243 14565 8835 25416
315 14709 1815 30195 12804
20875 29267 31316 28921 14334
11806 448 1782 6963 18002

73
28948 15688 19718 19819 22354
2353 13899 19582 17360 14538
23409 17193 2900 17931 26799
298 1602 898 32345 11647
24783 147 21970 7332 2035
7930 4544 15809 5872 30015
1749 16444 365 6814 2546
2702 7592 2565 3675 13763
27582 11131 22950 3183 27628
27249 10564 18693 259 20343
3140 31498 9762 18896 3671
30629 7671 22643 727 3989
26311 16346 2299 17013 24994
12592 13181 12972 12 24463
29108 8866 29014 1328 7284
14162 31796 3468 32060 14323
8046 10906 15183 434 22389
3082 1253 2080 5118 21223
27441 7668 1251 865 6969
19418 31460 456 24646 7612
23748 1653 884 4140 18710
1643 30221 614 28687 16806
15971 972 4499 3365 12011
6481 6218 431 7104 28481
5695 3397 6494 775 14306
14259 1780 181 1111 28783
13457 32189 196 4412 13211
21142 31917 2198 15617 29501
20249 31413 275 21462 26028
6521 1051 1829 1897 13282
26792 12393 21 182 17044
23768 14393 1178 1055 5893
28883 14823 44 25355 2774
9473 1018 4004 1808 21758
5258 11707 1147 177 5213
1230 3211 22 20766 14140
132 19915 27 8942 13468
21963 24161 273 7191 22644
11299 12790 5246 337 27717
27023 14361 24358 305 10219
17796 31763 1489 18185 29690
22021 17242 1310 2875 7322
23747 6045 734 1632 8698
8366 12057 10765 451 12128
2515 31587 223 4569 10959
32205 8445 1094 137 13144
29247 15065 26494 358 31385
18636 10700 2264 187 18536
3825 11447 2582 216 5921
21394 327 1194 2410 28959
1422 18054 70 23998 25376
22677 25419 547 604 24162
26293 14017 57 2285 18858
25084 8021 1619 2538 21597
11247 12606 15091 30 15407
5157 79 1700 606 21874
16261 11925 9372 16 24461
15665 18 1296 682 17358
22959 26949 366 2469 20126
22829 27848 41 1055 994
1273 785 1619 5216 12652
28980 8610 10281 76 23341
21370 10721 4926 160 11898
30443 14734 7552 8 14217
7138 8153 321 3668 10155
1637 14988 49 2850 4128
1567 23463 166 4240 21772
7995 11581 15157 192 23416
6476 13467 15866 300 1557
1985 26127 115 3405 7903
5870 4638 245 2410 20111
1779 6201 484 2969 31946
16832 12847 10328 236 20916

69
23691 20162 26150 32207 25992
2482 5345 12096 911 22221
7080 29834 15952 16425 18382
22819 11152 22301 5994 19288
24958 4037 30505 966 2370
3291 23661 14774 1102 27101
1123 9899 12975 5055 2088
5721 30604 1247 17234 10538
672 18474 842 25953 8360
25613 17743 18394 756 10342
27476 10052 28577 948 6892
3595 15298 9508 3931 9169
9325 26089 431 29 30780
25232 7321 12531 1143 4202
17401 798 11812 1957 28568
15547 8264 1428 9415 7448
18043 9569 4415 10980 8557
3513 2396 12171 2855 393
5517 19449 665 1465 10570
9854 26511 3011 285 29339
17655 21637 1531 99 5950
10294 722 6232 359 15433
2554 24565 6 14844 32013
2057 24444 275 29096 30792
16281 6855 24510 129 13748
2260 19279 1774 2125 28454
18041 25720 4198 2895 11561
32668 431 3526 1918 394
2722 32033 1977 3876 23294
20651 5264 21491 1419 11949
356 9955 50 9484 14747
9250 29549 1171 253 13659
12415 28628 8905 1148 18270
19112 111 12559 320 8877
18107 22518 2818 1686 15075
4901 28848 618 10525 20624
30648 2425 31100 203 20294
2693 6314 8444 1905 20165
24069 19026 2753 1122 17892
3417 26879 11965 1636 11263
28603 18926 18676 246 24547
2693 15642 300 3572 22353
16351 2647 387 1269 14766
14859 18434 2956 1803 22246
2473 1663 12281 584 21270
150 3952 1190 3043 7422
14403 6676 623 8483 31276
22560 21437 1116 7883 18053
9214 1081 1089 555 11740
21008 9308 6606 167 4604
109 20869 249 14616 28984
12159 22040 4017 554 5788
29291 2648 14433 586 18482
615 19254 49 29945 21928
23521 3351 26049 81 18088
1628 21501 4303 1961 32727
23778 8959 2978 249 12960
27939 8789 27308 1174 7674
18437 2923 6152 311 7752
20232 3507 13596 146 21837
9213 21085 2776 2368 32366
17960 4622 519 1616 20303
32477 20104 23569 5 10219
11886 7246 1669 2502 25089
12515 26186 3285 287 30701
27338 19387 26509 600 10401
2714 28115 8 12922 18911
18251 7155 3027 1114 19778
23148 9795 2348 339 6569

40
18944 3125 24359 30290 10940
15167 670 11687 1291 8600
390 14320 8081 15047 23240
29323 1170 16828 1711 32755
14168 29552 1103 15465 25963
8572 4361 2759 29002 31675
11950 5378 3359 19631 23227
17506 32068 466 10619 2484
15581 24140 1692 19844 18487
18120 15508 58 18842 26163
1694 30535 5330 25547 23941
14803 2980 7812 27 13090
2722 9746 3610 1128 15868
14925 2264 7727 438 14638
955 857 11708 2952 4406
29970 502 31588 505 23566
2027 6822 1636 1934 26192
11360 4205 358 12295 21682
12197 32180 1299 12351 26894
8144 4759 404 1876 17369
17514 7971 1009 781 6098
31717 182 23698 195 18638
7367 8541 359 3029 20761
1033 3853 13734 33 26191
943 5188 666 2114 12928
922 30572 551 6479 12279
11661 28890 420 25248 23375
16955 8543 294 6829 21043
4512 12314 1563 186 10280
15345 7803 414 3677 601
17673 20460 391 8861 22425
16730 22250 466 1733 19870
4313 10991 616 640 18338
15840 21663 1412 347 22638
8087 8619 25 893 30520
18271 32504 562 10081 25712
15788 10989 125 6595 27202
4581 4595 615 2272 12520
18245 6312 158 713 8914
16121 13045 476 4486 13975

80
7768 19602 31535 2792 29376
31006 25479 17970 10547 19734
28902 13437 1110 3553 27433
22057 2225 167 8071 20042
5152 32583 12894 5416 11147
6599 25121 120 4273 27130
14438 30931 8709 817 13521
451 14722 28048 3068 23457
2385 31553 2093 8547 7486
22601 2088 28724 2185 26571
31717 9303 12418 2919 3254
4140 4111 5170 2649 13924
16382 24774 14036 1063 936
16063 5720 3923 8959 12887
29932 18243 12986 1226 23915
21632 23358 7977 1253 20839
26580 27365 3686 27444 22148
11452 6388 3702 2723 7789
7352 28362 1240 1041 20392
23640 7587 5232 4331 1541
9714 28158 16721 41 10142
1363 4313 2167 891 7049
30376 4309 25832 4112 10979
32134 16375 8468 98 9911
5992 29495 14660 1051 4176
31503 23715 976 1083 21530
9428 27262 2020 433 1726
8248 18065 269 1458 25959
13643 22859 2274 3205 23248
5617 2728 12368 864 4038
13090 140 1220 2087 3465
16095 22721 30232 393 1927
1740 12158 4873 309 5944
26455 390 2357 1058 24420
2403 23045 4705 1266 19202
31657 12700 22355 3630 13709
268 21728 1533 8331 27683
1367 31089 52 1383 8518
20661 29088 1113 46 29533
2564 30461 2136 37 14095
19444 32274 2602 15417 10748
896 9340 8513 884 11335
28008 18164 819 956 29311
27915 4745 1212 1808 12925
28615 17019 24344 386 20021
21099 31832 658 148 15978
20891 8139 934 4033 7068
18635 58 26922 83 1495
266 342 4515 1883 25546
22659 6513 90 7796 7122
8816 26403 11867 686 2547
4937 30586 9050 1426 8140
1905 23312 14 560 30314
300 10319 3811 97 20647
28229 11922 2605 5 10734
12482 4597 6235 474 7988
1855 29924 2231 42 25974
8467 23224 3992 2940 18552
23570 29953 1033 29926 1573
20615 3813 601 195 3559
14276 10571 1019 1487 11160
12181 3617 8248 566 28450
1237 6014 2708 2641 12689
199 3425 30 26361 6951
25880 31803 125 24100 28564
16334 1568 131 387 25981
3389 26295 1084 1413 11532
26055 31625 191 23575 3538
13014 28849 2921 90 19565
2321 27079 214 510 5561
9872 12130 384 2136 29541
22942 12156 3061 1281 13410
31069 530 20847 1174 11867
1811 19983 4884 9 10066
3406 13416 3387 267 12466
22752 9688 218 319 1597
26437 1449 1139 294 19210
15674 390 1973 676 5463
25424 30122 90 194 11539
30005 12423 15796 50 17492

3
13254 13932 7575 26805 23467
22328 10056 27075 22271 19251
609 11087 3777 4072 30575

15
11204 9844 4428 7868 12405
17857 23006 8714 24109 17727
29005 28229 17700 9120 14742
4963 25376 3050 31546 6962
30048 3058 22394 12123 32696
114 28941 4452 4442 2103
12880 28453 4536 16252 21411
8397 49 26 10892 24415
19547 11067 1170 8281 30865
30036 18280 31842 7936 26871
14650 25041 1924 2159 32339
26997 49 1665 1849 12428
4352 21096 24852 151 13035
12073 1086 13571 7514 5201
9034 24389 2932 14899 22784

43
19946 20509 10138 22288 30295
24890 4447 3509 5330 25551
32714 12085 31828 4743 26671
11170 11382 16160 9120 19670
15296 8258 8600 944 4877
15853 23157 1654 6615 1271
2095 3173 5791 28432 3410
32420 23009 9614 32331 1273
4837 32541 12720 16627 14371
13885 23628 1295 1126 31280
24147 235 2496 792 27257
856 10467 443 11384 5983
370 29131 289 13484 11604
11327 2657 4294 3175 22917
31244 17357 4030 4794 28170
31083 2787 25078 121 10026
4372 32384 120 15754 6231
32420 6038 27631 714 28213
8290 16565 920 2186 9555
27317 1436 9423 628 22265
10639 6360 432 22079 20924
28419 6954 977 12599 9952
14448 9229 908 1335 18990
32596 9942 11648 1638 18357
30456 9990 1127 5333 22090
16051 1281 20085 46 22330
15868 6791 4067 392 8031
31620 3366 7068 983 14143
26251 10778 1037 132 17313
11981 8166 401 2906 14485
1416 5209 315 24712 15090
19446 4157 1138 1253 19399
11331 23960 2206 3762 23155
18182 1974 397 2697 19839
30660 18283 542 10559 29085
16661 10345 1944 439 1734
274 1364 90 30291 9212
2449 1416 3950 968 3655
19149 29213 680 25028 26023
10967 31273 5331 992 11976
8282 313 1772 7569 16468
8461 28548 701 3686 6110
16588 21998 1785 499 2144

63
5555 21343 147 3134 7580
16854 11226 2725 29937 19055
21376 1952 31098 17576 24218
26210 29533 30182 18963 29094
8313 12987 1686 9366 4498
19927 30449 3392 28146 6065
20312 23329 15608 1738 7807
2438 26077 1621 11754 24546
17601 1794 2585 3569 23293
13725 6409 3020 12445 3659
11474 20594 550 23745 28023
6394 12399 1557 12675 26824
25001 25492 16720 3349 3210
9392 738 21595 696 6772
5590 3686 7833 136 25233
12266 4562 819 6841 15960
23551 32460 2540 31142 29721
1210 2238 2506 8847 31474
6519 28100 809 18055 632
20765 30032 3392 396 21316
681 20845 1221 23814 18906
12075 16661 964 28066 2237
4637 22766 815 32641 29631
2261 11859 9646 523 30680
14285 30231 2123 17580 26623
4319 2998 189 7151 6840
26325 19865 22695 221 21967
32162 20850 31159 1980 13150
11030 5883 943 3418 7734
8004 24067 1041 2871 26947
8513 31203 2912 25386 23482
13579 23109 538 30207 593
21026 3426 185 3295 30105
25752 20294 2992 1218 25482
2016 19191 2739 2409 2229
7409 25887 239 9763 2957
10446 23664 411 2641 7743
413 11596 812 5941 30929
9019 3132 6446 549 8392
5775 19498 533 10772 11015
31932 564 5475 643 21189
8052 7952 287 1085 23350
4462 21914 127 17416 28018
31159 1481 5068 394 9648
3895 2271 18 7011 32353
15371 24758 304 4929 26048
20235 7718 913 520 17833
2013 22763 346 9461 21597
6381 8811 912 1011 325
10071 17662 1233 3570 8182
7150 3974 2271 291 2395
13496 19380 56 22769 998
32323 19627 10887 105 4175
7526 5071 3336 117 27539
9173 22959 468 6394 7862
15934 21624 541 6690 22885
13463 2549 330 495 9540
19583 12402 244 28744 15855
1935 149 5647 1008 24466
1725 13770 3336 3790 5357
21337 19947 880 1310 9102
59 5883 999 4234 31639
13384 4921 664 1109 29250

4
17785 19305 3874 22093 20724
9999 11631 4443 8414 7983
23187 29751 24228 832 3061
26542 9896 6205 2342 12770

2
19655 4446 4602 22196 24523
32226 31220 15212 27630 31193

90
14736 29740 27739 1076 4649
14696 1182 24762 13591 22558
28812 32071 2359 32303 1881
9645 30731 1169 6858 4271
19035 19210 5383 10083 25099
3534 198 9300 21946 30985
14669 17198 3146 5806 14477
25407 26378 12934 2539 23262
25872 16993 10435 3728 5759
18632 31053 1668 29562 23546
12794 31030 3554 6959 12808
3125 737 38 19885 6534
26127 22274 10544 707 2081
7721 25780 654 16891 12406
1252 25953 4960 689 20932
31831 31663 20667 26379 30638
1868 30717 27 14495 15915
32130 23241 11523 338 18395
2547 28750 1843 146 18045
11264 26770 361 28209 22819
2086 31184 2625 5390 15099
12455 27481 1344 777 27365
30310 24491 16717 1732 28472
12302 22576 1652 3487 28780
20592 32190 6191 3519 6810
31762 15816 224 1113 9055
6308 31524 358 17292 9163
455 29151 461 9102 13081
24434 514 15387 545 1550
25176 15384 578 7223 5360
1091 1652 71 648 6599
7298 27501 274 18022 31569
27870 23583 15935 865 16362
11769 32140 450 16258 32136
5825 29172 215 13226 31210
14450 99 127 9042 4246
2049 3653 1074 10026 4918
7083 22985 3665 579 5950
16594 24965 1512 4604 7160
543 18321 2330 3793 24292
23882 18520 1258 501 11969
15638 23745 890 3410 2099
18022 14918 88 4351 7844
27690 31361 20530 110 386
5739 23609 5704 1634 22833
79 19311 169 25431 8616
13332 4491 831 12614 31097
26109 28963 1523 106 4929
31883 21399 12301 593 28478
12494 30936 56 32714 25455
8708 28657 222 31150 31081
22313 29307 2763 245 10068
22999 31151 4254 418 397
5609 28868 142 27922 7444
19360 15943 2238 3139 14953
16523 31504 1493 10361 25056
28447 29073 32412 72 3851
22618 15781 250 2953 9121
1435 10933 357 334 13269
1207 31976 651 9132 29725
27078 24742 2046 1275 12325
18650 17654 301 9945 8976
13102 17153 1208 1261 10605
26201 16022 3588 756 30565
6975 30684 218 6863 14804
15054 24504 220 4732 20585
1296 8495 714 1156 29286
9460 27153 128 3153 14894
27079 32384 1608 11849 1197
300 1183 772 11977 13069
10566 27930 186 946 28593
4938 32489 6 15025 29399
2352 25256 137 440 8361
20374 30818 2102 1342 26376
20752 212 29201 177 16892
14291 15188 1700 1387 95
19477 15000 23254 121 24427
5385 40 19398 46 8863
6714 26816 168 20468 30902
13219 19469 1230 895 16322
23080 15482 1873 344 13257
1521 23720 3521 1129 17799
24273 15903 613 877 31100
14731 29356 1691 272 21082
554 22445 4873 313 6671
31359 15127 21784 421 8831
954 28577 3 31630 18445
230 14945 2751 1317 28066
21082 451 5662 56 24472
13370 29250 604 492 2130

6
11163 19188 14380 11179 2278
10960 2134 26946 3577 28050
5935 11855 931 28988 26274
30476 12905 16183 3601 27619
6815 6584 7761 4174 27311
4770 30867 890 22662 13389

5
4944 2609 5891 15005 22092
19484 21223 32051 31286 10148
2024 23232 5231 1715 28705
17405 13010 26090 2378 30434
3147 27118 8358 2183 31735

17
25381 31045 4170 21624 27627
14991 3290 9155 7260 1673
26693 19895 31525 8316 4804
4982 20338 21299 2818 7121
32642 5089 26077 1547 22732
18729 32600 5192 2607 14529
7380 32761 6094 18031 27231
30853 996 5446 2004 14460
28411 9403 27694 1134 13780
26822 265 1484 18767 6674
9141 15000 15920 1171 25
19697 24080 4450 201 7723
4958 25252 11605 7208 14764
31319 30279 9984 26281 13280
31054 14576 25962 2314 8564
28386 17403 9118 2141 11737
118 17243 2912 22762 14448

59
17963 22496 1472 1875 1139
23864 8560 27746 31530 7333
14510 25940 5779 28913 7282
6992 18181 1450 5217 6264
31244 3149 30418 3480 22452
1055 12635 1924 16094 12543
5382 24045 7687 14453 5990
12341 9969 6484 4436 780
25802 4115 4061 1084 8665
13251 26356 1221 10773 3853
1600 2142 9327 5035 15259
393 12352 295 23480 30440
19580 12048 857 102 4535
16954 21339 6256 951 26237
8869 7593 2003 6049 7561
9342 1064 24439 407 22082
3577 21949 601 19705 10028
18121 1760 15989 853 14411
21206 7574 752 12422 17284
18338 7276 6157 89 6747
25474 6683 30068 1454 20260
19721 15685 421 317 14457
23320 26411 321 7676 21761
12322 2649 16098 1386 15454
14068 18771 4306 1902 8579
7049 15084 1865 1618 29126
4632 17377 533 574 28966
4229 26650 12 27928 5247
5379 7439 13604 45 14699
2597 32710 647 972 1553
5276 17822 908 598 6636
27471 213 23537 777 558
11884 13073 87 6929 18102
14211 8238 2858 557 16489
1388 14 15060 241 10236
162 9865 3666 1002 12286
22204 28845 763 17243 5455
20516 31692 1342 13528 11945
12636 4387 8043 2093 32199
19544 8364 857 2248 19142
11491 21405 4173 1557 9697
8147 10091 456 4784 26032
801 32520 1693 12402 6634
22305 9713 1366 1368 26030
4340 22421 442 20578 26514
9981 18900 1439 3519 2441
22965 16065 341 1500 28461
14984 14916 2075 3046 31555
20517 23682 3133 649 17240
26 21654 139 13022 8702
20348 26781 66 31081 21024
21869 25207 109 32126 20190
6289 9277 214 13601 7978
1132 7566 4121 19 5379
1127 29294 550 2695 15348
791 12658 156 5725 21907
23748 21301 35 21957 22543
28434 3025 26860 5 5675
11478 9075 348 8786 20362

36
5333 6547 24586 24832 10685
30586 27340 18456 29 18237
24510 664 8990 2876 1787
4655 7582 242 21312 32740
32280 32491 2267 10048 13094
31827 11099 10973 13620 12170
555 28861 153 17018 23525
1265 32246 23181 26888 8002
8958 3285 11468 2013 2938
16396 2629 5841 627 21222
1224 4040 3360 1285 11451
16310 5494 8493 23 8795
32080 7444 18944 964 9548
4974 10455 2 2815 29822
24720 31459 4261 11097 26818
2864 744 15547 1859 28371
2019 15714 1295 10879 26106
27225 4799 5097 395 1201
453 32409 97 22772 8555
280 22199 489 4692 10369
13872 5714 543 397 17519
2690 9497 849 797 1803
30376 30734 920 22708 15717
1476 5694 736 6206 26117
32401 30568 6876 841 7061
31224 25889 11707 799 19724
9831 31923 6883 142 25743
31388 28122 19006 1443 18678
30355 6668 21066 260 28711
706 3220 107 1132 24457
6382 4434 1267 1303 24388
29089 4440 24251 359 1945
24149 5566 6500 962 19432
3726 7826 171 24033 19955
29793 112 29662 370 21777
31010 24762 12171 58 11518

49
23630 22850 14119 4005 7769
7591 427 17221 15158 19477
25233 27208 15952 23198 28337
22970 32637 750 25372 26879
909 24860 3048 23880 24396
29830 10745 5484 11806 6044
5231 21829 59 15905 29320
13366 21008 8655 19613 31813
70 2114 1623 1770 7663
28950 4789 15982 3568 23060
2291 8840 1742 4892 7747
506 32762 159 11249 2731
10404 22623 1386 6724 21942
25078 967 538 6268 11065
24945 9419 973 7116 25646
29612 1144 28662 2761 15769
5302 23657 4330 24522 16500
2500 16543 12698 3952 20299
19807 19977 61 57 25328
31921 9064 14493 1572 14987
20218 17149 8767 3334 17341
22522 20743 4119 629 21021
6183 20751 291 882 7184
510 4146 6703 3992 8621
10588 29583 608 1053 20745
12428 32615 114 21416 14708
12677 29537 433 29386 17490
29265 3935 16120 530 20612
9669 32341 393 18867 21139
28208 7141 431 1793 2216
6174 11505 527 2848 19741
4125 203 2319 3144 28091
1628 222 949 462 6812
24516 28125 487 25916 3473
26190 9518 3078 1026 4528
10452 32260 1770 20299 6047
592 11980 1425 1602 26655
4732 24046 247 624 3643
8445 15764 6669 665 20734
4079 26011 451 28916 18133
736 20706 4090 264 26065
15895 15895 2063 1266 5074
4841 30836 256 10888 22619
55 28813 53 16307 17549
11406 21249 1298 1172 29470
28856 8452 22009 447 2545
18219 16727 1454 3459 28455
10 17185 248 2061 28464
26145 1294 550 1267 14140

64
27578 9378 23348 30668 29834
3182 18775 14353 8688 3808
8792 2890 4049 2004 1010
1665 31467 23720 15860 31802
17299 8003 9999 6722 20303
23277 3630 16443 3673 24605
7907 16711 12614 1657 22337
19477 18696 2730 3138 9263
22847 17480 1701 3412 18272
15782 10262 1005 2080 14547
375 11140 10061 1557 29573
25850 15667 1533 21935 19734
1975 5288 6090 4661 21103
11139 29670 11431 1111 4194
16626 4629 521 4677 25269
29365 389 22832 397 1865
20264 803 1102 4520 15992
3898 2286 9798 400 7599
1686 750 4543 1453 1264
1557 28293 714 236 10915
11707 9234 3639 1470 25845
10109 7402 4874 1064 29250
177 3111 7497 1026 9063
28978 2022 19068 599 24801
7196 28041 15524 30 29314
377 30194 429 32506 20937
1132 14550 1848 12130 14945
6962 13951 9065 2542 20866
32151 8471 19340 508 7982
14169 1213 251 1836 19273
23769 22499 1618 7562 11461
31627 7749 28569 259 26311
1030 30294 220 14042 26211
432 5045 538 4542 14793
9518 5692 4514 880 21238
32343 2723 26907 523 7904
6999 1711 5889 176 32415
16654 1938 3377 1726 30987
22827 1307 3137 1698 5623
11967 12537 3945 818 32571
409 23889 527 4374 15721
23977 371 786 687 21526
29911 1736 28104 130 22163
11431 638 8517 500 3852
9077 28145 357 1020 17488
10329 28531 6455 226 13419
3439 18281 1433 293 15580
4830 14913 1846 814 8749
26244 3121 326 421 27619
1286 30017 7176 1149 11056
3019 15666 1433 323 3989
1421 4782 266 3756 19922
27483 25704 7 31882 11726
16034 15172 7451 1294 9919
23201 29763 427 1336 1846
28410 13 14111 116 4232
19415 23620 1187 448 24104
6640 14251 257 476 23396
15914 30910 732 550 2504
7154 10313 3264 339 16990
25449 29870 338 20473 9342
71 18747 67 9008 10570
2529 13659 3404 844 16638
17554 26217 6190 1078 9863

5
12044 20116 3269 13188 13378
18501 10742 19051 31842 16551
906 29810 8429 22098 7250
5048 7557 2958 19668 7632
514 4540 1438 24252 6982

48
4457 17693 15895 22362 32176
30780 13340 24934 19579 12625
24390 4089 24816 583 26936
31861 12223 16206 782 21626
24992 8856 1099 3533 20520
949 3331 2776 16719 22132
25751 17912 932 18532 22346
18511 15300 3271 1358 20470
11814 2857 20699 836 21627
5027 4806 19688 9492 16710
28671 29422 829 23086 1071
1012 567 27175 1116 4380
23327 21012 1866 8282 22085
28013 24103 641 22286 25867
32422 5341 31395 1987 15869
20996 28294 1893 21833 14091
26725 15203 152 23261 24849
30596 8240 9986 1854 25310
32153 11191 18467 440 24282
3826 13432 104 1668 6171
27359 9160 2338 2183 7404
13369 4153 3136 11 25912
1689 20905 60 21803 17563
26202 8338 853 3454 25500
30045 583 12760 1893 25711
5923 15547 11145 1549 28838
20524 20896 120 20870 8208
27323 21251 631 3367 27681
21019 17154 1031 2040 24728
22332 14971 889 10431 28386
8555 14610 717 506 1034
29392 20769 885 7375 14125
2877 27937 747 23068 27152
21399 21642 699 4667 19954
25177 29800 72 32111 11983
4001 30447 193 11845 26172
15914 1702 8297 169 450
3914 1746 3938 1770 4249
24987 31337 64 12201 2452
8404 3324 365 1168 30775
8260 1930 8648 908 10932
2041 30750 448 5143 22281
139 20302 3470 97 22431
30557 12657 124 5176 11356
28520 16697 1768 1832 19056
28238 40 32713 461 22458
24919 15022 762 5903 5647
732 31132 10 17764 24918

55
11165 27303 7643 123 15448
5174 1578 12245 12206 1867
20969 14559 15867 5470 23807
32068 28211 27410 19740 1534
9340 29479 10946 26441 23839
18779 1988 1884 5578 18895
3857 17099 2907 7645 7023
27591 5983 32335 8327 14385
21581 23001 27373 1534 28560
9680 18071 4381 7531 7563
26394 22115 21163 544 16071
27312 775 1964 3823 32510
1110 4441 3856 5468 31507
1071 11051 1307 14805 1658
3216 25766 3328 16525 9419
24862 2415 511 6010 7796
23379 32645 779 30232 31299
27055 27986 4354 24600 12948
30913 25917 23519 421 31104
17697 524 8259 552 13458
18227 14367 824 7106 10835
19204 14051 1136 2813 423
21327 26929 670 27977 28640
19143 20707 23432 920 5787
31964 4198 7144 1325 19310
4325 14166 11079 661 26747
16119 23950 986 435 4385
7157 15890 269 7708 12059
23129 25811 19927 35 19745
8467 27868 10292 1087 18267
16029 17097 1096 6642 15858
8729 15291 3496 1559 12820
22056 7982 1658 3052 579
23080 27217 150 10295 30195
31478 29963 420 1917 24181
19309 25126 7917 367 31830
303 7551 197 8963 14858
17683 22331 2709 2753 29825
1283 28442 282 23872 18833
7550 29718 1346 7253 6924
25726 1835 148 1595 7443
6850 30054 179 11220 10054
163 28602 14 3062 28804
17920 4074 217 3825 6956
7928 15638 457 8377 24124
782 1576 1097 1802 3336
765 7490 22 32486 6144
32237 1409 16406 2264 16325
30418 27035 21619 705 16902
11067 26390 8834 308 22642
22486 21929 2488 609 16788
2800 22704 232 7242 29877
22961 3967 1809 3733 16843
18867 7779 602 5839 9487
31082 607 27990 27 23872

7
6247 5370 13997 12541 29384
28261 32512 12166 28900 1580
30212 6538 8793 19767 24168
27697 6351 2039 6059 23673
996 14173 4980 30551 4138
16145 30018 3859 6626 2142
23292 6475 1445 28657 29554

2
14036 28597 5232 7639 10701
8346 29333 1579 26825 31488

21
30094 17836 8931 27957 18507
10523 4071 24955 13763 3349
22171 23491 4134 1305 5851
9917 28509 739 14221 25997
15970 24938 363 16139 17008
18312 27517 7392 16607 15519
4756 23821 4856 13733 13062
170 14328 8400 1520 21444
4543 144 8483 3525 23677
649 16613 7305 2272 15303
15024 2976 16265 19 30808
13772 20183 754 20120 17075
9567 18119 7020 1939 1736
1723 22523 6579 467 6281
10847 30590 78 4419 10341
833 24668 2764 17322 14389
1528 10609 2508 3609 16390
30692 1364 17661 1154 26405
25202 456 29702 1 31133
10881 26699 809 3661 4184
26941 18786 932 11961 8732

1
8267 11245 13384 17893 19376

76
7810 20759 3517 25995 21527
2305 327 18774 15540 9578
29321 18013 26236 3005 16849
11524 29691 21055 1833 32186
1106 22889 5648 15623 16208
25527 22501 31177 5313 3610
32592 29749 28329 4952 19156
30515 4911 22228 139 13089
23926 7519 29625 8288 30076
26210 32432 441 11760 32196
15576 20484 11134 962 32203
102 20363 5056 1574 13850
9567 18057 5478 1074 3670
11640 24138 4723 711 10576
410 8204 1622 8394 29412
22360 6137 13870 309 7517
23063 4450 429 378 5750
24272 20188 4237 44 5290
275 3694 85 169 20935
21854 10531 38 3418 21363
16704 32384 2948 17761 10107
21796 54 20705 3565 7061
27845 32103 2420 24227 6530
22630 9065 460 1873 14309
12561 25220 2100 3003 31573
13868 31724 1986 6126 11153
26110 4628 3505 297 521
17223 22416 1980 3093 27810
13244 28914 20211 370 7198
8038 18644 972 1549 6904
16860 18806 12297 1114 11965
22858 21856 10695 586 10378
32633 5616 30116 370 24762
26244 16209 24763 571 12529
11344 32058 519 12912 13430
23151 32317 1697 4221 20093
30594 17275 26744 375 30345
7417 16573 313 31005 28501
12579 16957 1664 183 29696
20771 31690 2292 30916 26452
13524 19164 994 3044 11597
21396 22461 21 5122 28431
7015 27586 362 22581 18625
21154 2036 396 2698 1772
14337 17760 23099 239 18552
178 26986 824 22622 21994
1081 16844 1869 526 7722
21417 7260 48 5148 28297
21661 3844 380 5889 23003
19814 31592 290 11876 25149
15412 16010 3228 729 8120
6519 16125 238 2496 4299
14898 27075 6056 1694 1148
30949 32353 1620 6385 18094
28303 6730 8818 354 29192
24145 3841 15352 753 25499
1947 22095 3571 249 2691
26176 28678 27651 210 27135
26915 32568 206 7546 23648
21591 22528 2794 5870 10572
17712 20120 4085 144 26714
2853 18185 3314 1771 19599
28080 21176 714 583 3367
13161 37 1543 23 16115
542 17692 903 900 7553
24411 29409 5267 224 21819
29954 27954 18439 653 29273
25198 5344 11380 237 31253
9230 19167 3257 184 8905
20627 16855 6935 351 19673
28831 7444 32435 15 14274
13064 25018 3349 34 13644
16916 22230 125 301 9698
163 26119 479 380 9128
20107 21801 558 3760 27626
13467 32152 224 4863 9391

27
9749 20086 32073 13343 21530
1768 7547 11890 11752 18210
16887 14766 9763 1196 24904
28406 2426 15775 1999 24661
28187 14389 27733 3287 22556
24138 5968 32622 1081 6740
1001 23243 625 21325 25407
18807 19044 29454 681 21309
3991 19779 535 18562 31551
7882 2599 2351 552 18618
2203 21667 1552 6698 27118
15423 8035 28813 1853 30417
24170 4 10330 1436 12792
17507 12466 2067 1138 16767
6358 27459 3311 831 23490
15022 13952 1117 3900 10221
2123 3179 8679 1549 3389
16615 4442 25242 510 6556
31396 1944 6625 266 21809
17581 10474 15145 756 15787
26871 7709 24760 182 32636
30484 11944 8307 1897 19382
6864 31466 1900 6373 18221
1903 19431 265 21238 24165
19075 10110 19081 358 21247
1582 141 21351 485 31351
1878 7047 7046 328 3187

95
25234 11247 16984 18829 11981
16356 30154 21897 15145 8223
12363 11292 4637 1133 28278
13292 31158 59 5173 5145
854 21033 21953 7730 8418
15768 7230 17304 3163 7054
293 7627 6123 3012 21051
1269 30152 1562 15728 27775
30290 4423 24269 1018 28774
84 30999 29 22286 3683
5005 31370 7011 13148 18449
2696 1106 5907 1442 4086
21724 301 1792 5221 4621
26720 1072 21413 582 20055
3762 3752 12951 1669 2549
11591 598 4499 654 13751
11109 17898 10304 2238 14646
14505 13232 4775 4365 25000
4415 29896 174 32108 6677
8617 7475 84 544 13794
1504 14356 5580 6493 2928
24914 14551 188 7519 2925
14672 6721 9699 273 6391
68 18707 627 5147 31285
31098 5483 13243 659 22559
11588 8215 3435 1265 27915
26985 3347 12020 164 3017
10209 8780 22 4805 23804
14494 30185 615 26753 18787
2880 30825 1149 6918 18126
24386 26634 742 1836 24191
13393 30753 95 29446 9623
14230 10690 13669 375 20476
12439 12854 1221 4033 3078
31781 248 21430 713 24279
1386 624 5980 18 11564
3897 2784 13788 261 2398
7942 17066 406 2684 5434
931 28907 11663 350 25388
12018 5484 8576 747 16679
17985 482 3658 2593 22174
2131 13149 2524 501 24472
8717 5826 978 1544 25189
7884 10612 115 899 23388
7267 18340 517 1889 24318
15213 30922 725 19194 31147
7734 12498 115 3177 1133
7198 9925 496 1788 23651
12163 30294 123 9248 6438
23674 3797 11484 306 20452
905 3641 1682 3009 19251
21920 14770 1879 1674 3960
23221 17577 1161 11940 2638
370 32065 499 14316 1156
11747 3210 8979 306 5653
15928 6283 21818 171 19600
511 16657 542 155 19177
5 13856 1211 1494 15539
25348 336 333 1445 27873
20278 12606 2506 493 23333
8930 14263 2346 1456 7025
24044 2674 24652 428 21812
4625 29287 3015 941 13910
24435 5947 2752 330 1357
10738 7623 464 1418 24460
19124 29221 3480 288 9045
19438 13558 311 854 4486
2809 11029 1294 1387 25070
30135 10604 24449 535 25221
9054 17875 1957 2380 9969
21103 10603 4266 72 17295
13845 30627 441 1124 12815
27620 1914 10740 454 8131
831 21661 3 8702 1911
1358 3045 2398 424 6491
29603 4115 18236 260 26576
23770 13803 1167 653 9347
30876 3214 11681 33 16940
12006 20473 1895 535 7243
17619 20312 1934 460 27615
11624 6459 28731 258 7617
11346 5631 122 9075 18551
23508 11361 208 368 21816
12679 30143 202 15040 5384
12502 482 2182 46 19371
8200 30448 1619 329 9400
7347 9196 2368 572 3730
5447 11 2901 167 11604
13114 30502 109 10851 19538
337 17493 334 512 15368
5757 11200 981 1898 7900
21591 18015 445 1395 23117
11431 1646 5506 379 26272
6479 7725 19 2959 3458
16991 678 715 1433 24811

62
24382 28373 20410 23745 19059
5943 13005 20502 1804 22765
1815 17565 18584 7409 32058
31702 9623 12376 11445 942
9371 28131 2592 6111 10028
29701 2939 1278 18163 27399
14506 30053 6011 30549 22695
2909 10263 10651 681 28830
18560 4147 6929 6083 16445
3249 29238 5979 29114 25700
30774 22475 20958 5472 280
23623 7 8472 38 9899
23736 501 6482 1583 3629
21174 22208 3044 7136 17447
3406 7832 14506 1815 29333
29453 28212 17419 13 6437
25833 3061 2770 7529 13967
7034 992 11100 4489 3346
1264 32174 1 8082 18615
26038 15651 1334 2717 18293
32712 7031 7257 1943 32544
31642 3437 19326 2845 8572
28536 19358 796 3841 20896
27876 23501 1682 114 16950
20614 31929 1479 19612 29009
334 13902 852 27362 20548
26789 21618 1503 6 24445
24314 28062 59 4151 15998
10562 11360 9940 192 22804
5904 5048 851 1342 18683
9381 26677 7545 516 31439
8050 24995 1942 1244 24988
12875 29551 554 22580 9552
24775 24545 542 380 17175
5760 401 20834 22 26096
24823 25471 2833 2637 24690
464 6738 758 5118 7102
24257 22175 3604 1657 3371
1228 20230 20 3684 19700
1837 28220 1275 5994 27847
237 342 2940 472 31630
2052 17094 18244 430 2097
17260 14817 8470 1389 23921
4007 4791 114 622 19232
30703 21763 16558 679 17600
4877 2606 266 1961 29285
29209 4870 307 4414 10520
3657 25551 2396 2440 19708
27567 18223 2070 23 2337
19154 965 747 554 24132
30971 142 27826 674 18669
15234 16657 7330 293 31276
21694 11670 1019 946 19143
18938 2417 26170 519 19734
942 12422 2728 1266 15349
7629 5885 2248 1541 5727
4977 15707 8189 228 1534
28404 10933 1296 982 31217
11909 25666 1122 1003 14793
9694 12355 2243 487 4479
12018 29200 105 26480 28821
14403 10147 169 793 2669

86
32377 10876 8459 11013 27606
22040 30299 2278 1530 1170
11137 513 16968 1294 1308
14140 13504 3289 20241 13201
3073 26241 5385 21830 24384
3898 1841 32597 3841 28454
22127 32601 3083 28113 5728
23941 10750 4987 11323 23680
25918 25762 27867 2033 1692
32359 9839 12767 745 31720
18585 20993 431 18660 697
9209 8993 1019 17066 11863
20617 6231 3936 3159 18156
19616 18159 162 4246 17602
29420 32711 14481 20563 25115
27080 29101 30967 94 25542
28756 31080 3 16223 7606
19888 21556 1886 4338 25963
5850 24362 1456 170 15687
13287 27629 729 29003 31686
12160 23883 86 18909 28031
55 29492 1428 18396 8830
30228 30749 16582 43 9422
21612 28263 22497 803 24700
3168 2554 694 12888 19105
28199 22692 2930 2019 20723
6209 21508 1621 516 19651
31623 6463 1171 3154 4688
303 12591 2404 16861 10266
26131 10119 1534 274 4000
5767 11828 205 8022 5936
12819 23257 85 18027 20153
10503 12617 68 7552 8954
10893 21597 339 14258 26493
12049 16696 78 19418 21118
26022 29794 1221 15494 15993
7135 5852 9365 842 959
9847 32708 662 1762 26851
12576 17587 170 13092 18756
18308 31213 38 15883 22494
31095 20037 522 796 20981
8969 23002 218 12984 19698
5943 6757 8289 1929 12199
20692 13342 2241 4613 6305
779 3629 85 4706 31009
22719 20930 758 4109 26204
4329 21004 1501 427 4528
14732 7206 2074 5030 8893
11303 29959 464 5677 5657
1926 4247 637 1262 14045
6231 9496 405 7505 19001
19594 29254 1801 1804 7053
8474 22723 220 17472 3126
31233 21170 66 3350 12482
19218 31058 1788 28912 9639
17443 27335 845 5590 1434
2847 27021 181 20948 20704
32102 31202 22324 222 20786
31478 226 11493 629 31788
19385 6061 138 9657 1289
30242 29673 3340 429 15707
4647 22431 1685 840 6494
13025 15114 176 2126 20211
12451 8753 965 2043 23923
7387 13567 71 449 14352
8746 31514 32 3839 24637
4105 18950 1022 701 4928
21435 26993 108 28375 5740
2722 18577 109 7185 30448
3462 429 205 1186 31160
27177 29550 27507 90 24948
19061 9837 234 13881 22568
909 11541 1906 558 2159
11573 14883 356 13166 20507
30140 6219 159 9744 28452
8063 13602 786 7595 28115
3956 6448 1348 11680 5487
10884 11444 3038 2204 8545
17339 9320 1042 1522 27626
32245 21944 31175 2815 8409
26729 6132 2304 2949 17645
30976 10687 1295 3757 12952
16972 5800 1757 1740 3078
27993 30006 533 11910 11956
13540 15975 533 10902 23013
8838 977 762 85 11246

25
27894 17590 4875 15810 31014
7227 22195 11681 11397 8384
28966 6532 19386 7386 29983
26177 17817 1641 3234 12394
10717 11058 13750 2639 4360
23618 14993 33 15589 4465
4690 3405 1433 24109 22651
12715 1957 31616 835 13295
25670 21597 1287 16360 31128
14335 694 26887 993 9823
20693 30407 429 2490 23175
5117 717 1702 815 19082
21632 23219 596 22263 18411
21666 5019 6103 4447 29955
1832 29414 4063 30727 9030
7961 11117 1737 3356 9369
32494 4031 9713 1179 21322
11587 16052 5125 3858 9500
895 7017 3316 12073 15355
32468 5688 17647 403 15107
25263 23296 107 8448 6385
15440 4899 3719 625 862
3117 25679 29 2117 17539
29469 3721 32576 150 27859
7287 19036 1923 2682 25987

23
28476 4677 4221 26954 2100
1140 17897 23390 22582 2552
13755 13758 3749 3276 31922
4700 1135 6260 8919 24778
19356 9997 5056 7365 28614
5593 17516 10020 214 18079
12817 469 8195 3319 24530
26315 32316 11711 8928 18673
32710 21470 10971 4680 9283
23383 3113 14402 373 25042
27692 3538 22036 477 3137
29575 1414 30017 665 7144
25401 12975 188 20536 10251
26655 22239 1561 2735 30737
32727 9955 26914 7789 25573
5092 10089 8241 902 31087
25706 7921 2105 436 13692
25803 30613 353 7089 27418
17404 4372 8387 1731 26566
339 12711 767 10988 22135
8648 13427 2130 833 8252
26777 10050 1081 5168 23202
24604 27198 88 2998 32519

27
3736 7130 16431 10895 29252
8150 32121 5174 22784 26577
31552 15100 8351 2142 12698
15976 20688 2912 25865 24564
29972 13344 996 10953 31929
3599 23563 3114 2050 8333
24741 14693 378 6633 1925
32157 28503 3141 14877 20957
22832 48 6711 3392 26169
22495 4818 29573 5621 13687
23833 19009 557 27695 2311
2754 23349 4695 47 5853
25244 17106 1163 2755 32419
10764 21613 3689 3531 15766
23464 11020 122 11536 31129
21862 3476 32442 362 19808
25989 25325 1058 23850 16714
708 10523 2016 32482 1497
29620 24729 14622 32 28382
26948 13626 678 5931 28974
21997 21062 1449 30187 15067
4443 27191 2826 31372 31111
3223 2047 1409 2303 26853
20832 17322 185 26547 2689
2865 26746 390 26011 9698
14682 30937 1178 12681 27988
28646 25124 3026 21696 4735

44
12152 3657 27328 8780 11716
27193 30897 8306 5031 3794
24996 16843 14686 9536 22968
3022 21273 11569 19756 26597
21651 27319 1840 30919 25584
15475 13260 11154 1921 21470
17 21271 1961 23603 22084
23625 25213 189 213 26543
9094 13872 611 6816 32539
9774 6840 1930 2613 28029
11592 13502 173 2461 11654
17505 23921 2117 19117 3068
14838 17786 913 5460 29220
1750 5647 4712 13441 2358
13039 466 4064 1798 18775
14808 30379 2305 14209 31657
2239 26644 57 32274 14236
27098 2428 7050 1140 22184
7646 18077 222 1422 10839
8561 1726 404 6925 21030
16194 17254 4244 2412 30251
31076 27703 26778 398 9800
19846 19989 1026 6368 24067
30425 28274 12348 1352 14934
28685 196 28951 1640 27274
23700 30893 1239 31975 17731
30746 30484 23075 300 2787
7648 4480 407 6365 797
3704 342 3167 3148 1432
15669 27305 1398 189 19537
30024 13437 17876 2584 25826
21021 21392 754 4750 8096
24996 30300 464 19984 31532
28529 29683 8459 343 9067
28080 13628 1267 2793 8485
26313 32110 529 479 25344
25468 348 1572 3141 28010
49 10699 1343 2446 6731
12386 18254 1923 808 14810
31133 27454 20110 51 3058
13683 2894 5913 534 12976
17479 20719 1137 427 5681
25464 32418 297 818 3883
20806 15602 4595 1232 26828

98
16853 2370 25199 17660 7628
29157 31277 13073 13534 1274
17320 25916 502 1176 6836
17673 27643 387 27974 665
28490 20531 11774 5689 3879
2188 22146 5870 4463 32401
25797 26828 12499 156 27925
12774 15819 1227 29557 4461
6864 12593 286 6169 16147
18083 28533 8880 31127 30218
7556 2889 9213 5320 12006
893 9107 5555 1118 29864
16281 20052 8452 1342 30942
30672 1224 14546 721 19884
11487 15273 833 17091 10954
702 32698 7025 27832 13904
15852 27582 662 10772 18618
10571 27674 22 25559 31393
15017 22515 37 28301 30918
2472 18214 652 2473 18840
4314 5005 400 351 24538
20634 21938 6160 947 29058
32337 27584 15793 2896 24970
8064 26452 323 25255 26260
19431 24940 4324 1684 23718
27166 32744 964 5557 32712
7215 1595 16444 763 7400
1 12094 156 9524 2951
15475 20254 313 25352 29164
3889 834 5044 731 24738
1594 17978 173 4078 23699
180 12837 3446 4164 24201
8251 11035 2734 5133 17815
21650 27155 9337 697 1297
12589 21934 125 10446 8335
25974 23570 1543 1724 20752
15122 30798 16 31382 9486
24711 24633 374 1267 11346
9387 825 15945 156 14351
8959 28477 1006 5773 30158
20295 221 14141 354 12054
14424 11188 2071 4149 7670
7482 17869 3054 2350 13559
25 809 3184 7781 28570
16132 23530 2163 795 13449
17125 32389 187 31106 29926
3483 29876 2665 2619 8740
27665 26222 26873 546 13111
5198 4011 323 4002 20610
19316 23236 847 171 29778
14043 9422 140 30337 19270
4068 11465 1184 5757 26093
28662 28617 408 32454 31770
30201 29113 1445 969 11603
8874 16695 759 750 6934
7028 31369 573 120 31029
28130 30888 282 19430 25550
10075 28303 125 4677 19365
707 23190 74 2903 10917
4797 28876 123 651 7414
24846 1211 1122 661 6392
2281 27821 1785 190 11554
6145 11053 254 1917 31322
648 30512 349 920 20241
5246 19749 578 1508 4481
18668 28332 3888 136 23367
14644 21629 274 11001 23936
10547 10433 6 349 3347
11281 15336 123 27307 1997
10599 18666 394 18909 13120
8203 23539 514 113 31105
8780 28302 162 6538 1621
12006 13496 943 890 21561
16006 22465 262 902 10633
11069 9442 1224 2059 14610
1014 30500 1108 903 16601
8004 346 8785 178 7407
161 24365 291 352 12668
31495 30707 3750 536 8532
29868 2089 8968 153 4810
15131 19877 1638 120 1270
5690 16450 36 1537 25995
11602 68 27964 96 22144
13427 10309 317 5050 5127
15 8613 7919 478 1498
16583 21526 3188 746 7562
27492 1187 2399 308 24903
26640 25426 1435 131 20655
11120 12864 105 16660 17611
26883 597 2364 225 9748
17988 576 7279 107 9743
2430 29924 322 1704 29795
8540 9993 36 606 12099
31888 597 31017 438 20644
987 22723 776 1648 15873
15778 17699 579 1833 24090
7614 12007 356 1139 9825
17363 28423 34 18462 9201

55
7181 12657 1531 17451 10334
26859 17285 29669 9066 3934
22721 28211 15711 578 14743
17363 10559 2065 23757 28597
21952 32277 25000 8174 28171
22819 6743 30153 5241 15043
11508 2550 5738 20946 23484
11496 25190 2635 11372 24523
9956 30439 1495 3400 1702
9393 12707 669 13295 20514
2522 25721 2865 7871 2729
18437 1606 1896 8641 17705
28886 3222 13906 794 15353
22859 30073 26155 20 31564
19852 13868 5122 3540 5904
589 807 3338 23998 9595
27180 12874 15281 3239 23284
14566 31524 2349 22196 25962
24267 2061 9417 643 5433
8725 15200 601 13773 32648
31305 5031 10282 1150 11991
203 15086 67 22393 5349
20849 21983 3009 5899 19214
5899 23547 615 12061 2552
8304 32086 1524 3289 23001
31708 16206 13828 685 28290
305 26337 1977 26348 7635
4223 5046 826 14245 1588
20358 739 10571 391 12199
7719 2095 97 6104 10366
6253 351 1081 1995 18721
20372 5253 9684 819 25116
25373 31666 8324 462 23648
31734 30596 1548 528 21916
20423 18102 1850 1577 30360
23276 3669 237 1055 9543
10721 23343 373 4225 3191
6220 4245 491 17735 841
48 20450 122 12315 15279
24266 6510 16151 146 19243
28121 26479 26428 1689 24291
27883 32253 2722 22 31938
5549 9955 32 508 30497
20763 29722 663 612 3100
15152 26678 1078 1195 3295
23873 29179 18431 779 28047
8783 7061 2176 4792 12181
30619 525 5942 175 13850
25637 20545 581 2849 19970
21577 28293 342 20102 6016
20851 3344 4940 206 30045
5709 25634 146 14181 21681
19976 22358 463 9509 12558
7147 9983 637 322 31464
28789 4052 11714 708 20108

52
25520 3757 4342 32202 9205
3254 25224 20704 4835 20586
19735 14200 5770 8293 18574
4290 5400 5698 8181 29752
14520 31296 5871 14269 24754
30131 28316 3866 18977 18677
16942 11874 3738 935 5838
11297 20163 4667 3110 15900
7409 30668 1197 3172 5663
14311 3505 9267 2425 19956
30315 409 11981 6318 11651
7426 1932 14732 1379 6219
9341 13966 1904 2359 18831
32482 12270 2781 5261 14841
21802 31618 1762 9787 3507
19653 7358 1764 1903 8524
13651 9565 3289 8712 26692
451 30565 6590 30562 25886
12434 23671 10974 1177 14086
31052 19550 14347 5383 29174
23762 4738 766 3477 26526
10343 30236 2515 5659 8494
4148 15196 861 4056 14880
1291 19482 4282 228 5109
133 22117 8794 1645 12366
24046 30954 1355 3543 23064
454 9390 265 3758 26577
30712 8818 6071 1982 32338
30448 7561 17999 1210 13298
18350 6203 157 841 10749
1467 13663 6605 608 30524
872 5561 1070 6724 32402
1960 9200 47 2976 11892
17440 15884 578 5985 2992
30799 7289 28790 256 19
30279 17635 19251 1035 20379
8380 19824 155 570 5930
30356 25152 10963 1666 2735
14221 6037 2050 1436 24285
13403 30953 301 21892 1094
24439 658 5787 996 7056
14371 18391 2909 149 23170
20662 32700 136 9591 3558
12274 10409 80 2855 28590
3072 3662 2658 666 13384
8873 616 12603 639 23982
9291 32119 856 14519 4616
415 25906 2105 1106 13614
29952 22018 105 14686 17590
121 1799 2349 2360 24020
6548 19372 1384 2007 21136
8347 16840 39 1154 2421

81
32738 24611 16478 612 8989
8131 5076 9797 23793 289
20820 29540 358 23101 26834
24179 4321 18954 20005 4164
31769 25810 14381 29692 17306
10706 28951 216 2070 22860
5989 7371 1196 31551 2448
18921 27529 5503 460 31307
587 26423 2359 29337 17214
32200 1957 5826 1788 12941
26913 30213 4482 16321 7501
21808 30434 4520 16754 29363
7720 31356 4759 9644 29230
3226 929 953 3733 23686
18621 3595 3298 19277 10668
19022 32548 83 9314 27989
409 3443 2181 17243 14053
23721 2877 4981 482 6287
13000 678 9142 572 1661
5281 18012 692 13634 4683
25208 671 27191 247 8976
22146 650 918 25014 4478
18033 18133 414 12629 1575
815 1147 507 1412 17980
3637 13965 1271 30997 7579
12770 30394 4137 19563 31908
2729 1854 73 120 22245
13508 2907 2737 723 31150
25109 28826 1296 76 15026
26089 26192 645 1429 9609
2775 6859 875 3972 11007
26399 3902 4847 27 19085
8095 631 3832 1861 19997
28702 25003 171 38 1523
17308 30994 1291 4738 29358
9979 2675 3057 1078 25560
32648 1070 7307 308 10220
23071 18418 335 684 5231
29648 24338 22993 51 9374
3296 20286 197 26685 19419
7394 27917 218 4729 10423
28595 26575 1124 1044 6187
30 1349 98 20865 12334
24218 1366 2484 1177 26335
18966 23771 78 2079 18914
23929 25626 5307 321 7331
11672 364 21412 13 11539
6173 2605 1619 3985 23735
2770 15412 318 7549 25050
25654 27830 4393 747 1410
7930 12599 69 11959 2492
32756 25340 21581 78 20197
15736 1738 3271 99 21123
1147 22035 470 2270 20737
23544 6059 76 12653 25200
4913 31772 678 12630 3024
3076 10993 2413 1440 11719
28577 24489 3879 283 27751
12685 29402 2182 702 19089
21389 31306 317 9617 19703
20412 2754 685 744 24946
15054 29553 1904 686 22647
14181 185 21702 48 8239
19351 31321 173 16341 11813
18672 30353 123 28489 28272
23821 7360 225 17857 21129
7613 23410 316 4942 12854
5103 2385 394 687 10498
23173 26722 2416 768 2580
14372 3804 2944 480 19913
18874 32411 113 370 29458
31328 553 31055 8 8274
5705 32112 117 19874 9306
31535 25428 150 10539 27147
16569 2604 5448 138 4150
9041 4533 417 2 23586
5617 7847 371 3381 3244
4582 2055 264 8453 2175
21942 18381 2 2410 32462
23129 29079 6456 249 31167
23193 14110 181 432 13293

77
6534 22224 14354 5277 23285
26952 5116 18524 9463 7265
24350 27113 9912 5672 24047
15752 41 26331 1777 19041
23738 28890 181 29023 28641
12105 31476 2619 5571 22148
16457 27760 5032 15852 13964
10521 16481 17811 5201 3786
5035 13829 1411 28441 30490
22835 15891 6828 489 14599
13996 1832 12936 6690 9623
5057 10495 1691 690 18646
18771 8635 2185 3837 27192
15264 22089 31014 120 371
32573 22527 24669 4034 26308
23307 23289 6624 2821 12342
111 170 935 10191 19307
4732 453 1194 6506 5068
31228 21165 371 900 26455
1670 15269 3358 13731 22259
8949 27617 355 18750 3319
13932 10403 4091 4081 24131
18756 14838 14905 792 18805
28779 18021 26049 2688 8124
9139 921 1353 4546 5798
22363 30205 108 14927 7301
28237 2691 30016 2332 23230
24744 13285 1632 521 28336
22097 10047 4531 2252 21902
9330 30109 2438 4355 25744
5953 933 349 956 32124
9768 5559 567 477 3945
228 26615 1321 26820 13580
8291 9904 2032 8167 7244
15475 32188 858 9536 14777
2217 32266 1722 29927 2456
21490 23105 9297 19 3113
3125 30248 989 960 9727
12692 607 873 3316 21897
2722 8122 4812 1394 24862
32358 15644 13621 175 20899
7978 28549 234 20874 27818
11072 112 150 1395 6564
2164 9052 119 800 745
22977 28070 648 1958 19630
1231 944 3101 5083 18689
7142 29193 349 25050 2538
22596 32522 359 9333 21065
11576 9369 1301 6007 28095
7728 31510 120 14280 10340
24122 30873 187 30596 26318
21822 26652 401 24498 9156
6526 12545 146 1479 14303
32764 21073 10614 778 15599
7633 1895 563 9628 4267
31854 16374 12816 1312 12681
12440 30279 2086 888 12705
12012 28678 29 8664 8726
740 15622 99 9522 23938
10876 3761 530 3039 14042
4229 29584 221 28760 27567
29935 14726 23655 71 5074
15652 27656 374 398 3086
32229 21904 24363 119 21097
10855 11805 188 2509 23872
2990 12522 1854 284 28706
1448 15542 171 8292 18844
637 12791 554 2719 1859
12448 5195 642 2791 23694
14909 31408 324 17903 7725
6473 20683 1492 443 29682
25831 22418 124 305 21032
31236 24111 557 1377 19496
8855 10 32746 20 26342
23173 32496 159 29039 13655
25004 9611 986 223 16613
715 19519 8 4084 2892

61
27785 22102 7351 22121 31294
30128 378 2796 12950 20552
7692 4470 17336 547 5945
7805 10112 9826 11052 27369
2581 30559 23879 14251 987
3908 14004 988 8808 872
25457 12091 1389 15704 28806
22509 6926 2223 14260 11289
8260 1011 13024 2717 16015
2169 1528 3274 11603 21480
19709 5655 136 11885 25024
255 24316 1919 17269 14401
27032 20787 6890 161 31126
30431 19334 31981 346 30235
29220 13675 27103 347 19793
8391 25516 1266 433 20080
25365 7838 1276 2982 31820
12245 24181 4415 2392 19032
16434 22641 5791 394 25048
6729 21412 1344 7953 11933
5767 15720 1993 1546 25547
21523 2905 2378 609 25547
10539 27933 12867 2128 19550
25975 29598 1784 620 25272
5084 17106 674 10827 22127
29612 10090 94 1966 12071
20416 5316 7590 418 1653
6037 6879 7826 250 3759
18251 23906 3829 354 11419
14862 26668 2084 246 17729
584 784 736 15405 26746
31295 14717 19603 78 16343
8094 3847 8925 285 6470
30827 14888 25808 1390 12611
27022 31740 334 25845 8921
28742 16539 12656 419 4194
7563 7312 1924 464 18406
1021 19691 2244 3837 5619
5478 7441 1564 7366 11666
24829 1804 1002 2593 25396
23046 1116 1338 753 18693
31249 14364 9878 72 26373
29925 18633 13736 535 15761
21108 6496 809 10902 25766
27867 6169 433 4453 4479
29347 21261 5808 144 14917
16847 24987 4706 1210 16410
13615 23440 2764 238 4662
13889 8308 5348 1320 22421
17575 26327 2242 321 21998
13959 5189 3433 2579 15939
29051 1417 560 1333 26344
5452 108 2570 419 15659
24237 25468 736 4656 30456
18252 14627 727 255 2542
18075 3832 891 147 28436
22225 23066 1394 3204 8691
10384 22691 17 1349 23517
24347 22895 1098 2337 12694
29265 15626 1060 634 28729
30185 17419 25669 805 2445

1
26127 4512 2005 16492 29493

80
9414 17941 8197 16648 22587
20451 27990 4906 17625 11572
1816 24319 2886 31854 20783
31663 23958 16541 13954 3158
2015 7683 21840 10154 22412
24285 4515 24906 7450 331
5730 27852 2874 27480 30583
18994 19962 15062 2071 12170
665 17979 3149 2337 24507
26551 27117 2456 13213 26288
21059 448 16443 2020 10699
9852 4066 870 3044 12984
29575 15967 8078 1804 32476
29750 22998 26615 834 6217
809 617 5632 2530 14909
20180 3016 4176 1280 17093
27547 14728 7110 428 6146
32616 13581 20786 824 24757
21807 19131 16595 323 8952
6481 21555 2206 3037 29073
152 4107 8331 52 1197
31088 26327 264 13688 20625
18966 30682 737 22531 7273
15264 4177 914 965 11125
9020 23143 369 22820 5187
27924 3292 14796 464 8760
26794 12344 73 987 9735
257 11930 113 7421 27478
29206 29955 720 28001 10929
18911 22887 10038 3334 24719
1462 13931 318 926 9957
29108 15818 15585 6 30220
26194 28329 1 12244 3063
18959 22423 17075 369 21365
26738 15172 19115 527 29580
814 21441 484 10767 9028
12069 1952 6186 1544 21935
24260 12728 758 3737 5256
18394 32315 336 13914 2446
4956 25633 3800 1677 2829
28509 17857 13085 29 26069
30404 2841 14175 427 21662
25422 4217 28672 68 22305
16419 5110 1914 1124 23031
4434 7252 11540 45 26305
1744 22002 618 2071 3010
7668 25023 1256 576 32369
6677 5558 2466 1314 10699
23601 26374 2157 944 17387
7315 602 965 369 29715
25938 13385 5039 460 32502
30173 32581 806 28521 31322
20322 17886 32046 489 17129
1556 7754 277 1690 7115
1739 4162 1385 1853 23572
1428 20885 5139 73 27400
706 435 6757 114 11218
23855 6384 235 10419 15845
6494 1782 5225 1482 20264
17641 172 11345 197 24756
27931 19454 24578 161 31919
19116 922 764 2559 6765
18180 24177 689 6862 13967
429 31374 93 18635 8283
1376 26116 28 20921 16742
4749 29411 174 3412 15873
21341 26841 2140 349 26986
783 32392 172 13639 23639
2592 21848 390 1769 32424
25580 15890 7745 66 10053
1325 6270 1886 763 12124
25921 14084 1145 717 1768
17689 4648 5047 259 7845
11173 29 25724 118 17912
1498 29583 22 22398 8322
3394 3288 8330 198 22030
25551 32084 50 26052 5439
5073 32385 330 27662 24407
29263 12078 6283 313 2771
113 22859 29 11894 22067

49
2795 5113 29470 22582 3334
16184 32754 7240 15974 31385
32548 2636 17914 29098 12258
1913 26273 404 31590 4639
8701 32141 1589 23269 3793
26763 32267 8319 28662 32264
13077 32465 2672 1295 16114
223 8434 342 2367 30066
1162 4634 1534 3337 26229
9173 27956 18740 1928 9602
13612 30313 16709 556 13172
4138 3378 2175 283 21167
4788 31252 7612 408 5368
22846 805 669 4190 30608
5544 2485 11549 365 20823
29006 11 21323 1106 13659
3243 137 10802 1567 28046
2673 31986 1941 6823 31796
2976 30083 9243 700 23053
30453 31854 14374 389 19718
3890 4006 2869 182 2773
767 5020 104 75 1852
14298 391 2323 1899 17754
13157 3249 1011 104 24907
8061 4219 654 32 25399
2199 11513 516 11775 5030
11185 32432 878 20276 9299
180 19807 969 18491 19716
14595 31180 7521 520 8789
1154 19556 43 7292 21189
1912 8078 166 706 26613
5638 32220 1466 23019 23592
32760 1415 434 670 3009
20293 1839 2050 10 3034
782 7790 37 7398 10401
1533 11062 175 28618 22291
26883 3890 5251 36 24825
25111 32243 166 16231 4481
24561 846 3098 445 30378
18174 1961 420 3051 16350
19109 63 1645 1635 30899
23542 31518 1393 1605 24276
30394 2417 30086 13 467
24405 2956 737 1695 25886
25464 32161 1165 32709 28053
2754 4984 10641 4 30244
10023 3622 7451 339 19089
9074 2913 8818 22 4177
13179 27805 5562 76 9353

66
8627 30213 2992 15547 5545
16416 29864 58 21301 26017
19300 22240 13226 30784 20368
22422 2836 16187 1364 24591
3301 3992 5834 6152 16834
26255 6369 1787 13995 24081
9200 4035 9558 25189 22289
28497 305 9081 2387 13411
386 23346 1224 29763 28813
31076 18346 3722 1794 20418
5539 31448 18 26825 16548
32579 25175 17652 28291 24274
20700 16241 1089 2010 15332
8905 11293 230 3055 31633
7189 945 9363 823 2590
30885 6181 8845 10761 15148
12630 30641 955 28922 10521
19035 3884 3085 2207 31161
22197 4671 31470 560 12013
22972 1627 3641 991 6109
28968 20389 23957 1663 26305
28750 8684 373 11553 5367
16533 31971 309 24508 31779
1078 16039 2393 1247 25192
5487 20973 999 7306 22554
24672 7241 686 10319 30572
12698 29962 526 119 21137
4035 14732 1283 32216 8344
6531 15422 485 2527 32725
20158 7937 3394 7118 16621
9018 2576 8156 189 13244
3944 24852 53 18262 8594
2028 32051 1080 30224 6530
31966 16959 10800 659 24439
3467 20154 70 10374 25740
3930 497 247 2744 30566
21981 20136 146 1827 2801
1491 11511 1924 1890 6890
7806 15129 354 26342 10033
7084 13929 537 27458 11079
28286 22088 11979 75 6820
14310 30535 661 5451 19574
1717 7801 1576 793 28030
10692 29442 8104 136 27041
4544 632 16503 59 5400
19013 18395 88 31190 16490
14279 3631 7411 227 4558
28884 5347 9374 612 30
21417 18927 1985 400 31426
6329 28821 675 21318 4584
19777 1042 5938 458 13836
17535 31651 525 20546 21114
11262 3483 2365 26 15524
15761 30762 340 12197 10548
1567 19897 1896 3031 327
4164 3288 16945 152 19194
31358 17644 12432 263 14573
21581 6772 1566 240 11900
32720 6066 6700 17 25434
8320 27365 264 10584 20530
14995 31024 574 23706 24676
8214 76 25370 14 10756
25764 14362 216 5806 6314
314 4531 2629 2763 20984
29495 11234 141 6587 3860
239 17933 2963 401 31827

63
5724 9641 7416 3352 10621
309 22984 15756 25528 28414
30432 31130 29237 17785 5664
32709 16185 7719 12845 2456
5902 2297 9221 365 6843
17068 5626 1691 20813 18153
9591 4553 29600 486 802
18021 27633 5553 21495 1663
16345 31888 1643 19845 7205
25968 18776 23 13924 15890
26711 7749 4055 9534 31263
21552 7481 3891 10099 21470
14081 6445 1252 1403 2352
4649 14173 3821 7909 9844
26914 28252 2103 8703 13009
26839 369 11956 3172 8924
15550 2492 5216 11 14578
26050 7206 591 7685 25023
12279 19569 3744 937 10876
985 7329 2724 6586 6793
13128 3395 9662 1022 24919
28947 17541 1149 5850 9573
30554 18706 491 2445 26517
19312 12221 1050 931 19928
4498 7318 9272 563 31947
14232 630 5648 84 3392
31696 11663 5676 437 12846
9310 5260 987 727 14814
16295 11894 735 12116 18517
19908 18145 2982 4084 8808
30837 11114 13566 217 13237
381 15041 3640 3007 2649
25346 28089 370 5533 27209
26894 3545 20758 559 3943
2370 3250 269 3115 17846
26739 6114 27985 1406 26749
31690 21079 514 5814 29804
29436 31525 335 15634 24691
31898 12287 13753 3773 10058
8292 3011 1717 482 8899
4455 6577 8015 244 23221
6809 8282 1291 329 10511
26435 17700 374 10835 14128
31466 29968 7889 422 32461
31622 9966 1851 761 11581
2471 726 2197 2014 27428
22195 749 3020 2107 20156
10823 15390 376 3196 14121
26678 32694 50 11961 17508
15406 9317 871 6175 6832
1741 805 323 3694 28044
30273 20817 104 5692 32682
12152 15169 908 1257 23172
24845 28816 369 15809 29799
19535 23657 6200 228 4423
10645 5944 5930 54 27
4666 2783 243 3098 14895
525 145 775 1108 7765
5819 8801 2671 622 22121
24887 22694 329 125 26039
2052 4876 91 2159 20128
41 18808 35 8461 14720
11191 8560 4 765 17447

52
30424 31878 12480 17586 13740
24638 7227 22685 10265 27309
4875 16 9044 25731 8758
19995 18157 23861 10132 12927
14998 31227 13146 3271 27478
17603 5176 2298 13059 18156
11453 29387 18694 468 18137
1367 12997 1382 2739 6510
270 21635 2949 14414 19130
8661 31857 3263 16927 23314
28542 1024 10212 4333 11496
4229 5184 521 13104 16362
12387 28603 23740 138 20700
5124 25871 344 21808 6841
3090 11463 783 3055 28507
26466 236 24749 1 23339
26439 1400 1191 1098 11902
21742 8760 1751 6072 31818
14211 11489 3157 8385 14040
3416 17952 651 437 27884
14244 606 5294 3573 14957
5878 31124 1370 14228 3828
29813 5453 2623 677 15020
26723 6275 9468 313 7932
11959 30744 1912 19266 19673
23819 5282 612 4991 18748
20475 1665 3201 5821 6278
4149 20521 46 15022 7414
8377 28793 529 886 29360
27242 17608 4880 132 7668
32427 29490 15567 206 20220
16709 24278 1476 3976 15938
24 17388 8 14743 30000
136 1499 1346 2714 6871
5753 29042 442 254 30667
1531 5504 1539 2617 9096
13974 15148 136 8713 26613
1253 13414 106 6075 32477
31922 29027 25730 383 18857
2 9667 850 3233 8045
24640 30290 14637 594 20211
4363 27031 169 12612 30258
14425 23319 4300 590 28828
15526 7507 1042 1135 14520
9540 27123 1970 1600 29099
25600 569 9952 99 3363
2927 1087 1344 3998 6485
20314 5802 5 9152 23
12562 28986 14777 195 22463
5497 26757 108 6340 13824
14000 7167 990 2830 26247
15585 9084 1651 612 9343

38
25726 3297 8559 17488 23802
21268 27510 10193 26480 31470
23551 25504 21312 842 32540
3525 10655 21501 6865 30082
19555 21323 27324 3678 23113
31472 29112 26890 16197 23151
4776 18379 13161 19821 12028
133 389 3375 30878 7101
6030 2462 3843 8066 12718
16563 5313 646 3162 680
25967 409 3852 268 23410
29836 541 18973 1907 6429
12122 2205 8773 2794 32338
19805 32016 785 12596 10252
198 32205 4055 15946 17771
17025 533 1055 1374 20094
21150 19246 1796 677 25415
9287 1803 2405 27 27034
20934 694 3371 1711 15723
23629 4977 582 2232 3460
18226 23861 470 16098 10785
13456 230 5523 172 16752
11637 627 685 210 21657
3844 7559 1206 2358 14082
17947 5489 5359 552 6870
18654 7263 1563 479 29341
20284 26753 18310 432 1653
10249 7522 4140 634 16895
5582 6203 99 2001 18243
3734 577 6310 441 112
19192 19183 38 21921 30844
31218 27250 22285 89 31437
24721 27344 10544 100 1725
25496 2334 1255 750 20842
16356 9732 6555 98 11542
24893 20932 9209 367 28286
24781 759 892 341 11325
19490 27601 1692 1059 12169

97
22532 14617 19040 15076 30333
30000 965 2664 1736 10883
398 23631 10113 23674 16146
9816 3630 4535 15533 9989
16345 31707 18372 5229 19634
14795 2308 7391 5804 7001
14358 8528 2368 9537 22974
31882 4284 24772 6404 19632
31377 11603 17742 395 16761
719 1860 4589 13576 8424
23863 3659 154 2621 14353
12644 27725 417 30186 10485
28280 12660 5612 816 17038
22289 1248 95 28811 25537
13616 24613 887 1822 25792
14115 19172 4762 2107 32767
11163 20681 1180 7737 5266
5713 13259 3886 3264 9028
20255 15835 516 13790 17660
17353 13625 385 5523 7819
24908 3326 5160 3860 8067
30658 30727 15303 526 7447
16927 23759 2088 6611 22497
5577 5987 2610 1755 7633
16844 1039 197 343 6131
9064 417 19914 576 29112
35 21133 2897 2034 14455
20787 13573 120 14871 30535
11725 31955 45 9676 25366
6232 20574 2330 2354 25583
19114 11244 599 3949 31319
19135 16658 834 2539 6194
25018 12875 229 419 29050
31521 2874 12478 1012 12159
10604 19973 48 3001 15666
5352 16974 3069 1981 24261
14715 29901 232 31892 23304
991 15661 130 1396 29625
13202 31345 688 13259 24994
1371 17290 3311 471 22789
17965 12 29065 119 10091
29101 10592 206 1188 2485
25731 29720 31335 68 15490
4213 23180 6264 273 15198
20910 17756 788 7315 16717
20590 12482 14 1477 3193
20413 30235 12938 407 3735
32616 13509 13697 1029 19652
14947 24852 985 24113 12706
17826 12282 1095 6224 2203
5964 9678 1466 276 17755
2123 789 3189 777 10087
9948 1913 56 363 18926
20976 9948 1038 1091 31031
30430 4329 293 2569 25732
26455 7471 4878 174 18887
18972 8314 2818 1391 8012
5988 275 448 513 2069
8042 11761 1665 787 650
28410 209 11701 128 14764
4187 19310 1409 1687 25044
12019 29597 105 15707 16759
26700 1318 613 1464 26432
32437 12013 7871 396 26439
7328 682 203 4699 9157
25275 13134 452 898 28118
11221 31441 98 20308 24065
4053 18607 437 280 17406
17368 30720 2401 542 11770
22972 9129 8404 1321 16027
28960 29841 8518 315 19854
23196 7005 1486 204 24466
10074 1174 1820 1033 17974
26 31494 282 24578 11985
22579 2206 1191 1626 1739
15179 21374 447 1890 9844
5731 11356 2594 234 24246
22983 11379 1746 190 14159
1084 69 4893 175 21721
25006 14042 2251 207 26795
13941 26875 509 17319 15687
1677 19822 1998 1177 16292
30936 10543 329 1036 18234
29402 12476 28358 135 3797
11043 32167 17 22628 2150
20114 24478 18 1692 21311
7031 12550 579 191 30431
28151 10925 282 791 11390
22936 11580 4872 687 18183
32217 13549 218 967 22608
29343 1316 40 853 14675
958 17879 653 3225 4698
18761 10233 1389 887 32092
21987 25628 20 1966 4111
16342 23028 1230 722 3713
28576 11139 213 547 26076
8840 2015 275 9146 13103

24
897 30714 10006 16537 23100
2753 12567 17878 8710 26909
24632 7780 17914 5658 18815
28039 27912 30652 9132 17570
31128 23808 27054 3363 15287
27467 2312 27815 4023 28527
24817 15985 22348 1367 11086
4510 23748 6610 6547 32322
16824 24707 9355 16678 4974
24 3408 398 28243 13303
16031 6969 4780 1157 26258
32635 27476 2767 314 26006
15795 22400 32103 316 26323
5680 4094 3989 4917 25814
21627 2142 1268 12003 22706
13147 29412 3026 13146 15096
28332 18431 11488 3682 20827
2644 3106 7497 82 17710
11692 27053 138 27394 12124
22628 15688 2025 5644 21439
14314 2973 5533 1153 31899
27357 24352 542 1407 13118
19021 885 10497 450 9734
6430 1459 8361 88 6023

45
20141 11701 17777 22258 29379
24324 2328 29829 4787 32375
28979 7193 25227 2167 32470
1260 3296 2235 14137 28161
5750 28137 1514 15117 23456
13114 5758 4005 4875 30013
7852 12991 1045 27474 22543
10669 11511 9211 16179 9201
2170 21260 3063 21379 12649
14523 29956 3465 22857 32207
12125 6261 502 394 3893
18502 7557 8438 326 991
6922 10916 456 15605 4688
10276 3972 189 16629 26326
5528 19646 145 16952 27412
16184 3709 3215 803 28606
9297 3320 797 6036 8167
931 29506 543 18694 13256
11197 32063 27 21202 17532
1079 19604 77 7711 15203
21585 2388 21 1313 31232
8606 848 7097 1967 6956
6245 6267 505 11501 18364
30266 1154 12388 251 18732
5502 340 719 9427 11036
28915 11046 4969 247 17531
18990 28310 761 3823 26078
20019 3061 875 1349 6066
9999 297 17501 300 1712
482 11196 586 508 14787
12452 28388 4006 1551 5948
9231 30034 1319 19131 23287
3978 20895 1077 288 3781
12751 30657 358 14200 11248
1194 9761 24 8713 11236
20899 10569 6808 20 31962
10144 4975 42 10801 6505
31186 574 27759 173 29684
11448 28015 680 19541 25844
587 501 1336 1174 31544
31441 9484 25705 596 4608
18397 30556 366 28279 18128
5285 30300 39 31715 2949
26005 9491 104 747 22544
1887 20340 234 30166 18399

9
168 24872 16255 6627 2995
20413 8671 20651 5345 21988
32292 18119 16825 20990 24269
22206 26488 1891 5128 16603
25054 27632 3989 9539 20436
6993 5411 1824 2557 20827
14506 20697 13747 545 25173
12776 803 18334 2453 11689
8321 16384 2546 7994 183

3
32262 1823 15849 28216 15985
19653 32127 3618 4594 19139
25409 25065 6843 27220 1038

32
32452 31323 28880 26806 27237
10629 14421 4300 15653 2450
1932 20602 3915 21495 22724
18678 8940 1080 24449 10764
26472 464 32464 6168 31899
32684 11557 15693 17551 17224
22012 23117 8753 23279 4771
25196 7284 2666 9993 11668
1348 22435 527 1889 28184
6277 3426 11420 5488 1950
23991 17470 5506 4064 8247
32692 7563 16788 639 1944
19778 17131 1617 30899 11967
7853 9605 10183 3860 14244
580 7642 362 30327 12295
31895 15078 371 32527 20835
29533 8520 5205 501 27950
6613 26234 121 6566 9172
7248 32661 10234 3425 474
1756 12968 2427 14 20001
4506 18177 311 769 27984
30879 9178 13746 580 8240
23232 13609 1491 1105 18128
21688 7592 173 4114 8884
29377 10008 10330 305 31371
1207 5910 1541 388 18128
23139 18281 554 601 3751
3348 5685 2818 2681 1838
7944 28732 1756 3190 9896
4123 1100 21595 2105 17071
16277 20458 915 9166 5611
31263 17426 56 5431 29586

43
2650 19604 20860 7663 11587
23720 7397 14711 20305 190
27007 30780 13988 11200 10974
17273 30248 1641 22698 9480
14155 32487 10 28336 7872
3832 4796 18231 5987 5945
15989 762 25044 3894 31659
1784 8204 1858 1916 15787
6717 31568 6201 1669 7225
18941 29874 3411 20964 3779
4849 31303 1633 18412 3381
22749 32611 3887 3811 5865
18975 11213 721 7435 30268
23290 5309 2659 147 6347
24152 193 852 162 29269
2426 23904 3 3397 21865
905 29498 1022 15325 30892
1311 1397 96 1355 6450
2302 13983 15452 4473 26775
22108 4734 199 4179 19243
1563 20869 758 3522 16757
2869 27652 11456 129 17679
30419 5012 31297 281 9960
14543 28219 745 28155 6561
23834 29392 21533 922 2793
20389 13285 3167 6000 3121
662 11819 5471 409 30815
31409 6826 26545 118 25226
4010 31831 562 20077 19466
4025 1307 8682 716 28586
32539 6952 28243 78 25497
7559 3198 3309 852 23030
25379 28536 19514 477 18859
7354 2537 472 645 4676
1928 32612 724 20968 18736
16148 28970 5813 863 13169
9286 30587 5181 709 4343
22474 9232 603 279 20287
28073 27783 19197 90 2098
29 14550 1444 12794 19875
21232 28370 7021 10 4444
3047 3806 115 3956 32166
14368 54 32455 69 16165

63
28971 13363 21080 4191 25173
2047 17744 16290 16966 3132
32671 18752 10497 1475 9629
25882 17714 5680 10392 5543
4543 7531 7523 9336 27244
31923 27781 11887 27520 18197
24323 333 62 15279 25471
21106 26105 2637 5702 1650
20453 23692 5171 149 15575
4491 3572 9305 3256 9635
327 32529 476 19509 24434
25192 4687 31347 2285 15742
15756 1278 829 1199 24059
26668 29852 2018 5700 31918
29378 8669 10486 2270 12864
18965 13405 76 19869 7677
20783 13589 3472 777 17291
24959 2964 4548 1370 7640
749 15363 739 10507 4777
19270 16846 5518 824 4776
28359 1650 18367 924 18087
16900 10487 4217 2455 16704
32614 21570 23992 2084 22436
19503 30222 1281 31975 1956
827 388 524 5052 21635
891 29883 686 8299 27236
24814 9985 355 922 17233
31846 25503 14629 883 16027
16342 8995 1530 44 3745
27521 91 3645 1522 26292
30800 11555 6760 1417 26822
12689 10685 3756 244 27277
2963 547 1238 2180 23895
23147 7888 644 1643 26783
13180 13594 572 2647 13109
29290 31318 1462 31382 5543
20859 24754 21 23238 83
2088 12158 1471 5149 5071
26247 11388 588 4160 25834
25473 7715 10646 930 13566
13637 7170 2284 890 8670
698 9463 1073 4321 14124
182 4478 62 14500 2485
4364 466 1022 1269 7375
24742 28026 1138 226 6779
14178 13508 3387 1843 28579
24251 31304 879 9221 24536
22186 18905 1484 1123 22653
2689 6716 180 1 20204
31763 23945 12344 229 27367
13878 8181 2209 533 19389
30062 2613 1144 2012 4953
19065 8139 1220 1597 4882
15203 4000 1691 388 108
7908 382 1470 2116 22673
17083 3044 6124 1078 31077
20223 4404 1722 1130 30854
30955 31030 949 31624 25036
19971 18830 1133 571 6331
18934 15622 13 26952 16852
12360 12306 3525 231 22660
2859 10985 1356 637 31308
14304 5447 1726 1673 30471

34
4752 12487 31083 1878 28931
22754 21763 7701 16497 32470
31970 15570 27099 22440 15673
5769 26555 11059 4178 5199
22328 6866 9666 2920 28677
15086 32731 6124 23519 27008
11870 2309 14874 1005 28335
30061 1595 31377 3202 8263
1249 16709 12210 4883 20644
6983 31118 2438 7721 975
83 22517 660 16277 7589
20037 168 29638 331 21262
16239 5515 17695 478 1437
16091 8819 772 2033 27449
10009 748 3387 167 27716
3711 8281 6784 1820 12674
10918 31914 3585 708 11605
9661 31056 866 379 29233
6296 22504 1741 2960 292
15905 18131 3832 6603 29115
30560 32222 168 17132 13289
1825 30198 2696 5650 4710
27019 17601 1488 4091 31011
27053 11427 25723 885 14582
17461 8769 4068 2269 3258
12207 24183 1091 487 27538
20997 6386 618 2169 30550
4240 6329 2102 457 23840
3021 5046 463 819 17513
28926 17928 455 2217 17814
10575 3633 16527 1749 23188
6889 15104 16951 720 22586
32014 6348 15107 1336 8318
1475 23138 3117 5320 23091

78
11168 1920 30232 6937 13158
1921 23391 14757 29155 28141
20963 29205 28429 21417 30399
19391 18887 938 62 31036
14554 10017 7012 4165 20434
21203 15367 6369 13670 4430
30180 22132 666 405 29583
13936 16741 5084 4129 5958
31565 15194 17815 12393 22857
30937 9297 27299 4910 26100
3706 13898 9970 1827 20678
2539 7532 3625 166 18373
9579 211 11719 472 27530
17570 29744 754 19870 23348
4511 18105 2212 1832 18176
1376 985 19492 18 30216
30654 1624 13470 126 10742
19042 25553 1978 338 709
60 2630 115 1661 2654
3739 11876 7037 10 23369
29681 9500 1029 7619 17421
28377 10072 374 508 18105
11082 16965 2293 1968 29197
25091 13206 4388 1237 15140
786 22388 425 19245 7082
1501 6652 968 10325 22412
3116 15141 143 7105 8334
10777 11089 2747 887 21449
14219 21035 688 2017 11326
19219 31001 972 5008 18970
1478 1819 9313 818 13187
23627 9763 2852 113 12230
1545 19055 873 2791 20062
18342 27185 43 8988 12961
30536 28103 21771 106 22140
7679 4100 1741 3802 30891
28137 15226 1417 5897 15282
26 10963 712 17974 24312
1405 4602 4725 1690 21272
16945 29642 421 26133 27886
5597 16112 1393 948 3788
18374 14708 1813 1380 10066
8068 1445 19864 173 6355
31299 28641 3251 552 12091
31094 1265 15037 207 26538
12734 19363 1031 2261 28654
20580 18337 457 3495 11576
20093 27950 464 2811 3764
24437 9129 4147 81 11059
10084 1136 3824 114 22294
31070 289 17966 820 1039
32766 27620 21985 136 12715
7130 12482 2221 950 30254
6490 3311 401 3702 23701
18462 25128 559 23896 18705
3273 1267 3819 335 554
5161 20837 4891 1133 25862
4776 9430 189 1383 32571
7940 8873 1304 2847 20670
28052 1754 8148 53 4114
20587 23962 331 44 8865
6383 22008 5038 711 26815
826 5658 65 14373 20833
17705 22876 622 6248 7259
30523 19912 737 1290 30502
2624 10653 1189 1059 24600
32195 15019 6891 113 7041
27705 10770 92 2350 23060
24114 94 26752 155 20849
1426 14942 52 9776 8499
28492 28223 14791 187 26406
22431 9052 925 3424 20914
8933 15760 3401 608 27654
20587 26554 185 13294 3816
28698 1281 314 372 28930
8179 16987 1901 1349 28357
15371 14500 621 519 22853
270 29930 112 28992 19101

78
16989 30597 14313 21587 11967
30511 8888 11712 20269 8459
415 25312 18044 4733 25387
8135 414 14119 12370 13997
20596 13644 1581 4989 12580
1508 12959 10403 682 28238
10496 30705 5698 9366 23986
4697 15451 11428 1934 20333
26666 31 15015 5830 26227
3249 21282 14515 3265 13318
28080 10684 1580 13905 12279
32041 29485 20847 12394 13856
9403 31862 1009 17061 17293
4916 18116 12045 435 27120
819 3745 642 11858 30393
2426 3091 3597 8706 13030
5838 14866 4459 479 24376
931 32059 2488 14182 14359
22441 24671 1426 2918 16209
23355 294 1665 11658 32207
24402 13539 2408 12320 9041
19064 20173 1218 4408 15177
30967 8159 9280 384 27014
4771 20144 6398 424 26653
3953 31225 1149 16329 4551
2885 13951 8814 184 32455
24592 27294 5555 674 17918
5841 32120 2877 23924 29227
7218 126 64 7544 18694
27807 25929 42 351 9959
27414 14962 131 11348 8067
828 24609 2979 695 12322
25834 2203 57 5950 9924
31579 6974 29185 553 11596
22382 4177 568 8514 18067
7413 18851 5930 973 3697
23246 12573 860 1611 25838
22091 28196 1096 2049 19668
1596 13719 323 2995 29691
26922 10822 284 3981 18191
16414 13512 427 780 19647
4240 24657 8995 602 29665
3834 30220 17241 151 4956
2678 30184 773 322 6657
24020 29594 396 469 31434
700 19637 5601 132 31700
22740 19186 678 2196 10775
1236 30544 291 1093 3002
20375 27191 313 637 31492
13322 13305 1165 1305 16970
2665 18652 20866 128 6634
20501 22153 226 2986 17671
5922 14723 10153 12 26194
31402 7740 31106 111 8540
5271 31953 504 32434 21222
7744 3172 126 8848 21357
107 30141 507 24143 13592
26992 6030 209 1056 12061
24123 13669 100 4323 8739
3436 30555 218 23982 11691
13894 19879 3435 919 27419
29321 6363 10529 139 27592
31742 29849 238 15853 21417
23704 28838 3642 188 32300
2611 14125 17 155 19785
30623 6047 14855 134 17686
18566 14618 1398 2380 14712
18522 18047 602 89 13402
11677 17429 8407 261 14410
9216 20912 1719 74 4297
15350 24692 2888 407 15158
30043 8235 247 6288 19134
1806 1076 3167 1785 26629
30374 8284 29 14370 106
3193 16259 871 1059 12900
25455 11728 547 374 2692
27882 24874 1043 1422 18153
2384 11806 2101 988 2265

45
17025 17724 13077 18844 24391
11316 8045 18419 9402 13451
3029 19227 10887 15416 8245
28225 1673 9501 1804 3180
30180 7409 30766 28737 14809
955 9072 329 31047 17246
11603 3162 3859 2411 11536
28348 5464 12427 848 27027
17557 79 28220 531 10981
4041 1549 3789 5015 17162
4276 10975 4407 729 13921
807 307 2904 2746 29462
18885 1108 4485 3077 27704
9660 2456 741 3660 5214
3838 15030 2500 2153 25023
5867 6912 4548 673 22011
348 8025 282 26972 1524
15894 7168 13788 302 31099
1526 25359 1492 24137 1486
1880 11939 417 9781 14141
28749 713 27358 308 2792
15592 27492 769 2859 7454
3878 7249 411 593 10655
2891 8453 3448 171 31006
7077 12082 1407 4137 17962
15496 18021 259 3641 7770
22674 5094 3170 1589 1755
24066 4244 14415 439 9961
9822 2004 2003 163 14842
12481 1533 2659 717 4841
15615 31173 1301 29169 17382
14693 24122 547 21857 31788
2650 12542 617 3670 14710
9316 529 336 3121 7521
8562 12116 2063 6375 28344
18397 1220 26 4197 20300
24301 6832 11440 129 6800
14119 17557 317 3676 2032
27125 5036 32015 195 7101
28351 4088 14815 33 23402
6785 8272 1184 2214 29480
1138 5090 329 2526 20984
14666 5970 2852 412 30042
16809 6538 2012 313 5524
16252 19694 248 3689 27989

40
12815 26197 4169 16710 22576
12930 12360 4853 4193 15226
21769 26875 14261 26250 6385
9689 20485 3396 113 19354
26665 14324 32641 1986 1846
24933 9636 2869 901 8127
3193 18702 2498 18746 5961
21067 4133 10916 1200 18663
18336 5698 12650 697 16037
3051 26057 128 9177 23040
15277 1126 4329 3082 31391
21563 16456 24502 7959 28326
28873 334 9638 2838 9928
15092 6906 231 3601 30446
31724 11457 6091 1536 30099
17654 16753 982 5850 2599
16428 25214 29078 19 1921
5764 6431 4539 143 23630
8218 26198 3495 32152 16458
4616 3068 499 10825 12678
17856 6752 19947 1468 29410
830 11707 791 8248 24098
5928 26580 1265 5418 12036
7896 6739 560 2849 100
23185 11944 4914 145 28458
18156 26587 2526 7826 5291
9689 21267 6340 1674 19420
5992 10448 2414 2948 12838
11078 17979 1180 1066 23578
29245 9005 982 417 31325
1404 24856 139 20431 19421
11352 399 1411 7501 8112
19474 12171 11670 640 32083
18245 10687 1194 4305 27093
30747 8791 6207 548 9549
5482 11687 178 3387 3022
16689 24136 2313 805 25698
2351 4076 186 14829 23410
21633 817 2573 3105 5020
1679 22129 335 19351 31937

29
25702 21694 13139 20906 11663
1426 18718 12207 27793 6042
9263 13529 25297 2358 21648
17724 814 22684 9649 9409
17493 26357 986 29389 6460
9035 11928 32733 1148 22410
13949 23221 11396 1379 13009
8984 4933 8015 4270 14988
17532 15905 29924 949 9060
16064 17372 29791 2175 27540
31896 19648 973 1994 24919
21158 25958 545 10735 436
5492 1700 1721 13112 28786
23560 29383 649 16307 18832
7307 2645 7576 602 6953
18832 26636 1469 14126 24965
16054 31960 1169 30011 24873
22727 29335 715 6708 6425
22251 29489 148 20540 24191
21989 35 18747 110 9620
15122 20989 11030 491 25601
20346 11344 26125 393 26800
206 22673 930 22674 20424
1295 11476 2262 5069 2854
14768 18140 386 2558 27245
295 3821 1020 4186 5264
14759 29444 1123 18641 16155
440 11315 66 3137 1964
25043 10610 10593 415 7027

90
32078 20808 19308 13754 31697
11510 6136 401 4892 18662
1060 28585 1773 29014 10350
19299 18492 9524 17841 26685
13828 10270 3187 2230 19607
12276 16716 525 25121 6352
3268 12866 6494 23671 27729
21368 7905 25727 3718 2171
26164 5411 22769 940 10558
18752 1317 7846 3525 25585
18686 4221 47 29882 18855
13187 32438 2136 3891 7953
27431 820 29060 1310 26853
15483 24794 2841 27257 1391
28855 17300 15345 1772 13561
146 10880 1250 12139 31792
24683 11953 31329 251 18586
14465 24639 22 2379 27061
19825 15384 28279 656 4632
10197 22052 499 2950 29756
12132 3165 243 4192 11131
20270 14634 12865 202 2801
19146 21772 21 18940 20978
13552 6969 4726 3044 10711
29062 27161 158 14082 30188
4 21319 20 7323 23084
2790 2885 5376 4792 22152
31154 19862 19151 101 20499
7972 319 17996 826 32156
21455 12213 11011 1097 28247
19047 13682 26666 234 16035
11026 19491 821 14046 23097
12111 18761 74 11179 23240
219 4320 1728 2755 1922
31963 6823 24810 860 32710
12820 27864 2547 2519 1598
31461 29662 404 27005 19924
13650 12995 833 3785 11993
1169 1386 4297 476 32321
3944 8227 2476 2966 21816
2342 11693 6222 825 26561
29326 3623 31460 322 9946
9908 30164 172 7663 22900
1444 9245 1765 228 21775
13574 2277 2256 3884 16306
16674 2379 1698 4380 7776
2699 14716 215 12784 15898
6523 10686 366 610 17198
29734 23624 931 18938 28338
1732 7752 9000 433 28748
27496 188 1739 363 3664
14244 19871 2087 3802 5328
103 25900 644 6450 21493
29408 0 22039 477 16666
19458 5624 1558 6699 1364
32758 15096 19539 75 24246
29714 2172 20026 835 25554
31025 26404 32 31774 9476
26795 4385 3929 916 6442
22301 16661 17058 335 13890
21396 17388 6701 65 14189
1017 23459 3 4278 9559
13653 16927 2061 1169 10888
2204 9918 1095 331 20756
13312 20153 370 4048 9094
28914 20213 21140 431 19879
10896 22335 109 29089 10366
16278 18045 1813 659 24756
31087 26955 160 30483 19160
28738 11741 32570 9 9370
21403 5375 2651 226 20459
1421 14437 320 4726 11185
20378 17050 32608 106 11559
22654 13344 5964 2 29156
11789 12557 691 1595 14567
18953 17003 24290 25 25160
24482 14913 15798 17 32449
21915 15329 18605 28 10825
29232 28962 27 11189 27526
15250 10129 3230 5 9499
10557 14938 2790 843 15083
10394 8399 958 1657 4389
9365 1496 2653 3986 25755
29422 28517 224 16315 20852
30670 13981 14554 343 22705
13458 11615 15 4455 16153
11931 32651 65 17918 30171
28697 6439 4879 271 13073
2177 4680 527 150 31707
14707 13842 2626 1780 24262

36
9930 15326 9672 27270 23305
24200 27199 18548 27958 13947
27311 12446 6603 7434 18408
2297 10638 20163 3383 16080
9054 29548 668 10097 4214
2821 16695 4114 19294 27989
21847 9095 13695 1390 20939
19970 25016 24388 1094 9536
28397 21630 23837 1014 18234
17015 365 18075 467 15638
18663 1445 27703 3979 22561
19894 21405 7970 2645 28458
996 13990 939 22703 8606
10066 5443 10810 1701 14430
11520 8142 7398 2182 12953
27291 11253 3771 157 28747
31332 5932 25790 375 1900
21109 28610 681 4733 11930
4429 125 2784 9233 12002
24311 5810 1436 2814 1830
19688 31290 403 6031 950
1065 4652 1920 2014 27238
21945 27843 2020 23604 23258
25143 1314 27289 126 6436
7654 17282 1526 10929 9838
18623 14712 1155 490 2957
26477 8076 28469 282 19964
30715 7529 13776 116 6961
25402 12129 17722 247 20824
2440 23228 72 4251 14190
24887 15492 1379 4900 1722
3813 6719 410 256 11611
8627 1421 5418 1030 12493
10315 320 66 588 26858
20399 16768 126 4580 3963
30490 22798 21225 2025 15394

28
7259 31019 20440 21159 2854
7986 9439 21548 17145 1891
31411 29444 8528 26656 6216
5194 4655 25732 3821 23337
12738 1372 29455 2722 4946
4504 19534 3062 4947 10545
991 24490 581 4715 27718
2297 3093 6742 195 21019
32295 18632 11942 1853 3225
1137 7980 3879 7267 17432
30797 9387 32482 8757 29322
9439 26876 4918 835 12188
2886 20273 1417 10729 15743
2205 31487 2154 14627 18426
32246 26200 25760 2163 12841
32398 4385 25233 1976 27920
6930 8603 7234 439 4236
20990 542 20151 757 17741
1186 17040 363 5980 26798
4558 31603 1860 32517 9685
6662 13366 914 1510 3869
134 26536 420 23222 23265
27940 28986 3252 16389 24065
30163 14726 425 6398 18294
1725 27509 65 22704 11226
31276 24630 450 3599 4740
5985 17470 1643 707 11661
7426 27953 506 274 8994

43
15933 15852 9454 16807 10861
25426 28799 2567 13556 23954
30647 31936 1259 12678 31627
20771 6423 17078 6614 20267
6905 24664 4437 18630 6695
30745 22432 10726 1202 21221
5500 8120 4156 14260 8758
13014 29704 955 27447 32697
23652 4677 30729 563 31812
31924 30821 15781 8668 639
3252 24847 1592 6846 20764
11232 2950 2181 16863 14398
29607 27781 7255 653 24603
30633 18471 31965 1948 23151
492 145 4324 19217 27464
65 24936 2334 1905 26440
27527 28456 584 337 25510
23995 542 8989 3678 14292
24827 14662 4555 318 12375
532 31716 1353 11659 11429
17486 5908 1555 3155 9289
7714 2654 8191 207 10039
17460 936 5667 2780 3110
28073 23611 528 2208 26296
30471 13059 26917 1265 16804
12046 22858 3467 2845 27090
14514 10130 5180 2321 1547
22100 14884 1180 44 1663
23329 13514 3312 1041 21283
31342 27496 13897 37 22340
25962 20883 9707 1120 9400
13556 3230 3422 910 18593
31549 23885 14705 2747 24493
4398 31693 1288 6784 24916
13975 5474 31920 231 13901
26887 15065 13501 758 1745
26469 16774 20516 1079 25448
11369 30150 835 28160 17495
17982 32735 1886 16110 11400
28701 31478 946 14870 32724
15702 13882 5160 190 18250
32729 28478 24742 2326 10110
29858 25964 992 1020 10097

74
26994 3897 1311 15920 4448
28820 3295 32187 16285 19330
24676 20510 1293 6933 14066
31157 24103 4900 30181 3688
645 25567 11427 2065 8195
12293 29589 3967 6567 27756
1894 10164 5499 11584 6927
8631 7673 1094 2129 16072
7159 32362 4375 1076 24037
16736 23030 5744 31299 16181
27013 2683 23032 153 2268
20782 504 392 21374 6241
11836 7530 3901 8860 31013
1795 31707 2826 13706 2643
17578 4057 1657 16963 30548
24174 1092 10736 1044 8729
1390 31835 374 26861 28894
24071 215 22866 269 23179
26114 31194 3597 2993 10174
19444 13771 1166 3616 32711
10979 13897 594 4539 3687
26846 24269 3933 3331 21190
18318 21889 4142 1030 2194
3457 92 8262 3462 31608
24332 23880 251 16537 12239
17759 1349 1794 2029 21370
20091 1188 220 6727 9539
22801 13622 1317 13935 5308
1507 2019 1159 2463 16507
11725 28129 526 26745 11219
24490 16390 2166 652 10824
9584 20822 4098 3924 6155
26726 11467 21 10618 30063
13870 25419 1096 4096 10687
27184 20867 11527 1329 7939
6632 31418 100 13749 18114
3315 4414 4841 3318 24979
13677 18684 2075 2117 3685
26987 22458 9273 357 18202
157 13706 468 24501 12805
23701 4382 204 3410 2747
29439 20231 6762 507 30089
673 14899 1118 5288 4888
21475 6146 1938 263 2154
8210 10759 1770 6003 27118
5216 3681 14417 285 26512
13556 1982 3553 677 18113
2524 30211 2969 361 28207
16293 25962 179 14205 11743
15976 18226 355 665 10055
4905 30658 1036 6944 9086
12423 17906 4750 149 2971
24720 8373 44 646 22505
8144 20169 5315 343 6784
4066 8865 462 565 15014
12662 4907 1150 225 8082
17318 15123 93 1402 12327
8146 16994 248 526 31031
25789 9994 678 4213 11408
30216 31233 411 1772 24205
28573 23468 17880 247 5279
3956 21931 3327 1806 16108
1730 29486 5710 305 23411
7673 28907 560 134 15815
15382 21802 326 2332 13959
19396 4353 29 7293 22448
26813 5005 81 18330 2416
22388 6764 640 3390 25159
24480 3705 1875 1990 5081
23332 32050 757 31384 21206
25036 29428 1010 4739 13663
26284 6666 403 1277 20443
8180 22322 563 372 27545
2051 23912 6791 1331 4427

4
17404 9804 6360 4399 8937
32107 32511 18025 19821 7051
4675 18604 5716 17952 27171
10970 19873 13557 21677 26203

6
23396 12511 6019 18313 17
29595 19272 4199 12484 17391
9049 6473 7708 12844 19220
21146 5452 30145 3380 17685
22325 30965 46 28742 27935
27423 32671 16986 20267 26781

73
26192 11100 15379 27788 27826
7638 26308 3388 13052 24435
1371 17514 7378 6926 29040
12652 30291 10970 29571 22268
5350 8924 20122 367 25079
3219 26656 4028 2509 10720
3049 30335 908 17772 5729
28555 3164 10694 7393 11445
20416 1791 19953 697 6259
2113 32342 588 24502 30657
16120 11603 7696 11230 26642
8099 4367 6885 4488 9694
13406 13150 726 7161 13082
13541 566 9737 47 9740
2459 1149 17252 2878 11378
25271 269 29973 723 22344
25022 10700 6788 37 12437
3817 9729 11356 596 8577
3117 12606 6588 1121 5771
6689 7444 450 982 17203
11084 25302 13596 2765 16030
6086 10430 15198 530 1201
3294 4774 373 1599 20270
22651 4314 3689 2214 19556
9162 20769 2013 2769 8744
2333 5343 714 9123 26297
8829 16863 187 2575 1419
23942 14824 209 9812 23490
4309 5885 3240 302 6453
11488 29873 417 19798 29596
24608 31642 971 6020 25317
220 9537 594 3153 19182
15739 13495 57 6400 28666
4147 482 16323 64 30617
25682 25252 249 8586 14042
13560 11024 7422 134 18471
445 25257 736 30134 3443
4987 29180 2129 2041 30843
18299 28095 1943 1234 6857
17531 4943 956 616 8828
1192 3145 358 4162 8836
10949 15463 1539 3732 25056
13155 29762 10677 152 14314
12649 15313 319 5614 12331
49 18309 356 2469 24306
16824 6910 11679 1166 21693
2885 25524 28 12538 26261
21374 2925 699 2798 1458
10224 11066 123 7314 2349
21132 5870 153 281 24902
5248 31486 385 30326 6856
591 1229 1042 435 10097
20849 29621 4406 121 7496
17659 100 20619 95 22974
11933 29512 226 2873 16625
25126 21242 259 713 29057
7268 25351 42 13454 5925
5262 925 15275 193 13039
6023 14292 3853 57 10915
24581 12301 271 10986 30247
25727 8736 1330 1223 21916
1290 21308 7 5816 4571
13803 23973 6057 313 15393
4704 32242 476 7407 10029
11971 9385 7995 232 29987
31153 2555 20058 501 941
2139 14472 3913 1245 26507
5005 11231 3208 1313 17740
1497 31715 310 11419 25409
11575 22438 2647 1528 6889
26416 2757 749 1841 13278
11387 31157 72 7353 1560
18 32193 253 6173 28469

34
19262 17966 32455 6894 28185
3076 27634 29009 17259 29036
11038 1476 9293 14255 324
23032 683 4829 14162 12035
2203 21856 12389 2380 30432
3325 9448 4118 4718 27055
32377 31549 1437 23976 17527
1834 25410 4736 1637 326
31995 26552 12862 807 19693
4849 15130 2755 2634 11106
30739 7784 8859 4061 31794
287 30480 1899 30337 9406
29384 13746 31590 2787 22222
29741 6611 628 5701 8805
2205 1120 3169 6194 2101
31526 1822 27820 5901 24699
29047 3552 44 13983 32623
6147 1784 2699 749 29483
6609 3954 1677 4406 31104
694 19112 845 8095 20694
14352 16792 4107 318 32495
31969 308 4324 524 11098
18265 22934 787 4463 913
8885 8973 27 2529 6190
9530 1237 332 11009 15814
21141 2302 1655 933 25663
1742 7663 893 9968 364
15092 23477 1671 1983 17466
3090 17310 1662 1092 28405
28080 33 62 3851 21737
20880 14537 50 3372 27983
8167 27023 8352 325 18427
32233 30763 54 28748 346
12124 27522 9581 2 7410

19
12626 26439 7046 5729 20795
19932 30782 19330 6636 22462
24658 11394 21660 4737 24998
13898 18712 5007 1785 25084
4625 3001 6634 6346 3844
2011 25337 10463 12828 9098
16943 6608 4924 1343 14037
25574 19749 24131 10697 23110
3504 9612 23551 770 8594
32631 3581 23069 4118 23241
7813 14214 5815 1717 10618
28581 1764 1893 9046 26259
5086 21224 16692 1156 7850
3651 12019 399 9123 2013
187 14850 1735 30559 7889
30767 9795 24901 1268 28280
9424 17491 9412 1204 26252
2355 16424 489 6261 21076
16889 6314 4287 117 1056

38
13451 15314 7948 13603 29371
25167 1103 7379 20524 5663
18885 29053 19593 30073 31329
12479 8440 5155 4818 25378
2735 7221 2790 27191 19076
5168 1887 12497 1769 15107
12400 30461 2663 24618 8012
5525 8676 3077 24678 11051
9788 4822 8084 1325 26269
18661 8662 2721 1241 2584
11880 8386 276 814 30756
705 3971 526 26279 12317
8677 31899 54 11487 26728
31842 23820 1346 2164 15377
16275 32559 1205 23938 13229
4058 102 28621 357 1128
2317 8683 129 6556 24168
22720 5008 1676 16134 11836
11568 25768 381 14135 12172
32629 5296 30473 5906 6699
23378 27327 29161 333 21740
32548 26106 32535 1106 5789
32746 19142 6981 4160 20695
17761 30233 872 447 17887
18786 13266 3070 1521 30178
9444 9558 637 31680 6464
32716 16185 30824 1316 6662
19519 999 4821 2248 12647
17020 14228 180 76 13319
22928 24470 4521 111 28879
9639 7657 163 100 10752
2143 22203 300 21498 27934
10108 16338 1550 2707 10373
22331 28110 2668 126 13234
10570 29056 478 16947 26518
3013 7177 12391 1 5766
22466 6903 249 1025 20460
5821 3978 17193 104 27079

52
30006 9497 363 4917 27018
932 23929 6460 1310 13098
9822 7523 11362 12654 8614
21144 31711 18659 20415 22558
28726 16092 18506 9420 23059
22070 5346 1910 22432 5219
15996 29151 1035 10299 19584
5022 29699 1077 12910 29316
6957 2113 6299 3136 231
17367 23581 3017 7550 10147
30418 8670 27565 662 8525
31855 29709 20231 525 16587
20193 4353 14759 667 28475
32572 7120 5784 169 3946
28055 26010 29946 848 31454
25307 10740 1294 7938 23053
12396 22960 1047 12411 3568
10919 28151 1069 26634 13344
2073 7195 294 2685 12803
3709 6517 5142 15104 1419
4854 30906 16 27161 28175
2933 29176 782 20569 15231
10626 1899 23568 178 8714
1237 536 12028 1145 20726
25619 9511 3089 145 28745
1128 28766 105 4527 8727
10221 23163 272 7104 1236
27272 21266 160 8548 26109
31501 10340 24327 4632 31533
25477 99 9734 1688 24029
32053 2482 8418 1034 1113
17438 3753 23072 39 6077
27975 10984 421 2692 21719
1611 22010 15684 916 32395
834 12027 435 2712 9393
27148 6855 803 2007 30733
291 14704 458 10409 31030
13740 23953 1032 31393 19343
24822 30695 23782 741 23207
30075 27956 1547 1905 31667
1904 3 4454 149 19186
15856 3826 29 2418 31397
28991 15255 30311 545 19808
8102 25454 206 19444 10334
10293 30385 68 8618 27528
24182 24151 2907 5767 13772
8579 25618 862 12608 567
1292 14294 1286 3391 1004
13225 5262 1863 1809 30528
17602 5879 3354 989 30142
6149 27588 1364 4142 26418
141 314 11 30205 7715

70
334 7196 30028 27747 16607
30811 30799 32601 2618 11143
32048 27723 11074 248 25013
31650 11975 29890 4735 105
26026 3400 7442 314 25564
20890 3852 1263 2127 16391
28735 1981 10764 1081 26
5235 6754 19718 181 30726
32091 18016 11833 8611 11128
1027 1388 8115 2635 8040
19491 2634 5614 871 8636
30517 10467 94 140 18323
31756 7816 27833 1576 32515
29406 4552 8182 2334 21826
13541 838 7097 77 24249
22244 4351 30525 69 1434
14033 1519 4899 4559 8478
25277 53 19672 826 10466
9293 2183 1028 1978 3588
79 2303 235 25314 8376
2722 219 19506 596 28904
19093 3631 1760 3007 17407
8826 4368 5163 310 28208
27656 1415 21268 124 18825
30868 10016 7570 1065 16909
2803 4992 6700 1188 27510
16997 1012 30768 304 17350
23065 4488 5797 132 9457
22685 5073 1425 1193 3846
31734 29599 8129 949 31163
7632 1036 2387 57 15172
30564 17122 1492 3179 2900
30377 25152 41 17489 7777
31528 29266 13489 45 1885
31483 9588 3452 315 15337
31670 26630 17251 789 30355
21008 1595 6025 672 11012
30592 11215 1231 434 30285
30437 31319 206 28083 19992
12642 7140 7273 43 29861
31427 22022 440 4511 1701
31920 6935 2793 529 4528
29771 3115 4366 78 20097
11097 5940 2704 609 300
713 4439 1904 1035 25847
192 30526 131 31205 31710
27191 5037 779 995 7664
12790 1353 524 57 24133
23056 3724 9941 114 288
28015 4142 15657 69 31677
23714 4787 2960 54 13122
24182 5861 1968 121 10321
30699 27491 19 27749 315
345 2363 78 1499 12311
19030 1458 1445 678 7243
31578 28092 24086 570 4904
31285 22825 87 6237 23178
326 6242 1 12669 22123
27764 3872 20853 148 29007
32626 11487 16203 28 15583
31449 9569 2 38 13202
11757 1826 250 1274 24208
4016 4798 7409 46 23849
32711 16957 8623 205 21829
5393 1069 1726 15 32515
4962 912 1666 43 21728
12787 3268 175 709 25136
32603 3313 6208 17 31124
5440 7055 21855 40 31696
30753 25204 279 3781 24999

31
9811 21300 16695 2601 25494
20955 26627 7650 16111 20666
17847 3091 7088 3254 16960
3070 20623 5793 22477 11788
15615 12502 27406 3420 15622
30927 23671 22903 17087 7554
13738 24051 6412 13144 2911
3934 14160 713 6371 26036
6170 19809 12314 372 23879
27785 16307 28722 2611 32103
293 5386 5516 3422 28689
26516 4888 23156 2069 4038
22993 7883 10337 638 20025
1378 10596 10303 3384 4901
7805 17902 2132 1059 16412
12412 7507 8380 2788 14513
10702 25973 2402 13794 20664
9017 31499 1637 31640 10032
9376 3443 2179 4519 30325
16149 10637 4262 1864 332
13678 1883 3300 2313 12875
13001 15041 2478 408 24627
32278 1075 6267 3129 29167
14726 257 25307 94 23249
29813 24551 258 30600 14821
30536 10530 3439 554 20867
9004 812 15233 881 11013
189 25534 1825 19765 27124
6285 15640 530 2882 22406
28678 20286 28941 174 6224
27535 20925 26563 2416 222

96
12498 31157 6904 14171 17887
698 6312 8271 24626 17013
27180 31739 21510 27632 10949
9351 14813 2351 24365 31619
19710 8394 22940 11192 13339
24217 26969 24048 595 3237
22777 23955 28229 1316 14424
15690 21015 14512 2261 29640
30290 1063 4999 3002 32092
907 1566 24369 2242 10268
13830 7194 938 23555 20615
31937 29128 3293 2575 12376
11995 11164 1035 14168 11670
23771 31679 730 29796 13477
20741 4390 16642 671 9319
15228 20183 16768 523 23233
26004 6680 2979 1644 29124
5443 4725 8690 1135 30602
2780 32101 5420 18660 8448
25198 5241 9812 765 22468
22147 26107 1063 24474 6221
16774 25628 10375 373 17420
14614 88 6093 368 3442
15301 3818 4264 12249 25401
11954 29708 1594 1066 7008
30252 21855 23123 442 20202
30986 20714 26162 469 17896
5206 1021 22402 504 11827
10090 8871 352 2581 32452
1901 510 26574 454 11730
25889 28478 556 27845 23871
31784 27808 18893 249 8200
25477 23776 28078 153 1030
26605 28129 4353 152 32538
315 31371 1253 27748 9712
31085 7218 26343 105 20208
30341 6547 17850 62 22269
169 13194 140 8193 18404
15668 24482 117 6040 28553
30615 25607 28960 644 21630
28665 26811 25799 96 30284
17612 26026 4431 4111 18802
27926 4142 19564 85 24354
30727 649 8899 68 29925
24577 29331 332 9475 8359
16290 23929 5857 1681 9658
30881 21327 8274 281 10886
1512 4021 4509 42 8489
5244 4213 9118 87 25920
11367 8215 2302 1051 11325
9243 8935 606 5082 17777
31915 23291 4768 34 5564
25405 2913 1602 868 11167
25830 20854 4844 66 3465
1861 32749 505 21051 20216
19575 32563 1254 16200 32294
27512 26320 3391 381 6997
72 7990 347 1999 28857
25509 32392 346 16227 12031
30115 27697 27898 50 31998
23084 5686 1897 2377 29425
27228 30119 1953 342 25528
9023 22225 206 32621 28090
26548 32267 85 10296 26687
29498 19604 26693 292 2335
29625 27658 349 131 22499
9351 6062 5763 541 29747
32730 22498 4624 746 24476
29800 242 9250 154 30667
21261 30990 812 734 12887
10093 13872 112 709 19065
15128 23672 1195 14 10018
17543 19640 567 183 19629
16033 26323 961 4442 3222
253 22855 163 6996 29861
29434 28124 30484 1 239
27544 28501 22238 374 29130
13214 13919 540 9619 24344
20239 6745 2052 29 1402
31215 6863 23365 210 10963
2231 4510 871 187 26660
23212 29489 277 9791 2736
32612 19954 14509 56 12687
29358 7628 6608 283 32489
15078 7752 47 15550 3320
19040 23331 6840 268 11976
26091 6128 28207 121 15544
32166 848 14912 23 26446
25106 30434 335 14558 14685
15634 17934 341 1530 26893
14862 14014 137 15366 30117
31412 25388 3629 28 12522
41 20019 19 25069 13211
11732 32624 326 21685 22724
15545 17513 29 1703 28747
20603 6845 2325 1441 27765

7
19684 20106 21491 19990 1094
26845 1747 26158 1820 26435
15913 21212 2628 32373 8662
15722 22271 147 14858 24446
23623 13933 11945 2391 26838
548 21789 14818 26993 7262
25473 8523 25996 4827 1005

15
11738 11156 5146 731 5457
31409 2422 8425 19967 28763
16537 19801 1116 1659 3545
14336 5300 16626 1757 24600
5587 2043 4598 8160 19200
2056 13341 16736 512 28696
6749 28823 5819 29186 24197
16291 23074 21937 27472 5436
5880 20688 10512 678 13268
254 32604 2307 19381 23256
11262 14129 3156 353 31437
17743 14526 625 1290 15126
21745 14212 2185 2350 21075
564 13436 880 736 9881
6052 21528 3536 3359 23739

91
19417 25218 7763 29102 4264
8266 17569 21274 5542 8907
32193 8846 21147 22150 67
3800 26160 7119 5168 15037
27404 31178 22454 28267 27661
12526 16546 19439 188 3173
7963 11032 14629 4263 32275
15249 27608 2794 7152 25691
1558 10149 1955 20183 25635
3719 2423 4224 18957 20186
16489 23285 1581 3036 15607
11408 3620 4897 2347 20863
28492 4567 16172 3836 5138
20199 863 526 9839 14828
24926 5289 1297 1523 31279
3256 32674 6725 11367 23374
12169 24649 2598 24547 3484
23701 6531 837 5198 9848
550 17781 650 563 15018
26844 1319 13026 530 10958
9456 23217 6805 293 15793
32399 1924 12654 1408 29513
23164 12451 8695 2126 9537
24870 8878 1581 1879 21781
21156 3235 2293 2367 3084
18922 229 12796 142 898
27259 25758 134 2569 8509
18845 24159 11 11870 4047
31143 440 22764 779 15275
8156 8520 5613 564 32747
21618 6605 1779 1808 29310
3603 6331 57 19600 21380
338 30617 1324 30445 20266
17287 9608 494 109 14602
519 24493 28 5979 14826
13912 16966 8521 526 5064
10797 1770 3398 361 14470
29105 28569 2727 919 24874
4167 1209 12208 532 3199
14977 30335 36 14855 6367
17293 2648 831 4583 5704
16567 15346 7228 607 1060
7511 24893 264 867 10888
109 8963 111 26000 5937
29306 24295 2005 2716 28926
8978 9489 1985 1239 16532
29788 20123 480 1402 14366
30392 17009 573 2785 17928
27565 26666 23 3540 11006
11490 9482 3691 175 29404
27615 2079 2884 1300 11546
10749 32711 344 29317 334
27940 10393 2429 1533 26666
24200 16200 1833 214 12496
28543 3521 1319 547 5264
16340 5813 135 293 26811
8424 16121 7543 94 9012
11964 23582 1815 387 8743
2808 31123 392 7625 24149
19053 25793 93 10546 18796
2370 724 122 7080 21552
20501 23760 4749 829 19048
8660 6875 3474 1458 12152
16374 8704 2252 537 20432
335 5376 286 487 16402
4302 782 13107 331 25054
2216 31175 143 8058 9186
28010 12205 2402 121 7551
25275 3027 1700 409 9584
23484 14865 4351 160 13808
16200 10609 2553 268 12481
8806 25059 1361 711 27344
27209 23237 39 23659 3988
25446 3822 628 375 989
7799 23251 640 1258 8780
236 9492 113 8269 20106
10833 3985 188 1255 530
659 4628 514 9879 11434
31613 3920 10928 628 12840
2404 7960 750 1736 21146
22810 741 3121 1199 9408
29935 3436 19257 435 15766
1232 2754 11 16773 13573
11282 27573 554 20703 14325
31249 19302 495 361 29098
26616 8474 17777 104 20990
14815 25495 138 17937 8270
19674 7813 288 2341 32132
19161 27556 75 9327 31787
12151 30868 17 27790 23532
28722 27323 374 565 26966

71
1330 16178 1290 17003 24127
19661 16688 20818 4284 7161
4864 17444 3263 710 17754
4881 8006 14726 4442 11412
29258 332 7584 10952 25176
9525 27756 19942 19781 18478
32533 27499 7028 29609 7118
15622 18878 413 8476 2489
25922 4731 2952 7589 12593
17360 23418 22294 2470 31293
10363 13310 20970 1081 8389
4132 18848 3591 28786 29633
3379 2923 18183 3674 13079
31314 15130 20078 540 4605
2638 12893 537 28001 17797
21059 22317 9201 1039 17828
54 8925 583 24281 9695
32146 32743 170 25742 19976
1534 5004 916 5271 31911
3112 644 13321 1498 12477
22959 5703 122 4897 5083
12367 25180 1125 1708 21473
19500 12728 22729 40 2378
11160 12808 27476 136 18642
9009 18300 518 5081 13053
23289 861 2580 6264 24356
4034 13878 1859 974 18505
13350 16885 3191 341 21755
8552 26826 662 31689 14617
26334 26775 29196 641 149
27966 21581 18027 736 15104
7023 13077 2642 383 24320
3729 12026 9 10350 1335
30609 32496 905 18123 26192
23881 14660 29279 30 2846
12666 20076 618 4961 12629
7150 15710 25271 737 10808
32476 13115 19047 60 25639
29651 16469 15630 154 10110
10737 19927 1188 6775 1343
9819 27616 8930 25 22256
14911 14599 30887 12 26749
25304 21031 31372 146 2633
16828 24667 253 1288 29895
3648 16222 19 13815 4019
3953 23022 8 2292 6326
27977 26256 4019 276 9091
11755 15297 10954 1 5529
17516 748 2518 1929 2575
6635 13600 321 1234 16051
29922 30263 283 20665 31285
8144 16991 108 18312 22300
3236 17579 100 20346 4711
13835 21521 13 5342 19274
10114 16733 378 2443 978
5456 7177 10511 94 6525
32317 32664 133 23607 9569
8151 14502 2181 1141 24239
11934 22277 141 2351 22345
7431 55 20449 480 8922
29635 11429 25290 555 29199
7881 27105 254 13164 20994
7745 20892 8 22973 8802
20350 8071 977 3699 27134
17707 18360 1640 4288 4652
31693 30737 123 27020 31132
23116 6208 42 4106 17091
31759 22401 20558 878 5287
1038 19978 80 15102 20452
29157 14396 12412 99 22384
8302 26800 248 10086 24315

43
16360 29688 9825 21583 10297
19408 6584 486 8156 7658
32416 26600 26805 26515 412
24645 11249 2086 4941 14901
3589 20236 23903 3362 16598
9006 28797 9596 483 17396
23458 4069 609 14737 29384
2991 31120 1428 26237 25361
32708 2757 6258 11723 4945
4133 1053 16077 3624 6213
6440 32484 5001 11583 7579
12808 30912 2499 2918 31715
29305 18359 32530 2992 1525
500 18720 10645 1276 24670
1705 12874 11659 2763 27052
8899 6939 9929 717 6659
13313 24515 23947 1721 29324
27988 14571 27764 3481 15066
27356 32319 115 19564 6578
4626 28774 2774 558 21341
21023 10154 1928 2652 3778
6898 8160 2931 2835 28894
30352 22035 5767 1633 30880
5518 25011 2004 3058 6536
4442 291 3245 268 10216
28305 31631 65 29340 20454
28260 26373 857 1572 30491
5917 17488 3604 796 6586
29759 2964 2133 8197 27795
25534 1221 28181 421 31335
8888 28634 6841 121 1164
11717 9186 96 1621 23127
13445 10034 525 10113 26889
1475 22409 263 17936 6296
861 1055 262 4860 28805
31216 29029 580 16354 29832
11857 29281 56 12690 4630
939 28176 535 5323 22274
3778 4810 139 6058 1884
24363 3616 280 5531 2300
21158 9124 1222 380 5561
305 6851 1257 1878 19744
13604 97 30879 950 16876

27
5592 1187 1439 26818 25222
19301 3894 1450 25864 9582
14178 13775 1996 23544 11063
10296 16720 1936 230 28304
21960 28909 27381 11942 20900
21541 10531 30682 14605 27165
7317 19393 1495 28851 21749
3523 10669 1521 6162 2071
8284 3705 961 5116 17986
16624 30167 3725 7260 12425
10985 2051 31032 1151 7335
5507 29663 1799 27078 14351
11524 28226 1895 843 24532
10900 1690 12436 309 18832
205 25679 183 13796 6556
24107 26803 23042 725 17352
28024 5425 2459 2061 24147
9765 31873 1895 15416 24294
11292 12112 3512 1640 15564
3102 30503 881 28432 20654
9713 7834 4783 882 21656
26218 9722 24326 156 23001
26919 5191 21258 77 32274
22490 5532 487 2498 5032
633 6436 3309 2149 22262
13456 20151 58 19387 26953
24629 3885 26592 36 5806

60
3663 29043 5934 7229 16191
16604 14471 26287 15536 31086
3769 25966 4588 1229 25742
14551 5688 19899 5166 9743
6925 5892 6053 2465 9153
22142 1982 10502 1222 22190
10655 16038 4391 19603 2679
4294 10260 10074 1319 5976
24673 31734 2478 4622 11140
19996 11406 6932 669 164
5384 14021 941 1672 368
1406 4105 736 1829 26472
30239 31281 27102 5405 6840
26929 1294 16539 57 19331
3376 11685 6789 796 11746
7641 13017 6161 2796 23877
1719 21661 218 31945 32697
20684 10949 6274 388 66
8491 5465 22922 123 28687
6755 2239 8662 315 7545
2361 27774 719 25262 28938
10401 4464 25615 514 28648
8103 9245 3559 887 175
29953 13236 17083 691 20563
5102 3551 22373 824 6974
18697 1385 4544 131 12373
4602 17622 4542 7875 28649
449 28064 641 4239 15811
664 10405 1904 5094 24817
19071 31660 2174 29546 26415
21782 30795 7153 420 13640
15591 29564 100 18530 25141
356 18086 172 1833 8251
28485 11425 12291 1260 29877
15349 25895 29 26443 22148
29651 30102 43 1733 15898
17016 30018 1826 17787 5747
7344 288 27314 262 15838
1409 23310 80 13437 11021
28435 3925 29599 191 20437
1707 16255 7279 10 29672
5687 615 9418 633 28116
28221 13929 22056 340 18187
31530 30445 24478 338 31182
15199 17186 1303 8434 8161
3389 18296 962 5474 14007
8754 25497 1744 3220 31747
23002 31753 1320 10482 5521
1969 16385 542 910 19736
31439 111 8373 100 25598
19596 30195 4566 596 32535
2685 9282 1384 1920 15820
27340 31533 2243 5699 13226
32070 1423 11612 429 14462
32014 12797 19567 75 3661
29827 4232 9948 102 19236
132 23704 248 2994 24293
3005 16494 318 4760 20951
15400 11899 2865 624 15165
4305 12818 20704 116 21170

22
9559 10650 3033 10298 6446
14447 10019 15327 30488 17748
31917 21024 15892 26625 18638
4308 17729 4398 14199 5472
3663 5686 9036 3737 21048
2019 21525 898 21406 14542
19864 1866 24239 7742 21701
30188 30029 1695 7093 23299
5304 32354 8288 16161 12191
96 17076 561 16252 9925
30265 11404 2572 8469 31375
139 13475 5424 3004 29549
250 10723 4449 1195 31792
17605 4401 2198 2071 9591
4492 1285 7360 586 491
5457 2605 11299 1744 11915
13019 458 11556 656 23566
1206 24671 133 14434 29391
7913 12930 90 3288 5501
5564 12123 336 4391 27115
25584 484 6481 1311 22946
2945 17066 2904 447 7269

74
18573 19130 20196 22474 7322
4241 2730 720 28088 24291
6729 3621 442 4907 19768
31522 10149 24587 6908 9197
9599 29045 7028 902 10768
27669 6786 348 10268 19683
7680 3211 10617 13422 23552
23355 3885 30409 78 680
618 3097 2905 30818 29141
22077 5302 11678 1055 604
19813 3993 2356 1200 7806
5753 12319 47 29351 1592
19498 11902 966 5271 24540
14345 31921 3777 4585 4117
8704 29903 537 11147 21496
26652 2354 21471 57 21370
13763 1349 1230 309 2923
21500 17304 21082 1160 11538
29443 955 15389 837 3347
9720 17344 1039 7004 7480
20950 6543 5108 7945 561
30561 6905 890 6022 23654
9314 1312 1889 796 30880
12184 32494 1920 15035 26659
25285 209 1059 63 24165
10932 843 14868 443 7603
32468 6923 17312 2851 1536
13100 19293 4926 8369 17859
7774 21291 192 9726 13950
18813 3675 2767 311 13282
7507 27094 41 25479 14491
23753 3105 18809 68 23711
10596 31120 517 9320 21993
29949 176 16246 505 4257
355 25042 53 11752 29290
16328 17251 4020 907 17173
6155 9863 1113 9665 19680
16870 1601 1961 1334 32693
6393 22587 806 22910 23965
4242 31462 845 21216 11521
9579 46 8608 136 20678
7207 2057 147 4119 11542
11893 17879 639 3021 6914
24984 4255 29796 762 17459
24464 2113 1378 725 23726
4079 5870 13 19597 2270
20013 6246 522 608 18190
7405 2925 8324 39 635
7423 30629 52 14131 4511
5147 26024 515 31903 21940
5956 30547 306 20895 4527
7710 23577 19 16851 23864
3643 11284 412 12667 5998
31688 5068 27352 22 18984
21179 284 393 197 22522
103 7231 50 24344 20118
28742 7361 960 9441 11473
26855 7859 696 158 6781
21305 18742 19287 152 13848
10005 32054 100 3796 24971
24651 6427 26184 28 13822
22865 15306 1073 1721 10841
18394 26367 5 30018 10634
12904 27767 948 881 13007
18576 5682 541 5337 6746
13383 17150 2203 1194 822
317 25579 18 31356 3149
2821 192 990 1475 30152
5315 1472 203 4955 18311
11623 22881 1152 1709 888
9933 30033 4895 788 26310
289 5175 123 8653 18284
18352 15310 226 16 16186
26099 14593 891 846 10113

0
