5000
1327279979966424420 5147797505712334595
4935725964934824421 10788450122693516109
8251250594873612840 14947515047604206208
2179354386171502107 7328866536400890053
14864033549822996148 15901607519854667059
11043489532971043481 17443086412298832975
12547131974750785927 13855522702982694552
16225337214338237957 17262393518388741493
3214901136097562762 7444466943567637954
6391104746563318500 11016999620292504823
3756387036828190113 9648420098029937430
12466329286242173232 17014623560225667127
8662182183075684786 14183509275482792725
1904838359475273638 10028977425567583751
3009793287666326679 11978846793883207430
7340589677558738013 14299506404999457600
18236609184124986551 18268615142076688976
9339857734238348214 10279244404647478494
8123081240820784382 10531386384052456573
3482408074168944366 14315298668034828755
15971474137439202548 16025276849489384666
1114696728288992586 11768525629801694445
15982427297562344214 18315821655747180674
3114372399134164357 5897880159827802545
17183903119868913438 18113486595591520710
16759896263710425425 18197928046615346585
818333870595786295 5890881753362700648
877355364739076004 14644658669056050171
13333347401603774246 14603251718493711437
11698658577335870435 15699058250216391896
6007674919828720862 14383112443861921744
10163743412892344412 17571042637611014818
8482128971744904462 15889711258003531373
12843254669347082303 17939441182925941672
7971110546769597182 10347638885903452645
3810938875631237453 4473125452872572751
10654656840767044114 17582349989163242720
724640304264316373 8596964333776800557
13639771456946350392 15630134518688872095
11103092955040634078 18381174328018759934
14457117066532291502 16590348660917170808
113063563940643887 6722467868367658839
5731356114105953150 13720506975967577793
11840591537498008894 16438732313650318323
2489543580354103298 6991571707633818117
6578848751872855098 14491879169184668653
8650185777856517085 17707923171880331235
5967399384519094446 9525385739241470552
11765820554679760171 17074481752307637161
9204714017457349172 10491386613843823565
8290027888456979770 14964963334932498284
2205976655600959976 7988362696961255711
3675819533043744203 9704607224165242229
5385970120075623177 16923977860221232953
4401508532277606477 16326012256763847704
2349914710810247570 8896585332709279407
15576364372085104386 17629584774211596856
1631862685296709473 5940398929270438885
11908081515923111477 15095377922298287030
7431386952629622981 14202178195684276387
17653848602504553465 18415829815255803637
3641890154144557798 14039384119984408051
3015266971547950488 15139347064100504555
13443621671204042860 13533437645330259816
18080375798271796905 18271103751636195069
9950563262944440508 16300050257877532853
14058439264825018587 17721063041782550898
18169313409229957038 18296542818327445794
10397416753157434075 17656959143080884193
4469155421052087359 15385232552127175643
6749416916441852784 10411268022005807481
11537110798554286373 13847863995075945607
13148700550637753963 16841303084015571958
9835083741019119655 15285540096429224610
2623475074414190192 16643099956288306455
5033702671788722955 12416498493193720154
7532221057447532722 8992500239703840803
6269288235417909473 11830428132708933423
2698953651520566755 13471590232415226820
9090247601936555718 9210454597220332542
14248475303849992472 18079776607454146262
1493243595514802747 8709292607504467678
10616344663760297295 15123732027842757527
18101006405658007663 18235797395701965179
8797561625455130398 15932136988263584968
15078071020755398959 16437909365298941870
2016201421573641877 7641862532308492368
10483803694536034012 13815360400077101041
6989002635790247659 7105199344318013482
249247764471663590 8210004317863854358
1603820523652983106 16628124793070977383
2274657087131579137 5727421600278009093
14032339640455696379 15376302081276453305
12158481538675563446 17694599956708554032
14696578846181977224 15810939331756959188
11348400896304094022 14175163937270622132
1463059789733009878 17426539947106312994
12454752539741770495 13948047047971147181
13883445068419431215 16533599614632355825
1192288335486845707 7270571171053154697
8513430346813168433 11282688959388655558
14197275804185543738 15277840781548515775
11418899607431245929 15808139423498248347
16897880967981280921 18250845169673246100
12231205141346950626 17066162565008698138
15776470633239669422 17822826839433211137
10872990175517353632 14404516335766357403
10305719642736969232 16814025413036547543
10916666070887569244 18057463973002679685
6104058294473810672 18068763170449412873
2501430828662686305 4276513440077904878
4190407224290703437 6608845568344242674
12515731713460001580 14205763215042494676
16995724724008647163 17987704005839899780
17576401867320145366 17716182322206427549
17333206445786600972 17458891189877603024
2579196210485573143 3031616380126955914
5428219691145713615 10739359218354533895
13992659223853050298 15318828638457290172
3515733468469253064 4153419213479208751
1628223943281226439 10602675594263916421
6322191329883069419 6553022017116979480
12517965776579893898 15206905238030365467
17618526021826983507 17961158255308216375
7351213680185917513 9110511380059925117
9732462921820169393 12520755431153084730
15944389955699580260 18171299392695130580
1858224019025491205 13296800863874957145
18202343231230246536 18402814551816594726
13272774013247329784 14034100533929132763
15079513371040193867 17131347519684852328
2439672312947796066 17633121983949393221
16432131060369278713 16495115626686189730
11432018523764201065 16267269538062666011
4034836244879681866 8385685553335099032
8581473829707826017 10980567576340949516
14524991503279115801 15247295909622146762
12272572819346451428 12403488661239807408
4679695117124539957 16386510425331889582
7410089277871424267 17343014942747487849
17090647005524945129 17239363280791571928
12460264143472469219 13766626082190406056
6066962058594323265 7546011966782354875
7322271811915542974 8791977570129874061
2319668892815926446 5462214100529232277
16334338373273188141 17797310743436642875
15772040728576168998 17691576377437145717
3735398929767749817 8953021621810561512
10748587123138050032 12585627979173752456
17551648492050870432 18032716708585797860
3998194911161026540 6604362863061351650
2374679887017184939 3996467550564013054
14881796120567816850 17842744541992741354
8650972926368027798 13337206106999964410
4007749170128145506 6170999448274214782
16212443090248621323 17152748031211063451
14354870713980282152 15858297712019415601
7311198761138211872 16379333254582409439
3481310329845090491 11876139884054147071
7690201739621690796 16073533317240961795
11806431776019567310 15430031211692248141
16205949832330161950 17561085741062333680
5042061013970062388 11426861224695267027
16572083116804097669 17137747095483610310
15965167752942099334 16901717091414669785
15272336266785499663 15372219272702179147
15453385013621016957 18373931636695498140
9358191093964603539 17885377419178721026
2868267688914275994 14088701205442397496
12673759128856865424 12914448169192906363
17834957874410114516 18242282990923506425
14675211689277422368 18150575113934210625
7279267097397761342 8062576679770640979
8896767957518210160 16918664012638090887
13981955295907963572 14622494808610664886
8223593729810995270 8284805382559470172
18402542412151047959 18423474487696037535
9756268729077181436 16831832420040106547
11823294078827279065 13841156498469288650
221875475377095597 18011996230279314519
284364737016683527 17987043543430875485
15644814793914384650 15688838431893265229
2284722540437012806 6590367210030782938
1021358865980170272 4097044342025321008
2040163679676413880 8496615103744483071
12781810072766502764 16857042276841539753
9736062188561748471 12734433978175125928
3694356100626269431 9758692641368852384
14396993711823686952 14677735465836199702
1294753460013947644 9699178088770813088
9729144549046475716 17599462699900128928
17847128813394302613 18165590820787326108
6079014971773603487 13472600822235611957
12286597620282286464 18355754679475155193
5462924269436879853 6763200129736705614
17243259862064068218 18144624473841520258
14793479020275125463 17643364232496307748
14621983172021446142 15643067794579109952
10651605526985082493 17411836590405885486
16962732017546507080 17286328024544891416
10211888877454470443 15786352069122845058
11288896062627895041 14141261754488264026
6535128698690643370 17112744651405970513
3738655207581031458 8402370989149102159
9130480584988235670 12760123847065653337
4372839529482438979 14047378271907834919
13673497570245634501 15599338420916092666
15729539009603780671 16303115647987084035
2860845945945546904 3338959512371339153
17529550148944471107 18106550580222427621
15526495529596975934 17808648750627738874
15243938374131264690 17199968492881638385
3294238857061029174 4917097410602291024
14983427916830426750 16647001064483399001
3351373191062217996 5372387809350720852
12774330474000398845 13586321530419579559
2798244037959421150 7878542801759287577
11951961683106099957 13569169321370178463
6283640359092163360 10613761472027719213
11210418303388070057 11450598359038521452
14688363902627484281 14914691279515680456
16516175106401158367 17640642447208365595
10216228133048689377 18059850733982036097
7117426711140657978 13690830563744404334
5130381599381530696 13831824017854015518
14395574899810297590 14759355497316599019
12993536229980788511 13218875520759007437
13949905915825661630 17949067108621223057
16433283111024669490 16669146708289416481
5526868638638508117 5872260282097012027
2426715923690217843 16359685577624316974
8805262508763024206 17537767340657065300
17400064115425537235 17850579761312245081
14037578095343086137 14673977048038607187
4239440556440317293 9965821237062323146
13867164655023213992 16665555741615082703
11696228397561627580 17408712320863935313
14362925351706125530 18340181778625032841
3672729865682071048 10757771880482826883
7745025572472043002 8991952287908452634
7464244934861264237 7925728552055251265
13184106351203483881 15746327324688324471
4894197246035877509 5904065482370559351
8191899319063612938 15547783803142077043
16090851929194570562 16131140013108416398
11288295339581878305 14102258721418238046
12742128773784666512 15362826029662094374
5521249108711840808 15091894467862055680
8754068665890658129 12931059828689995131
13473574828526761631 13998162884458994802
1057103120593734139 2940169054414518980
333970442535719053 4704008479549631379
8197508398939282575 17551545040340458852
3054458713925171683 8911657026233075588
7282670092110485407 11044370732463584103
2054270349682205276 4668356139710960243
671774227658905879 17490669041540470269
6094273950476122493 9346226615072891501
13551579700590451734 14793180231990556877
12112476514344732198 16606412417325631177
13386706189854508283 16398057490979050087
9944815551454644276 18384013847266464357
17234388253348679390 18218700862127305620
10393330168595381318 17470269969477601551
14282418519441553851 16300663845786437972
10903926903976378962 15515939618232468348
5666462651308080230 10024155223589333358
8921388232231065141 13479719651241951850
8618563690836287082 8828581730808116342
386125429980662519 6862146393823710708
4736319257051884760 18370819729086141185
10225130421741015811 12893661658991143401
4196254101307638517 14301807363821036700
10279796479941458093 17032663313432016641
4414137796205973585 8710349661258328566
16694329777346524739 17579267738002998577
17285630205357196101 17572809325310663288
10180122106135829675 13287699012641255800
15251606713503917839 15655096289916690804
14443192797332484216 16661666015825975022
5949146878077833857 10438471891137592186
16372325590156226210 17238931735237900166
4122366960437209225 9430415047726476475
11831946321731523059 12035782016192553516
4779560636030300543 9358136415283350969
2557064488374575430 10511822023605605924
10325416349035272157 13806688656054744087
14740490040562847414 15959452149325712095
6579168548230687576 14372472486271969505
7801892198775471771 14966493412046000171
14325309268368738242 17460544364648212830
921661877011822981 1556404043147939354
2110455861698910403 10717882874289326403
14079721299125923728 15120652166157447462
7627030026042387950 11096717559059257536
16201755038001592288 17005800421742337351
8941339207521296769 12069855486449336262
1497757226231305746 9096821254423236010
17604725923814106780 17739351691870746148
9437314639538661544 16597518479711984703
7901717811922133008 9452096528010582797
14507882890556028107 18426570126501966610
14592640678978401245 17220731060411540353
10069756776078850543 15116533899939746958
1948390561453924529 6877602043474122611
12437475219558578635 18353839175716580082
2412503716445282002 4429777808743645157
18430916237725103550 18433012811178615567
923800786751928774 14148154867188450387
13677630136944067672 16626521093602735153
5257277531254044172 12810334106029001059
10857277584122926876 14176390795643815040
5817075375559255509 14725299602260048880
12177494241906720631 12512317197617704233
593938428720849035 13147989166717585086
14275452828131165758 16298836568108033558
4503308006294634405 18088493029074999298
11106169930179106034 14143264891170422781
3889013899235621769 17712797111904414932
8936048767223661528 15559381191249529649
2085650498168980574 16432880169533213488
1006639696914381613 1175295920251297110
2654518269567008274 17440377019041452939
2062937161719946953 13799778530105694203
6989882401773201517 17757109410701293313
170640243528893042 984846454254224094
7612774608787725577 15511310194601005974
7872397755494436836 17231911228747052599
12731252462002548789 14350548893235151586
2201802476649071544 16513806576019702950
7161086897043298086 15495160478470746332
14481632600402708682 17971593391413143053
4461733676061264839 8733118495549257703
11564831904654287010 17520465645897190260
4263056562545439388 5377023179253582585
15217504567731208734 17360032413808005799
6152688223792913572 14896439594940556655
11999535704510631903 17259335691072469847
3894168647082701556 16117932471391075787
16441717668952137862 16724288366408792963
14559791273087361711 15483270211994026102
4171382944557167425 14234855188850501964
15381428474843623663 18344709315054398121
12147147988066226427 12868856229613622690
17672563834022947005 17740822394241064826
5360001440572930002 16032975372363424256
11765177317308819848 18285762539414763116
16348202835920735563 18039487165296350697
7456459185737426793 16332334811903150194
16201927918595158157 18396435664547354406
4355891238613611185 14631725844640972464
1087082551461416883 4434759319504621030
1257017933391238129 1584975006637360597
17663327524961729197 17957355681403463843
5370127063537810931 15925733299021438337
3548537525930272540 4138448802969881561
15669157003645062727 16945742296540132737
13773848077533446797 17346629030675612939
7305114922789994209 16603919303471359216
12697073706159292908 14134855860357741348
18004813419879302729 18386557942419340388
16380343336584179105 17956573425077799646
14016942681582398660 14074047034977139154
10148034225518097991 14785138769654821601
11408615576841003727 11489672611646491453
1023272967827401518 3612993505517412756
13154873849867156552 15761781367949854592
15667909966580722121 15936989597352488173
17047673082952396712 17924147048595322658
11894855670138705341 12355483035516183975
13575666522767966203 13581025000935613842
17674745703093260935 17756882703340634382
10335485419399300562 13730434944180204875
8538584602472321760 15781518311177885517
528982746643952427 3488203174360539316
14347652231676965054 16888541352552645099
15724390353446848397 17750134498171130658
4879311584334743892 14991584158212216370
13241465414978324621 13925032800057283294
5851573475951726143 5995157486361376638
13618535059394572434 16500606258061985871
9952512664355295878 12863731636866664571
5118882992228914011 11837395382909791684
3934753410620283858 17217004945215590033
11925604519658032552 12372031950620070838
17867149372626427523 17989268758175460112
9811320853084898201 13430479637819966441
11399079913708159313 16946526684399074916
16989845457337225227 17046105545995630928
3343065075311862031 15204385375956935683
16044558779883983056 18270792711437214135
11650024707553278565 17981851294633705171
10423543485769735073 13302201439649340164
3916849375150146520 16693845725884878426
5026615998094794674 10011470079877982668
15059085985729331867 17264649172560200928
6644312942024762345 7232925788242735534
13908083227810860201 16078868117036703837
11230006883069159170 17192976836987679219
52916693859415941 4778530172958903231
4156046081703485886 15236188139022078516
4294792860478332927 6569487544275018551
15873532129493972747 17599280162105053033
675846487638271422 4422099976120372858
15991005272524203789 18384322123649366091
9575795353581649855 10767425595175522080
10429756836056740136 13176223493624771086
11696570505984579792 15899775697725198200
7301160647241775954 17862532861992225486
10283909239415680052 10761339560482313706
12868445390479073363 17265610879964970924
6396271555308267083 16515796647781189671
185552180818927091 693079139334908994
14488937798495971388 15238454636347075670
11109954004391919374 12509124946691206152
8964362359688675898 14004893408425864175
14025203200265906324 16529234818352936983
13069579548957378444 16428182988503551529
5508477445121922808 15294849517780197737
3161558266314163012 4547333739438935375
11562453806708655969 15366174693592179510
6123560125309597096 13421168820625605977
4416827565578626993 6987142223974520865
10859381456893566483 17513794094144076797
2625596125888875040 8910179594486617627
5871628882196905118 6894352760565262016
17248577922843618280 18085900540544116966
17741624480913531054 18129907025197252863
1606584105145318859 9726728656627455620
4571138776193108798 16374477337476747032
10602823073047510022 16522022368895061355
17806005973974522961 17836559902078821336
5383382828504258665 16530316435855101908
12791955619453743272 12937427721674686821
12418888221702130596 12803172523592039767
13535513650535183641 18415204282581431039
4566638106370744129 17802931250870171238
682575486598557862 873335271502292129
4804479755917438913 18011262662228611405
13977055049849210987 15288691880509337280
8509974757154313175 13370579645632007572
933337790083128073 15019206475484812537
11309827098721003107 17024446964092849725
7820423590759944834 14556578580234455608
13221121754974975229 17805023295302873504
16969396110322333854 17448522753192085250
16544161488686082428 17085910282898015839
2105679535294783582 6734062508672528439
6711439040548897398 11890516732423443966
17921826284485167371 18277135009754608666
6172935129329916149 15333529933190881317
17830368922213091179 18079748769303556512
8764459678026471018 18097255232796672898
5407461496077357885 12549275936852340383
15215977235213497799 16023409709598879529
16687520350341381995 18182850859593478661
7820224431469328232 10493423006376156124
13225393367682702172 14858153974077716028
576849263605701950 8461623450648930530
17056749610881877756 18130457802927236604
8240113105102816261 16717178260099155716
6696644494063625482 17535939003775211350
14373153760254867912 15126733420934885986
843167708130409019 4375446170734458553
7267998970395949138 8587905786864267725
5911634110718787452 18367898276659868483
48196796045642097 10938185103621468065
12513498713457319247 17996219163075605964
17930420730477675323 18081533009178677188
14791375375537001765 18402847305156573955
11152808325836974533 18045645239415505295
711621827665731483 9052097814698474719
2896081147013966904 3818742220956830283
15008071960966915851 15255930271569051273
13077826384947974234 14452154579237010652
12419457692998809450 13392085869570399230
12542016476714087639 14016093642751411078
11387571188406974319 14859173884802003237
5817119254436770770 8672248572304131310
1145638349172328910 12104008666456963691
13258471380925509490 15601139005124547998
14434909831422048442 17139560749608830715
5280749825696310412 5746584137720511570
8510702398690820802 13384753902034412518
17424295219233198351 17880618439231817843
5980297890682948464 8892564597507552575
17529472924918466999 17595496515412826330
14457165210322104755 18058072820297457267
15689771758191159866 16218562133654782419
2234243995002022950 10167532059005851099
11304939690188871413 15489719473570580779
11315410168973952460 17680357456481412217
5178073766893411014 15475531059957364234
7817408204408535616 10067583067161578893
209125506479118250 16279118399296247695
9203355337720721659 10914196897872411821
6446001360867217824 14289400977259745939
4212622846034356640 12619639858478168638
1084461646691926537 6377233720738377313
4537746474876403918 5368994906116449205
13534891993959751918 17382169215194846108
15385400912743480883 18140978496355023051
5509538897178165514 17982312206891300405
11162741232890532002 18367992217513079867
12406039718487435797 16881186759531365676
10957221520699631098 16561827004954684146
10870363956677729902 15541774470988390533
1711671602148564746 12822174021177244054
286404570429836807 7572139956177936724
10570533385967925473 14790278634861360869
16202953493072977664 16384370829947418765
488434423754230661 7197105833031753115
3724423080974221315 9456167493245074210
14564086856910724700 16254787590805900595
1898857195878382780 15496747656898917390
3380393774622150122 10506761490770295852
2188256300961090469 16069883248402443582
3395953025515236749 4992118881003734320
10689639365536572597 13553054484917444848
1726330620261445664 18333491710728347510
8465757406414243772 16554399039115898024
14081228081187214754 16804489519544046408
2832761027071752022 11903662711538205856
4974238608101926413 7521842708263911053
15677285422567972064 17634847388124039731
5175810124240913824 11339100806513912928
18297631538329666916 18444544954650346260
5387375544060575191 12703172065348983565
1605869219940097332 3080084193556322690
13513586009624913449 18257792659162992441
14832077833573774976 16434020790462689092
7077437367169159737 7164681407017569811
3518034265497538084 5764588884217785917
1788857396492488873 4058670833126254601
16104448664830804419 18120483259217560984
8774026408456751706 10788156497604401970
8472020476667703651 13352623809036380301
10230191468055100561 16121791998702787930
11953838924333280339 14040980455328299116
12251866384655997268 18235973296385390997
17928641672996360152 18241229331683791401
11052358984896629230 16777443927948205105
10085594455030071015 15519161566120364905
17504280410545189102 17678763789611490550
7569985418475413128 13044169287427065798
2636010080095344290 12853911989193662233
7485426589606439008 10873030346846915810
12457514249014575875 15207667281086694393
4208911653140558912 11830703173561455031
3294521141704983540 5964074210937130643
5534388462555813020 13203785438042790795
6920874081785329748 9455221503397730241
13561427717378717516 13921972778394410104
5487256102520252860 13669353299087289376
1776275088217008573 7841691607078061729
13505734012197716850 14985557687480007946
6571484433890491778 14653496422381136637
15157681977642803160 16800338665976654160
2398012748717890051 17795034479570142128
1188422078606198282 6265467935621301412
9480973519861032916 18237452965618802152
9120826188304758401 12810704079784493869
4761465416467852838 12738785461688956214
12746429361058822757 16557191108634601182
2153325004881274673 2472427999859020677
11681939289223697449 12768493565049537631
1481931819782812805 14272452898035919984
9596794042214278367 16291029925126782245
15941935694666220520 17025450776347688229
9363777694083175331 16626084111354719454
12159070649065563418 13734251907000476692
1197277222638783753 12583774640450237181
4750479911161641529 6701496942041431261
17824716590158409722 18164969473027811201
5379586089462729117 13876509888953215304
16163406167553345211 17741271779710636586
17412030264498676484 17497643746855596102
16570826582325274513 17169152778755219774
7788670759892071606 17704877663004181087
2975257620279215688 7959131258332173529
4527624282410177077 10165123942014812438
828208969549856105 14035861364325755325
15204937509174254002 16026971996337913537
5473826971051519266 12513666116524201452
15572062151013446458 17397479610028426921
8015186465688400500 11525873971379510423
14959489859776894725 17983899243785088751
3477353208716939496 13217444054545198570
11029009761237686842 13021433039155241861
2533208078661144169 7102547039887835228
3961466184737795797 9212235765852463690
16298735523511954360 16695081277604609342
5860333878954602046 15101833059669481087
16455148472235566205 17073900489502060744
15368456595173876881 15922173569005216489
1124673463396314705 9632101993604889213
15558736771854546509 17534179634382199000
4424420437484123147 18148653799103488410
14162263995152414741 14277819699022013204
9819314077190864853 17520596864933891958
9930046142431536401 13520992121984690530
8664719533508686788 15260513780157957892
14573317307833759068 15843072775544302981
8691140527810887497 18388268260255342044
5428808323751456612 16664148394421967441
16155131553011920410 16223738346824879963
12082344022107799603 14374354744559301242
16866503855515168254 16887816275633456205
96047108448893944 12120658615771864176
7572896500060926226 12068985774217675758
6739866736305973494 7839688975772475816
14392910619659701546 18150307881159860150
2352939348222286970 10120459969833518188
2724079417477899765 8522380857387504188
12129400449361021967 15349681891405767155
1973977863022155829 8100644425019978843
14286032777390487617 15427443603052583886
1246125678671314900 17907868550220568905
7661911637918935642 14357364721777242164
3007974728035921143 13091371536031819449
14953083490839632181 16109509458693197048
17554951147507839480 17910173865348257967
11718198718455414583 16308030314229422264
14737509874762008999 14800400433055620218
10401179016634142754 10729134072061472510
14308599091671316174 17823724677929181429
17840852930243134794 17936046378083511404
15989300149997233563 17667725006131604077
12913069457775828033 16330005129548420347
10967038885230906075 12965673813637112945
10891778695888897588 14926968014398339916
1211169215952332674 7520463019910835489
6512588111221934637 15854999440515271945
12035006779452277595 14423365974515972507
3030149214764140554 16580196966222687965
255992818691591506 9827281155187640298
7938992849322682150 11981307290558177714
5852077748419943198 8034980738576053729
18050367803841490484 18233617416289156452
13549850720284568428 17583158813363179612
4663621097660842514 18443335299608274244
1451377393932022315 16815625357160141205
2713823551495340640 10273461579474994035
9283000641295818121 13487176286341639705
7745788900771143725 15265885854361033872
14818419519105779063 15255075374262183479
468454160106506220 2434703319919641781
2866820971132157874 16673058515287834743
2419865948716459647 8176125945929363292
14487270368036526617 15907770651917736344
14308110274139065265 15188809890097979309
3562672569780662837 9969282973625729347
12209311465701530920 18261885348793810059
6337197802987738755 17856972007795170064
8328947108447665541 11251249571059927487
7642305788232676304 17396467981011558288
18060178897741903491 18135675914544310579
6308615145544546989 13892992720355913258
15852319669518626762 16847556148970347216
10419520401878115629 11909068336514773310
6990475194371109721 17350486502347964840
13120313138979906630 18077697540782699430
15490553636413477245 17370459094193045905
1152818398698593049 1426000618926830108
13895845370169747136 15355391497993177788
12635026356859939021 16991875201331924984
8399719512407204963 14935597952336621493
7104146854562214882 15116702681316299763
8388900024112067131 11170655583257058330
11204648952307875874 17166509787952869260
17941388260045679872 18149893320630019115
18015931637110121069 18217625034462720282
3807174737155618472 7918570851031066231
5695345821319309302 13514376074838782693
9264685239896382249 17269093374378030518
18102964142162977727 18430330252753149442
5251868149592782583 8707810328853755413
7437571324651810166 14210449595099327732
9944063512264618537 15148793896980148261
13047780191652740718 16337468480876697680
9719864940601905248 11514378134761936963
6983193426465550754 16969811831795061243
15201196746549930992 18266595458270742463
11571633321635560242 12648663428070759885
2473941027048758326 5313647588778388483
10169296681268257777 17159195078922904181
13586635612496951791 14803660488105314879
15552226323461301162 15667347450002063321
1573101689425997177 17254328972011786130
4240914842141497514 12287937086839499565
2499753728152240460 16833764826611402621
11458493649415132 12070404103262221977
7354588514136865327 12540142863031267437
3018559501298001113 7399070314065504777
17352917216115738907 18267924570210945515
3654250342197025911 4686238883835306399
2465461554903394471 5935528882604007724
7592656405568550370 18402124678891713670
5656999765351444744 16639838621643205349
3677932441655882189 11175875455972006093
12468660473691221629 16442821343504256096
3556777981947247813 7173987906618121557
16150314943589844449 17070357547246263583
3054545538010074352 8666709546991636751
8609806551740593722 10485910063601420764
3294620810880083099 8091468685072191773
15931305583868694833 16241744176391407208
9591414428598090339 16939479693595111772
18235006599009587858 18303473480429239441
7964429990701290856 12813999873892189498
14866664752843750635 16517114982848993858
14722794053280043851 17235865894508466911
17640188315428297325 18274547710143830719
7227134980068628367 12121241824598965712
13565229920194491982 18146049525524616723
17303317093972993307 17490165160981629109
1237764901550287673 2005046224521772280
1105827744432529158 1358917578800308001
7089466086653456634 17292490013678165122
13814191570496454659 17156577863994692492
9529457427612193939 17312639595541647450
17165503089385572761 17905037877917696528
15813425739982196211 16322962250454128157
2773282591816861035 11971050720926014016
14569971610259457813 17216430248458328960
15557311773964038989 16853794629481119212
4633628456665422896 9299504315136832552
8603842767363901803 9170568315927079571
10052002507598304182 15102425801739358673
16789987783544253104 17115320671054858810
6275095310986100051 16388470657441481156
12546665673231384645 13928143021548536531
2605158852408936834 8436621321160895132
16452049846322258518 18177668597314842925
10677038365719591084 17403558370025532094
7196478331879985634 16294758069859702862
13598421468690866991 14768618568342906129
8642568623784274807 15992280614842518512
11581819165377072057 18011789505099215860
4816314718531582903 9372859470966270170
16277215606633909604 17860995699342152470
3804579520704414546 9932132636351322753
22631397312343587 11636862395925078906
8361440653277400429 11375439267444908671
1404764578777465263 4825471604983574183
6553548562694701502 17122425985877330171
16006559310570392342 17604546224294626340
950816309948727879 7845216403056781072
12189670660923692835 15580202292229890440
15592854643151243244 16575409931721222649
10194424818325626874 11890805398132528136
12080936247183799836 15967086309458209742
2331190004709307456 16070991917534479464
5129765504458151134 11921575329555554173
4166136932086427480 9111287238406842500
17831227142933382844 18336811661062034805
12811917457757599214 17689342115140041934
13148827737339505024 16471266867312319518
13605202511217011925 15621038059944224818
12229419708920188928 16032247925466430670
8222500886227212396 18317170166882336762
2341203942744600741 13263528325228381186
16531813437411104250 18120310927487921675
12116115517062707386 18194962085915060027
14731533555828416470 14991754081461384823
5240866697700140208 6959469515460880751
6099626279558217665 17418863148015785886
9108630746503903191 17022342434415220830
9822453366662339955 10804088103111000601
10559422583529700849 16891460669314361744
6967333322061654345 8567961321977002590
16677524002568712026 18219953964588679577
7473400349305589851 9854265656087925936
17661520373163840965 17915476932477275968
3812654786799693847 15054818467224960559
7695452106156319598 9506588015410616672
3380356792681171737 7569584597854609249
13303552561812382225 14826412100757525089
1508786733835499181 6637628702967171217
2233299898111395260 4523463765069319736
6867792344155454088 13466699741353568907
5306821447155798198 13163487671858161044
8643754083017963395 14933296344791777135
2788930562872641441 6909212783984542387
8061662792099134431 16954377420409960149
11694129385004193211 14463567251862435441
17531748456394357203 18359218627872796451
2211423310642858818 4134567524458580465
3958211426328025024 15411181120315215899
18208811412070990906 18230684536022641535
3633348710102615657 14471245886884899514
10058725000863335162 16910829799245962403
14667552691286518976 14736811095528753041
3362358512159498343 14360502766064257569
12189755017145955110 18200658494645080598
4655609737138575345 15508744650590764635
9581649911783625325 14730373015002100150
10580930629125070895 13612202754352099827
12911751404488841320 14835935730956949218
16556342946995072533 17979776108167994244
16732504385963906345 17601660471748507734
14769546553356109630 17278705022541099069
12521443574462082272 16919844374984446226
128295678433255745 15683223307757642191
80506156682751814 5900310297770931860
11701282794849233719 12674917307219782624
3226223297933018290 12130992423079257554
8792636035364229849 11318736162813911807
9180108199291004671 14999952187005403484
6143757258447874835 11490732878014100235
7230187701718530682 16038288331314315815
5959150376708173134 7388094734900134011
4838084430367853487 9502246636610566070
16553002888413522805 18081242207545386903
2820527841740925419 13198512117404211421
17908302695171702967 18108824498475867480
16993060604398251183 18266084228140067145
5873989388908169931 14044551263854511364
8245259908320511689 13876671535321602034
12961061186352582766 18183939496537569937
7571640838209471492 8474902363629261259
4943903557554368531 11446964638940706338
10208205844181543969 17847326497587020180
12442428968843684242 16215853908549123541
16110479936359697766 18275647144751608970
11574624982620046572 12599103554404242691
14719050865522923989 16933310209561480852
528974853963886552 14602285646371073003
12276827225877338564 15580654165698854687
17525680857657563674 17643622565333342340
3028365429390760716 8288378637071116283
13831745989362071513 16005437475073789449
4365593938139419740 5187262999149150663
10397551812287390146 12482862594973406038
4663327267898245115 15603912566246794311
4934988421487619791 6945041136975160724
13281430774847266349 18169469210807566504
4723360514002567843 17331088449193440534
11066635927141470331 11267552275662043808
2057869400550111209 13160742072271576863
1828839806836917442 9809746055116558947
16352083173746098895 17945812539498167741
7985399582474309770 8766397184400723820
3315870638377099365 15104427357695192762
3557042964782487745 8876174374058942160
4617137098350392205 5587991463907005986
14935723821011695926 15783526071108469577
4503643606556899258 8708205214789577180
6362838389340323404 10459696003396298189
13931253026961378260 16892152909854551347
13365709569289191025 14737711717448600385
6151560183328235373 14233398912862955726
6596539792245117283 17392962258549621787
16261261632683098504 16481286787559264125
8975621400264699822 15693112235094450291
13128375445408309610 13850786388114110254
14991314423646158783 15220552781809168676
6701301348927374119 10732676511963291365
13422982823287583371 16918524453435533933
4330832421991004972 16450715439195013251
11771573140962174829 13013394872206273954
4902180706054073166 12984580749563219059
13034447156634889177 15703061035937057300
13082324816884235604 18272967240370837747
431027407158339519 12148695877906411383
3853073884487967625 18233560900291229597
6611987143556006524 14130447520788293812
3098183966454998183 13758442402694651168
3904517290967008391 17887545846913330903
8506189675456923532 15811948573172104647
11784642556657618420 12024009237195076442
8710138360371001635 12581897320467613384
7894117826335125379 11445137920320152855
4298544739888351218 18370506844167803534
16102047918269616297 17104417500959435606
13113207166427701737 17386529381863801728
8294833549698519811 15505944281631701056
11733721569599020592 15633819099892437058
12154263378204330633 15958259344429387122
4653532709362086700 17575011592456836555
16745299126882358525 17033890550517939015
7310559223066952907 15165848733703741795
8442570167837682039 18345733517339774807
14387094871203538144 16694146972649022177
16420060087280420943 17417818657166965700
11147284704564183191 15983285882764749948
16658391164189844772 17305580073341661629
9246634617342830392 9977559414558395674
5691141655446730651 10829339276403067556
4105664637346488014 10702869751946548750
2843090885903148901 10207261405302677252
9322551224316067019 16804731777823825375
7135756552464941509 13847508533035646452
653052495423612199 13002162903670825353
13638240133108195793 15829354538841353352
7777412442976246128 17282781880291238079
3221950966146750841 6281242648665788597
9779102079498110229 15083087713192041790
12665448948819945675 16346186653766855924
12435226813221046839 17488142148757076068
2734934413220163235 10958421973178120691
17294929163515579428 18410312459766301173
13355646978619794929 17935367108825648843
12402535699332381284 13509317831837859475
6972045566781129280 9238304304127525870
14909623416000669471 17559438543186024592
6726120667261693771 7081500514992436745
15538154289557392786 17031364663860914378
14273395194250458937 15102446651414514676
15439222329019595842 16789546088300479555
18176935741164094152 18289659458249338032
17155222118625912935 17675073186445148924
11084012313138689736 13619973449784223884
2719788749620870837 14012011039486769030
17657472412223069940 18430623478168922701
12870593172223869713 18412812247647211233
5695936554516972563 17304850945269760912
3672183066641246922 9531757604364605263
15003776420700158874 15471263551608272864
15099189783116652813 16349684980047813073
5151927850976043702 13958366172965266809
5925648229893394770 17763396486625082738
17857777990359520181 18216992885178728007
4199558493999268448 11199566603755636651
10747220868502757533 12340320473398730247
11282409162427758360 13432853780959981344
12382717359956272692 12620802512819410266
5042967697169296414 16251780262887007939
16799818377325420088 18216353603454909379
651003537281107189 9453839576264012820
16734826115309130214 17570831906378294193
12139893479027354577 17955822087633849079
9246143114698392968 16762848462423534978
7827619674855973264 15784106231642900780
14396810712806731137 15684494134544966375
7166494351752531227 16693814943862753543
14227381770910301195 15056624670443037344
15127207476883612730 16529292859537720811
4474381246044051628 11772511335395853518
15270684936568013370 17304316673346904499
16417639685643197026 18384040054929993886
17393369414080882706 17702036157273314642
7206671487461374040 12964598070795078170
17244396704946946425 18314365549089034328
9455595337070890476 16886787917952240175
4506423884200214338 12951381311179915737
12571093179128113221 17312606638717843290
8269708527374341655 10586480098365951118
6595507020087564321 11834987447088500627
14255555316680851874 15555959859124537356
13550902221272002173 13874050705069560991
13010660890536414179 14376207355095104979
8555282027540665637 13872762224234114293
1517793973928917596 14522500695263876267
10252914652881271909 10832404566190244808
3104105234512022613 10626865218497170090
7487088417407332797 14850426841723424586
11398679881258413410 14333622120065350693
15909853890450904507 17089119756877041448
13241632768344267489 15828759281685978656
2706905343723359899 8729501243550540630
3130989305011602077 9227676577297341105
3501176762186250424 15457543187213350534
15931229907117962877 18041001523242102074
16095498716087911809 18176654972818766603
357590018020248776 8103778835669210966
14478221035894618037 17862365147524991211
16950439823747846415 17419569660946541774
16694409429109882950 17920706888882895802
3689928598419064649 4796190184724888554
11779605227992114129 16697102234021785847
10768923337771601216 14821536473426668559
13213474925772472579 18171722637568667074
14201563379181309983 16539380123035052673
14473999835955094471 17124871441339317413
5381188615950781531 18201722506663352901
17899729267267846270 18265525770277686474
10945348968853409773 14620191266545755577
16399649912789641932 17046139422874149620
4693055222049557172 12006529387014247613
14584705690966972145 18038742422666543977
13648818974283209707 15124499972177826341
13032468429918180567 14757828317234556653
8118747522358792428 11836850970861847946
14803801588262061143 15677904957810667181
2008863326535850211 4496122549509989904
12667833119879699379 15336880299977748912
9811907096906463442 15071004382506740510
715362695104114770 15087759489610502143
12056902286762375546 18411281429675427638
1940197014745402684 8522696105018678874
11548075796834918735 15048707043279126700
7599204150128894330 13295669353928359353
6531355617236851996 7723711094650047526
2610008842267833563 11181687829659008307
17586384976944762771 17695049720285124132
10070004950852219175 12908710061523367229
16476821817247494827 17396639249212153806
1623903776195285705 10177376348041874727
1109577865130482506 15935373035234038808
11867964362128902181 12552748454933348971
6628732117208062923 16228312871803357143
13042574212598048423 15833433521558875603
12336514329303768215 13625895377457160192
13015568927498627752 15949465455741801946
7818287684485923425 16453977548742032756
8312092964401541772 15528072360521117502
1449522669750794221 11086258858685224652
6463523335639829222 17956081686160205800
4635997767581098406 16199255137503644216
1211021809846353483 1798937305059836125
4993403693312158950 8980570585216620673
759131372963687021 13273299833549919677
10623098681539902154 15019586556451037934
14368180040076012011 15175295205324883622
7474700660536640081 13183974491099936536
12937809105784633647 16558856212447661109
10410630638344801002 18071405287354959415
1457168475666723468 6752229449447134894
8838920682281209815 17100145687318079393
11491650683627178810 17724879596206695970
9785685512069930751 16470008952766853513
17148673993073082811 17916529776141176996
1084717051970873069 7163665410600144326
7777818269627213060 17366959161652149717
10843065361946028161 12756904571528380360
11151600280181604973 11154043018807424105
2978528977556388341 8586407825167610939
9367895250118573463 17268685591710571829
5245281543266329588 10973494694306831425
14797366997146180429 17119050466412051962
8044885206310300423 10012715443778802099
12248983579762064305 12684156933595027194
5314647367079577834 13432223641544981282
17317067364429422577 18020472552861190517
16206697203023291866 17285039027300651602
5929582073607231310 7369277155954841616
11399764125427958991 16336070655783085572
12717736013266783568 12995724326754325146
14147108197965555608 14934437014516638055
5971289302643407091 8784463762486285496
6788159733018325341 10002310523113344025
4321296186494943939 18003818110769914094
3924211724060807860 17475255472798875530
10872156506092155599 12010988508688731166
2742673966405002220 13493379197813639644
8355133245847127080 17368243314055621088
14397419205894132167 16330049063081873503
8094089768675837551 10953840195706171542
10683518095413941974 11173874817189308210
305037876060676812 5158439639502884020
17405472841443117599 17605496934110643898
5837851646669734857 9959162390251199450
9167145261057865035 13679813124174672908
3411792068606881061 17775525641630947590
1287722664259689185 12469725264467597231
9220623644369776857 16136201951039688784
4701080514732319226 7641982730932784358
14943371195842561799 17089220110765562943
16364363932466783919 16875412770129110952
206683629416106662 17580793615696073237
10673698141204702236 16279794259758173980
13417501877448098642 15453724052831234106
17691009688464988636 18020820605377559359
11069158127691510863 14233398786845740530
12475187398801406300 14094166594585737301
16263388350871194348 16278644505507263895
3269865641482951971 13772314357331417361
10968653312822951854 16254187654530467272
8622632512051216861 17771457374292959276
12124110484970388483 17751202628607648107
1530270415755946281 13723896465228533497
9821921936359157658 13446475352178804004
18048119604530426028 18162270048260632796
13968741292353617141 15718579778434298921
12040545374102530856 16266529641569135772
152276834417021840 9746908154932836557
10277614976039446525 16435797073154973665
6511579088792160970 6595906652770344321
2998462263875615368 3995332169212978188
5112724010344632303 15238055856370531531
4501188342639583019 16109974936591480399
18368648720409900539 18406144962038014376
15262537663421029020 16148156921248735449
16285232182455482784 18134791540099618817
9889813487107048087 10231743578010198136
5995688097961422916 14079641565054895397
1509124178259283194 6304270216646917094
9185565685372040539 13532108857593807146
8793529119345908284 15365579860907013330
2987386018433522810 15822369575545047972
1317557257900948966 1387100878538993624
9906817879977190134 10730048835378221907
15176095558115194387 17596782392938587214
12022521956619551441 16595160783344644719
5427943739876946806 12984172645681846786
8129298112673565715 9670713588643543261
3161339813319512968 14979491392320278218
11404284848150100636 13292087607904651311
10278639678981858209 11875139592947952517
18164139241262145686 18320837664072493723
12043749613889400182 18140879697527152988
17889282531819005453 17982099965490056053
17280520526301913975 17416781270274871718
4244402048446128163 9609697252114516045
12874210285775401596 17884004986778521256
10601449818643682309 17562449188879667410
13875000598423698473 15068821860506961286
993478272261119647 15316794760640356306
7579115268492776680 9046372703151569527
13123711309278150851 17019595938475081477
16806518101701870838 17481401290878337914
11204688831829770621 13313569627338772265
3231047752758665843 5280553626080826247
70601131799778945 14554094303259334447
9468551689713540615 12883166738873192772
5469293783572211643 13376458407626068116
1332770147887313654 9938625815431872321
15811532590464560591 18166585234120125625
18397592601148050238 18400172235408981160
15083309021334482357 15545721517192948395
2603188557023828013 6674407740778529850
5638512239166254280 12331110540117348309
5755753734292424798 16324553416728025930
4491979679862973624 12170597545072836023
16326700089915813253 17146185488571233706
1697011231349438566 14224146766754253815
4491899452437062754 9898250678486420222
10875853500299434175 15496198030458582370
3978221447017463972 12038959639304751522
8763438914074701102 18048871265328600583
9495134245308642160 12616878553873453696
12800861017399451285 16663607165749813967
14610860534455267235 15336089358295993659
4198564174661097743 6405888791570640314
13962420573576323476 15635514176688413348
9414554828015583444 11939629000134924386
14842411381069797695 16674916975795431506
7527748137659544398 9127939740076505737
9250000069018500324 11790525576893154896
71197041202368359 15924767187250267593
18286867177182182562 18374133571982563194
10181284616684106558 12679489279097559656
4585234232149791647 9121044470086351144
6670136944916812241 9946451450458908939
14706017721784391459 14801611305147223443
1193991957531819650 9328874082949470717
11331544491281062757 17397711516826289944
8428936471570991471 15000614719540596448
7625065718083201458 8542266072041905270
9559392645898238462 11230349810508921585
5053765189571120380 8099617141102120049
16532013478665348674 16868421275922090358
18284564297437835540 18408748703537503174
10324925447769416069 15678276241687948880
956203105203650339 13838663352528056033
1527380458328713466 5588740830151140905
11260612440427112082 16620216649506065813
5834626051364760262 17349075825207309683
2717275062921930765 14603000946374144781
6028571012377595494 8689853782178155120
2697958669756832458 2700516714625879058
17685358084166059255 18012124067740379433
658229139285743419 13226570680143517911
1969315318701973468 16420073959989068181
10956537925395004603 18210295926152157162
13104359211521582309 15999471902875257646
3601432551246990823 13070190989932918919
8076406381699341959 16759032026867698331
14576278029235160927 15005673332977238617
15315175789282720521 17292543276493482829
6467705518909679436 8915614216883213901
9344008686130050073 13410548959407711325
17431830543229826252 18074153462488456507
9361741809173774264 13789542667231980347
18083225205805083603 18323288824435538197
8664105519758175817 17563660053723006465
11207120610655756913 15967131640712436991
11516635654267353366 18288790576783107868
1964445807980345277 10674257003189833673
1821972367472197742 11535456150103197671
8104502260673323112 12309301204389987330
3276754058030186048 5936702933440617256
11912073766120179507 15357197226468089683
6379150372665596660 12520894685707491685
4625964012120099979 10265444728561331214
3799835417441800028 11985855538986287645
11005804721566743315 13414746325591981552
5919553972993698953 10936431856114174949
18214017195461349255 18222510046867896435
8717107373052769631 15803926910302548144
11478932332709174491 14990442431735974159
14311825941690420168 15167666380073250674
9648241185405141427 15510842529090449905
546126705737226650 2637975235803824855
6804561891911358896 8076849888919890827
6057700625976761403 8197216162628693917
17030473089071798860 17439237644340303839
5202614093256166683 12645653183004549900
7166158844515935462 14242084338375258373
7482627802505761496 14468401830947771424
3347967544578771342 14574914488979485650
2957554591470239835 3691616889271601437
17583125767078897183 17968516829006292907
7767937693364046144 8719164884168448982
11251157896205308974 16215477832728411556
13406034737569091866 18265997727086918298
7944844566224770062 11628872395672559572
8695085451672671400 11652909618652934136
14872553222466220094 17587660847319770559
1900124946970704618 14932897298013333324
5101045968640690289 11055643183817303421
3400753600644911352 14186331430859375559
13500645560423061378 14171992465542015430
13293862090250859989 15877048300236338350
8787849315884510052 18136046850853883196
8560150971704935052 10763360295484899037
7739648701928585009 9787661062687262510
4317025061401695279 13787165995857071123
6340294174828408647 14535713356584661375
10912089479654338408 11051165732098287050
8217521128392591472 15497022864272757621
7643201909504843270 15076748590244606993
4648283555249587773 9425167436611978156
392903647133437141 7056769745603639810
5583246748900731382 10609919603042022888
7101684015546426521 10538609494974135787
3049217592330137235 15301415925710729163
679219516147624847 5611551977864213995
11294869352626096548 13993509927598350992
14356138347437763982 14775774865917444527
16119419159285470681 16453781953364452249
8094405191524591578 15232463117457647452
14189844563671566298 18091494346341861768
6946929465006591914 17970212981836875152
2193725638814856505 3594471371861252789
612883389890517563 13010037909973623166
9283743406920656586 12806070494669536426
18222283017405586203 18340099836820177210
17920496211337586404 18257713262068095486
10342106910250830597 18312710170527436437
5778838525662561269 17885200832443307938
10581338910436793932 17114454426175750335
5872713448069091295 16423169746441290335
8775149810874855345 10889540840269821798
1084657411441964035 13955161456126046186
10618833480268350888 15595523425680021295
12932422308105755174 17741125289862986017
11905317531173169628 16441412404769625756
4745850785508255216 6063044962717588816
8090064421452717842 15932227200803787639
15443041211078164593 17096393137924327173
14104038953161869912 17625125495285786020
13608077098106171665 18031172679335773761
17932565340485369159 18386410152425810305
17014185185068580988 17079181485652554337
7471111534110037314 16947640637439371183
3056841660814210569 3070050920455889940
16262175986204671945 17306330236391777449
5788041380861219213 12050304895268747072
7510562542915231837 13444607555791271436
12403155464926799056 14168752857748864551
11290280896649499303 13109198208362119389
3762383988995044010 14961496706285606801
7125166315120198598 14645041857350895258
13812702212012465395 14252382140216368960
10243182759745675605 13994583063491566051
4796473907219535609 15011275496143828381
6223190992453589183 6827329582398756515
408646405575722947 12525883733148892109
10680245317702417495 14116124216374668622
13061223606104807009 16902857184227031156
17098382543824257969 17267625067869556696
103552416408278666 11451654785849492614
4296361429360282053 10781922875895270940
17476184803556385976 17602848683774839941
3115641352845186743 5541930874050478787
7220748404316489343 12769113675278359390
2878274865086747067 9223922665054270739
2174046646701124052 5112940483001981331
15065071225947431723 15498683512364850919
13223548084293068152 17604303045415760548
13445580840672517134 16244986572252961721
9068142988565133888 10825308915261461252
2758293308645323197 4549183033982652295
2532834025683930698 16692554554693915464
14408984544430113593 17211519186107379301
2312064050164731497 2910754220573774741
16580029661916159509 16696971855699448412
4063968024859349711 5256596982412440939
3004290096850728001 17290547699284634482
1646001045928156392 3878624875028274691
9785111049137532636 15299077341433850390
1513223872390356025 9483832946803133088
2150226771171073463 13774243473362136532
14240128047325064143 16171145359894404879
7119665081525297718 14657992797097715053
2520385789836149829 5562958332201519538
5150832189527861319 5812297181816084696
11714208877051219273 11848225581228599831
578370021041936781 2397555386121395545
3462099743728811699 9562603606304566014
10413953171022184284 18158939348931306854
13175898398539914937 17858558956464196132
8557322834207963604 10164529179157604207
6985901273788143987 16766021430549021486
6525409364980812007 14157297945394689672
8003588615453765368 13804972301192750662
12319461695522468384 15083383380847274254
14067560987681410417 16955930528014694324
11506937453918595951 13282922949129625552
15335910173984892370 16873176612002381177
5764991778450669180 8354379548413519190
9589911108512735301 15766107167497286994
11746102233147964338 16736418309548874092
13671606668945319695 18383566292145080783
8984504991369232145 12151992868897769073
3750136474571595043 10164761729861112726
2083194849295052352 5640974386025134284
7743057661062259467 14593145040547272000
8234824235490464814 13932120801419605147
1117133629939804856 12998956731013075824
12988823430881654683 14595678867392087872
9990475294509873085 13997991195798273822
17986085862738677470 18425695629750388322
12566880005406022700 17634603232947636804
14806641587086487997 16279225510555823378
5257262221422074011 9327328206725842673
14701245314232629406 15060780494690824875
11437385902822470826 15895221122171873454
14600601503195864117 14700625992355597457
15740052012100404671 15936279924681083072
15451662381795660650 16694047923630723041
14190000702691515608 15922410195379370793
16294541471553283396 16429130005688852419
14570620154433614957 14686905079823901594
13180274221635636397 17001445763739130971
11159219106195295807 13584606613114082605
11614121531943269159 16451672842925458080
12347335266309448038 16272378358732840464
8911091761235579290 15441074420717221629
16508924655630582450 16911860321644809591
9098645201488041952 12076270520684959802
7775119765513992097 10702281565896121225
2254139739616260205 15912469239990963571
7931313719859476035 17319045384511974117
17330363041944307912 17800869760510165483
9453544159098199981 12324465108126950035
16294540114145176425 17316848530919860267
13686437831820329094 16515731967284310649
4295640701188690704 15510417887676638014
12880325277549309217 15107465733371657711
14336028354427348954 14650059530836893758
11130695278405319885 11812008667489482239
5139171602967020359 7782368244419223879
11141543236302278117 17419927898589740045
4470010552264661982 13489798313030397462
11588034807057264977 16628819740755461713
4106957118049886893 11620743187256636734
9092940953170446120 15654997110443037426
605829650346068829 16694205433363403862
12866781874209416479 13074575204293880731
14988285619707931998 17089981831933620678
5656906362628923046 6798202927833185078
16963909293791971883 18306147530317001639
17464370556820385889 18310040392697854411
607901088612506461 3080524156116561256
7350041470559837016 9993985887155087485
1869676297827412986 15565403455381176255
3666411150614321719 8157033726983444299
14387895952252761610 14412459815975417043
9719088621136289124 14091117108458413525
2984627436254410811 5726539317679609956
14596111609156863430 15337580497853650421
14786891841667769199 17378743952686896539
16127417408286977718 16239605754966291819
12774604624768570969 17336859987239267353
5662648881863654292 6292068470207675422
14484676528227313052 18236732972083702370
13581893507998361820 17671999307058730702
14320008224161839887 15396851192301263355
14513445727756852205 17380563550886825098
16558355625992336369 17923514343864163570
224525486909621948 7099366247133346360
1520336248089218735 1729736363731208136
16777298217282441920 17104159643983140681
7601696877451480190 12733641528641546414
11541655031497344791 17307777803619693118
8441265446510844084 9513402935373625089
11094770591328619055 15032666010134759157
18161271216585998679 18297832291724937882
207602584673387214 9484215471119617755
15413859177534596171 17502293380783520033
5009354100119266158 17500059461877259935
1386923220545355480 2426491431572095646
10623919136251388112 17550303706808427473
14688525289643493082 14958460587103146891
5460137997797689639 15820887624793436498
12366772208284910843 16412097298869346684
3995841941964687959 6739657005647081685
8000735477584863471 15593881254905274904
14870023063186972557 16389927384202807225
3198882548855270067 13022509804200494202
12521483162983021790 17786013620038621694
17689104597650137375 17782007507734004618
7763414937078815370 9783909578914225133
13282704532533400278 15741056317782186619
9396048673515629479 13930123669935547410
6635415085226301864 17684703665950896764
14149449874532762341 14516877726746344253
2309561161395871501 11420601494243760685
2020485999338383483 6195381151980994084
13984390036387756175 14828846308849299771
10883668629821732992 15853649675198453618
3096589901774601475 4420516606998998618
15551766374551689617 17901737167504102570
9154996697029040104 11789573579180347369
7106809731922226814 15046302768881369912
17505935784302682839 18325946224499671978
618674448331576184 12483710318349042792
5653957042252558724 17248517444514206722
7274729990685281214 12011310908525539544
8838590032940417082 14920382127398027399
8410405586006180401 16524037330985028433
3444326207308086216 4523481920000500524
7212860112813138460 7686040939144795751
15595121319988842638 18268618872667828313
971673492707150670 15938644441236469757
10569951859886060515 16136788955205168425
11027711674553151224 12979109551844330588
13490280654301420108 14251350701192166673
1485267788107348881 5201155112514101389
8611320727276980785 12084705950625469298
13627993797829128280 14422018300088850479
5567605084023586383 17153336388046746695
6159459025554736858 17817822670279225658
13237988974392622880 16270550225530277000
8904909937860680599 14085242391796709841
9572188197609405874 13823283744020259649
8119635198521962789 16374339002129684000
8506329024313925714 13316919469554847693
16952825490734830430 16960637739103901957
4061170697400243470 11386085514810130703
10151935035383898422 12668598033088779685
5748498275166509697 10756678630049291396
15990808311491241545 17493308218187201748
5606520806260089285 6693037535331629139
14302572868960566404 17480881838436018022
13124006044244710590 14086067548561668423
1552116957303508192 15113922040055730324
2284719618313566723 9686514739731579714
15737094485866500366 17237352202079538858
4570403214344437521 7039711596064097350
9336820863122030617 16324910636629612733
6488600092410313482 7963583688205830856
18346580495808156564 18407167040034676401
10203318091513524692 17867898450146908301
1800293403501067760 13804361830092281411
18160461295145074892 18206048446632814343
17185467700188778407 17439410839888293532
385432161231372109 17218079425039109634
7274790081885223018 8205420953754206855
11855446338286073198 17929546539217670130
9934206921930898650 16289401266367588037
4624885227591356172 6382701497379389679
17455686281623186835 17470545135573421681
16355082436540698182 17740097016900246998
7972844265931310213 12270857260072832120
221949407565273328 6340744032249969310
10343440922382994788 12053079134101829627
11108929322212422866 11995695104166149569
14247752002712696484 14761904474646804279
9726984353164623805 11578467809075463978
4610118195222503323 17647338090751219519
6048775212920128169 8980465531572827261
11200445869757235281 11935855397096674671
12267990585538436657 17977692580445689752
14982788110296173504 15470915483179700288
682777416675266586 12410938593599257173
2833429651344459370 14912016745744939789
7350100346082688446 10479771619746087276
16146939074039907138 17173211284238823756
824182557797139122 2792917980378875497
1735712774617333065 13552462763240393320
17199213126821614851 18226454256424513975
10650644025661205643 13215245373503837967
12458931880807963985 15050153077948021801
14400119176888361850 18234419355669002416
10843939090745329361 16583172299133801115
3226861592857151189 7456188809088410005
3273023050146114200 3978769887371645124
10644931374606905634 17277166519668253871
6891849380403662164 15381867596248448513
12375944620115057086 15981134022233654457
18213631862886305722 18256806794111257815
239250028050086846 7828875529013325916
10102917974921327343 14230703336966256443
16161941095999394221 17239498047335452892
11149962380880092408 12611482498560682373
13806014987069326350 18033149256952590548
14675688971827504858 16815343165577160554
13524946211194452658 14997270801255121347
10622670990325179568 12148941867223641270
11666247671218659287 14003316072762708447
17447699534392651469 18005378072867546343
1971083933916466863 6717030789984587374
13043142778451904194 18438090913342934908
9946776032139858831 17956207941863030407
8298837559317097027 16801644984586062697
17711641870630407671 18124120173055881968
1855858603445016220 16248154278744116144
2349507484583842134 16623970304265906099
2854395927774003363 4733910910703492020
6626336166676594163 13363411662995383135
356647266382819621 4712477416282602680
16404458000934360172 18127544962900378198
11664113239963243585 17448024259963465382
6312524122617480429 18336376772532849341
12584928083773449431 15605899422505294799
9463499489279351122 15809463104242840517
11557160188165751053 15296308534685965660
17688962324789479272 17712516532688844311
5670567225923760440 13858991329536082531
68894347994605876 17460905269001070263
16019399427966010758 17701127019759607082
13125240551244390056 18444952619099258415
10294219417813077043 12634624671533208319
9969275054828966377 17365435729081457038
16659415968708162867 18366356702885269310
9425946961317707170 17127788571083844785
7231180550232313293 13692304930012434493
1802913226054920073 5288463423932078414
5179337787180748432 15443864956708588694
4609565573026891264 18335020700733530688
14194657426534469388 17993482248597562823
5922677946708613692 16738802102433524438
16558692216511504818 17983827210146471617
7765001979716187971 12920147179151513709
5602684659436734748 13066245432984905497
4977101485471584415 6997795159639954882
2614770386264599485 10301664439467855567
11424833319434128576 15307552431408309212
2510531326829491876 5326621033727001570
9298261205881456209 12683851409621349255
7811496123390930304 13412371743423937725
13945257221054406141 15851810891752591577
17066994293428926716 17281896022357288744
7825249938462276676 8607746635777406203
4381085356930717964 7020392541757883197
3276709481803354984 5046474167395554178
5210527618815645310 14104953781721581593
6312237803669339479 11987371965064069503
3663268163347468322 9763449358484326266
15170407368069687437 16709627815872523832
1667475276561115607 5959225330974647623
6690432046889947721 16108751076050080164
12409367910338083733 15741212285380429894
17342432003629141538 17948219604804466578
16837989085143567081 17164154681073365637
16881598450527522301 18440160141647364758
5060338827815050734 5457557337706872325
5063541949975669265 13131351170449548258
4976354061933119106 15801466800918423493
8526529861380435375 17291725291525409635
12131667857744454815 15588387090983613859
7474679092268465960 8747486982862843214
13844915875532640313 17790119408056341842
16181301461297102055 17977383831377370279
3743499292560976659 10954656170733091091
10488231482398344919 14401082014613881998
18412397956543161815 18427777586678334979
2060814012568917520 4577848859479195102
14885247489904433337 16829857013826512242
13660169256544373867 16323866060392120907
4013775590308585837 16018827865354319146
14225391490759280519 18392359563759569308
2681069433027709031 14308714777945121578
10200755138234636926 11671182983539679072
17644034014908294608 18388616766844838324
18399863617590191979 18442256945306302767
4552054888176100209 8813819699675127273
17445710189332362761 18400524798861658233
11786536155657772139 17410234773579023734
6021979779345496148 15606483945254111581
10818553699295715613 16653083549009041841
1414130002552741141 7579431062388508922
9742493807041490101 15118145770072895696
15182687851959802164 18293999457863356737
4930728972479837169 9705523825043282251
13672427213396242762 14439385601396643611
9945957182131881724 12088940633883209152
3785453283063294457 10600786319475630124
11943845300787108827 15369553136989841862
11086801500382044748 15466711328097572905
2414399922091815235 14077978390457497287
11235255600518192844 12662130525424656477
7934827380786234792 15720691010462820038
12793727868268113853 15507460819282037864
3191659226073149128 12190707140668446653
17346263725709743896 18150649680724714910
17754276211033151051 17877253940883017664
11179807258039918722 13079507009041737235
5888665910468156777 7273134823982700084
656996742430607657 5145638117120960711
4146559193790174117 4769814878326372431
10703055385757746156 14729478807569783502
134717655283201729 14837540535913062591
2456647874564715275 6622325112394068858
15871172577400000627 16209849034183968638
17397400978116205569 18170613335709485198
5409691306500890911 5973685502452907369
8944380748375223109 17071076388989549079
7329514153500310411 10896205479655980911
4024865141681566440 10868831237231279829
17850408759960485194 18285441352523304594
17152224503543090512 17396593381750100515
2552948210514582631 3358774067149836906
16622970113647143275 17700742634944975397
2565260420662110760 10133374724603370359
9813441181362258784 13743574885788754837
15277194878917803919 17380398096877985416
830500415932482692 14731350074526157227
6045074855643469530 9552484650612271593
14146832751414458852 14631517846912347572
18352659836087569883 18415459865851127388
14454165698591129795 15864898289181178101
13562328082132740350 13680151494055071736
9454111459361749919 15897586531831013639
2091931028744543434 18111698369145410618
14559254338393345725 17069064915844912903
7392800656683687137 18188371414686637886
5350043868230457315 6954799258835860981
2629090781968652723 17144273986206548028
14202042882021699272 14656223243091921677
755834072459896021 15745080691266105056
4388812712897016571 6444831780929662043
178190521401967489 13640908113784300416
5784590965639106508 9498773501002933290
8753393555878484931 13129148062522937400
1570879808910540592 14711479112684431007
12268498617631252875 15381852651099860190
1482910596405861536 12874633154288876374
13388472737517591796 16714993689031780873
17742107483942756335 18445277888100850100
372032406333495241 7982654137911657095
1786139379350213044 9994757716086502945
4544984309969797286 6790040791579476835
5666483213562139592 9775604364643984488
4416392683317667032 5403662969353074752
15538558788060525726 16390703577675462083
14511963966286268711 17269106745841505476
12710650430578752563 13556559597994478889
12664987642520422815 15821065637423465323
11093358934616835681 15305681387264787828
600220443075888386 15384356352202420429
18088061726615963240 18110889256947357298
483016773652624128 17132996362976591751
14508445855023370715 16280238487449197435
16500448806129193375 17601266160369842103
5118827645368994956 7127072654739582527
15186321498084014981 16107909239110835149
6676779371358174201 14276282397356334826
13770757485745873873 14184776702506744575
15786116871427161945 16814528542984347701
11521759247181674361 12525451673001237940
3743282905722005565 13881750414617105119
16895899974017680650 17990713972839574599
8004508635264589292 16279874060173293129
11785922717526894683 17349258951071516219
15064706558429281508 17695535610144281866
1488280057526331361 7155733519249256494
11079428974645333797 17854949750917877996
5048639860011271174 12559126206444207209
9441848013969451105 16858882877527293449
11980453128268730344 17870034686043300146
8219893621775684842 11275537637821439347
17887918353934070618 18373680960365596463
14984797584746783186 15945587815087095454
16496396676588625842 16858709577557981304
5541844898661258863 12910546129301783083
16492899191731591956 18410707591777915488
11097404745079524327 12410155022565694045
96396209260339225 7311807076000727564
10853042814502547417 11990400138684126057
13075056799816785919 14037287147366647538
932864017142942096 4856969365542165854
525386761817096758 12890528342459525214
8615550193340815705 16798003971604036023
2175799103247360457 15088111337570748836
3610494244322026732 17058574368149162890
10900260305256499765 11791139884802573875
11359990208626088020 12875941593081447495
11755955071029854272 14904384599396978973
10362857764008915647 10443868751379287600
1821645870673506206 4485822397495790862
11796008457298646178 16717431644162337204
10527073548249566915 13976099745450744555
4062420149793748267 10265793446478587872
2412617929566218368 5816919912864493501
10899360467501882402 14230017819096335103
9912812125599636101 13954722453354603078
18253782449023486431 18339715932170260724
3979346150913915525 6374104146973667407
12812085860756384418 13949456972585674327
12520075501072178848 16714789077107226368
14984999496213562763 17068395211001917165
4348239850471460441 5729053379340592038
15326026305911389398 15353220525349672118
12924821341248943967 18140907145598157217
14410696834900460725 17690444189568698383
3226245472505516887 7711293575226039121
6993741466384687862 18205588651995051899
3905419365826088503 8076312189393418447
16966327564754785563 17528030844189162726
1149076893483272960 8117876969532182215
8849892845942722458 16005455147970255945
12042161041153129556 13634588481013368133
4612582968623919894 16036804577512261574
7593472279221953775 7653081785730208705
1758717793084640869 11469912803247786076
8400998657192564394 11107663242735438139
15065806315667000084 16192680299373861731
13430846392313937379 16155901124884880461
16226077806570658855 17205397211318752529
4357526310457144841 14814500140111441489
2920774017609379442 11596973079052178641
9441908131365685969 11683728622322069470
14403996459517017802 16482036514560928267
16786560971773856848 17171823089096131816
9108358583344561866 17594669724440266321
8560108146541796926 17408988403445427696
14800334571115784017 15154596216558134624
9876512220056998453 17175770243766694182
10145587230691791808 17495290053471222873
15215561978429933617 16110676537176751639
8923576251877255501 13375196031446619211
16483760309140672595 18343502080319446708
13795772796522404336 14366559059517124637
12505132455337174385 17537584534494556973
7147174038630364456 17339509594072378275
12340920454347693461 14275111233366903298
2223213878931780735 16952433350629312640
14075704130711349137 18140116897372787626
17479793833735316019 18404671767493977855
8212291558186882568 8535844927766642470
3023352813671925205 15172532907179384279
2161604683862015878 2241282361630755721
3140211307227285675 5020199308659339787
6619652897982078810 17606387474685536684
6334954665172420025 11364707699321936266
847479708829307686 16399194700162410080
10446689813566092840 17972899160701197166
16677897114080143968 18403595506297982537
18017656279693130175 18127919366842432800
15737998743035532531 16829769060088379240
3220185733636560365 16687439085665337804
1499169910904782078 6775819067441225514
16724102812256111862 18396845082235836579
13260806008852502078 17721091907651662554
16286440716843861047 18274351573054061520
16137652217544474740 18161988589111748946
18260072205317354855 18349455477528722587
6071539996013961644 14035983628089087045
1133723573795788647 13176587817753880737
15897662599103043528 18378122478549723557
6844483173824845834 14543155827594168293
16649703936311606232 16893622676660513435
7837987602401591215 13718175235260497151
17242799957833309894 17508887013414380527
7947008846593669361 13220799523972292184
11750675248726969748 15065249755471022234
3145536227211281992 4370068953158558954
12655839941891827433 17089295339909264574
305018779501003096 5711383770764526814
4874263746244934555 12207385071534102300
12600666720124968222 14613108701330877962
9275600119003845282 11826256236773720787
9548555739050231769 15298627670882938707
9313094372002349585 11826422788757238310
16477316768147948303 18121498651268726314
13845312302566632843 16679115017640886833
2522028362105370878 2592353487581527170
2468895765348542764 4967377035825502314
6270325225434487823 11067991029077571183
2237684259980189708 16901554238955797306
2186361783836300736 10384744594355929772
5784256073337830565 8455245167309747330
3324572313266906454 18441519238131478632
9996345853455238657 12533690742566809715
5897960118611593078 5943161873065392890
525400829598113071 7489891726347206306
12232174918132448202 13473867898989856583
4057550710372877010 17107606958883926154
16393952386771133220 16396661707560761079
8325484301987955073 17597877042483672317
8501051150141172082 17309473382536730192
4260843735922176230 14641316084833848826
13950198497609780814 16569311985456566865
12080489396373304043 13917990913400379956
6125924095948457406 17325025045484723601
2565879316141580582 7367682512231988176
5451852455595631383 12256286238457599049
3487321561624326423 8053593448106192556
13361345945065533371 18434631169955636171
14176401055785644427 16640955730839678968
6471023368629170760 16533399118714295132
16597185172208420751 16702687976804941473
12955428122946921041 17925361111206795693
10051841023407728165 16988489962912316583
9211304110676235846 12240931486483260202
13351381142128769728 13789789736195337572
2023053378023169917 12518890678895512300
2514843338310550918 5772112210928586132
2156166979172664409 12219826403768937239
3834651939358430181 14196001457223042524
4870140275924200185 11524552610346106309
17221666212749179389 17778269505718849101
11481816660239629006 13639349762717498483
11545010293314431193 14287594664542185635
9576961685209824223 11033935318432302651
6761634849489086986 18181166748992726299
5308931038899426818 17398984674393186090
11321844377838996509 17002429828137595800
3781888429108367769 5772807262201835281
15906333484789437556 17980519353027186013
10976614798933949677 12247279281263423485
4453503100618594625 8638397893551093197
16254181463975296562 16579975811605529254
8894986312531174594 12598881511615234047
6873637181217673564 15469966316767719301
4879336997791296408 8493571591746418378
5372857254852778643 7522634253470330784
13917096957472054935 15087346997422728964
2052865361996008669 16712862084597817594
10653224333980414930 13995799936329811971
9921968973402103880 12373290737513695607
17635430058646904216 17852298396419015190
1664106757687261133 11968018170193689894
8696911693376327936 13333136726441624710
8465311795030349615 11625155847856390889
17191264551140321265 17762672684995172068
3225866046820463389 5924245976218670834
4275790512804178374 13260510320943169056
2393984171658132830 9428163184482134973
15707442742346618902 17371087997857291292
16079809490346808228 18034113828393992220
11737798753059929673 14259170474914793865
14105486557435380586 17966591968090241864
403452502169913712 7728954213620494123
1371446568957617833 10564922035567330592
2589011057331461651 10213804267812180410
1648230853658751395 4859533346308331820
17629580558992704774 18127051407994943520
11098014341572761781 14110173326497006206
17190591434424059050 18211092075932180115
8330297988813457815 10390344585962627161
5369349891817289722 5433100778863089057
17382240290884378638 18327470275003377151
3919541163326785484 16212575026606667628
5495810415875206340 14388242737881178736
12769717080885096718 13258163141789514892
2104139840036479478 16762817798946828406
12533361357924059218 17875773971054424634
2678757278095636290 4591522154915915519
8600583598081951928 17916125181780894750
11771362050507569985 16718304069282743787
7176963367142789672 15833027206432788683
9696488712172029656 18181053548500784778
10879509759970151844 18117986227327937731
8099944810027084654 14184484396015660633
6070225784465741973 17433144542750204251
14233916483600304834 15010933004912859116
18335555729949855498 18356272106803189494
7808652174259033869 9682447180489770564
2487443773033528693 11151336382729769195
6432093330882585886 14959384648851986224
6314233992955708122 17845655247257513631
9429714117411808495 15100253530741699186
17672011334875787422 17977384930865703952
14860520790129908209 17073371650263403819
16419529322103490124 17849267816252276359
2819153729154502364 4759204529297144038
17642867075109519348 18210349327127348881
10068074688905985763 12168993036332209669
9666003830635159334 13934374475281405524
8057608183462410935 11827720563508754019
18067830118077506803 18417465089050623107
11516464010656486940 12956160018064689815
18153751393046039833 18350596993569018734
4393814305427508590 4856688381522024160
17894522188342826467 18016732566541315742
15838372920034785829 18088034811586568963
810659228913704877 10553617018931940637
960799530607963666 13500765050201456571
12502296271745506597 16239734932528636063
8826074474905410514 11979400753417836336
1806115450586409069 15896948846652948162
15150540253695996476 15389192468946554980
5058006824651988689 7967432749092323639
2401946333362371244 12275562564692177082
2339688021689081771 4168622912849192089
6681830444259851219 17663438243363687955
12803065474047322693 14567391949593451301
13883232327686357467 14410103730296022419
6395558379023963607 16788090860244146327
9287807661420448860 17816400078594261426
3992269508031002765 5594344524486823468
13966047310241124599 14342173687352386631
11738793103968438309 12135660946954450713
5402764609366513318 15866513707682634635
17075632422691940336 17466636814094258503
7541573137693246139 12242092520589654120
499205441394476780 15818705945898086708
15275386601346477340 18065101659467888707
10282337541955382301 14060910343240646406
6136417005157797313 17613433996901600179
14925061212312049274 16293949557404659640
12704788855389301856 15389646226252887317
5679792180634603571 8500095237911450020
4910916215483281861 9604592723426159708
11549504517162116169 12397158509404139499
995788431854191638 4499434031400916659
9887435126822127435 16748472954748222958
13291465411076272606 13632978143060198156
9465840841083885981 13981038364103028677
6588055290462474577 11698935389270775380
2944328236224940525 6023602581457948635
6776532041647859863 8018777380474660174
14452827756644875757 16673405041926028206
18098672682450645174 18371263770154175757
1184438226728068514 4650354971735389050
1011158620472181137 9555269933894705097
9531093695058501081 11247871463543721037
3589314485728026442 6858781535567242281
3706202180828880298 4412345285837934413
15413035123285914519 16239606677878171287
17017685674818392132 18329037292510491632
17484184245764888972 17658114806816316015
1080900859678718205 17111968872855463210
4691571945787155863 13639022377352202733
13577524893452163883 16089946883314393049
12506437670780448548 17647214236505166026
7722815791349063405 10934637855940859838
17205353169249275847 17569837955409641734
12878561689665174085 16236709397756647181
4501239250047800432 12062754471108096003
3998677595475516000 7390556075807029270
15470285882889437159 18076683631058486378
2730910187348275672 14935769713448390624
11789035331788004380 14778516164054604748
2184895718450113923 7242002747997492993
3973876014894208688 6153459449920065450
6040389041174673230 15196859779214455260
3500141614959925885 13041903137056074258
11770661627892883328 12314218984421931238
106413297913667435 645630005014752372
657566002245127545 13930988646486353566
16270099139114882273 16807318756226030797
11936541203518578657 14726009652733994703
18146879498479113971 18205051307345667982
15168584116196282594 15859664863896583456
6961345756827381092 7939229452679567766
7533256680373899063 15340628946526100333
5262459653812437448 7746230332341866514
16887004482238563697 17000584366994886728
2192292457995717515 5161015620252255667
17450218084697596389 17974882987517189395
6159838222974270679 12051578816186165297
17788648735674067073 17867366973927061765
18144484744279121530 18368763217288214506
7690592109883518898 17048261779334434485
15726513071154730271 18159003940913788964
5124646939736547332 11155949937006291771
7713601073251471345 17977954236229827552
7754493300088943416 18009727991292126301
13336626106304066111 14346336618517628599
7658516431150613095 9133194858639445882
13488740933196644277 13925503101557878969
16171406690938546586 17899177935219803135
12573147099102243970 17100249155785180378
1562698075334345506 3360552910691498107
2901227254905061873 7245405865398016386
3378131545268501710 14308134882281825246
5577160716719079757 7450195867908812281
4770141029017581643 10010582981434599999
12922192288676221130 14085965584174647861
17845533874343803362 18207565750274240678
12377767546880561859 17486308956959942645
11775958103273461220 13727132063820046805
4379770921430457060 11625094831996211389
2183216188547653791 7636589480909610406
3196742027536592402 10582176041719091706
8291580829293384697 12865107819472311345
2396403777014765909 13715770648861138270
13258095697358025549 16286614733810700015
15017580744020210998 15524412024519833650
16653069963026391369 17532101260359786876
10859093755789416542 11433016215938036971
3502184779298071508 10012939486768285161
4166884004754791413 15988614150003073014
7378515130863715167 10485512636099779591
2919351721784238254 10736156251803076046
8914450525103059883 9465627168972320950
1485088959605629347 6895982545557113589
11824330485150084900 13084693544689889016
4294629275348375280 13261632364511556441
8727218401358195851 12653687132383257368
10123558675141352495 18436944958306560328
13259755440839497973 13753331220052602983
1167654984531138607 15674852663379457430
4657495771590737937 8503269002374790441
17892789217322208880 18091034757321849265
16883592696814021577 17945541029935877954
5730583190545480825 7403320383607855873
12527081232418994059 18027182967978268317
9638576439205138431 16554751532927279355
1372862704089649736 9009925552827854587
306918915143727907 8438007037463494172
5301273328832924833 7320095763626979638
2103496709174322815 4677857897724277498
3328656261685035427 4488134550377328402
12580979636363084486 15018813974397425338
2813820723080188350 11522430742989626723
3164767069344935349 13491970024697950310
16370872446351425210 17924780718192338336
11461780326609866210 12398584567742935144
1561254852513438628 17078858949379396048
4827775956158877763 15051456330041167598
6821134518820380638 8173615250356689541
9861515178073508953 13145572219122617004
14703869682176675876 17318495960719102663
124234997436469760 7229591655112605293
16772540441959370301 17596925174704538178
8551340590421806234 8963433151282784625
3469205711965809974 6098248927240318212
10118066989467501671 12543343402882164474
729286421066127032 1764135521347675827
15243223875897409073 16888397217183655735
17789921033128532514 18178458543499570525
16482927895832352990 16692960341434084487
13874469450853867362 16546295632580372461
3161342292863487968 17704874286808676416
7333086993298202880 8378185381438941953
14112044044353648825 15339519843575325059
11096822913352162674 17592948142737693668
9894971107168434490 14373192935422382158
1367931568144447316 17927516946783251552
3102847779080947494 8720071705721692734
515118467232678060 1251765028668761936
12950716025014815053 17723143096663852013
5787802499716003289 7443727386442877680
6844989134044406292 14333936468578128693
5006576501003516213 12437895410760386657
3113931172478210558 16201105356020522932
17009928951203814137 17741367297576490447
13708708741354132509 15607130002145139175
12364243657247073234 15783214078228855705
7033182348959063234 14915328104478837941
7595015367719665691 8979697492882517677
17273958882622401690 17754194682177076576
4213204898149618232 8715187162055180340
17883372547529759031 18264762139721356178
493166170033366762 12160287850642794865
157182627646240508 964159090463666380
8431249071893638684 18262832238253464928
7168857788690015029 12752038785742478552
947090019585412831 15894568579680645823
11227939655314034145 12696904861801620201
16623081122591316835 18314405619671436418
7065194077251277814 7735097042184257733
14011277506655179406 14623560519621331920
4843807655141723824 17904695348943763035
10073198965537629080 11368422533301174721
9088337084753226664 16337436190869137372
15682287508500225162 17508444798564113661
10797843904505090532 13129500209905009202
18372643710399740559 18443223039425057921
1764896801064648443 11908028445816660535
17992861622163305020 18201288885269809132
6147103673110381182 7304449267741478273
8906712926456069652 13601003874693411594
11881511713496163068 15762994813954546883
7193838194304684953 8175477891766414485
9091097330677879575 16764391413985977434
18200123256761257816 18346222341012644213
15673604412072635873 18389224498576727484
18118319919590309964 18431544973694010097
5145401215494607872 13885034389635436667
10762732251032831739 16046948025019125753
12526452020297662817 14564055505990674396
11212416188195430510 12231728007576949547
10568174995875717011 16997350064673542097
726305174628607307 3347138088754339655
11030062472831960401 13852699025874581747
3412983458151045449 16095715964840151987
7306379602710053624 15680216343143084494
11702303442119009809 14720594995339482964
12287179427949554727 12876549774194437964
9046651946590317949 18288839480810252030
16369153784059531912 16954139094874458647
4120229832516190792 8472411751935428697
14497379223423236953 14814348877760141335
17991428102144022212 18178669948548228244
14268613640337486272 14350689315681285514
7227503241696615112 9133527387508525988
14397620345319575063 15118053360296175501
10650681444518053069 13397789170296960618
4077997728675076506 5864743712808133968
2466333038609601649 7580168709449402530
15845873246839171389 16805250817963049540
13979547646306635244 14497810714614031116
6020726438449100890 14561603910918588126
5052756864441308751 13430878657760845476
8478674351529312931 17689800627835308261
2138109050009681392 11842714951123593074
5894217516364988282 17600042562566169197
2196153000512979882 13870623466994693494
12168667764753633190 16931613234776676000
13220142581597816115 14728398739874882919
8525343270120619875 17285200672091214154
8860181265213182889 13670796583557284206
10675911633629661540 18184740447910920263
95689421205385702 16335019895132496384
10866536124626124294 11775047062279031976
3140315760254526849 6489810677590155931
11301178687578892778 14373099726949934369
7326152323509392365 12529181196852694430
15737519650489041255 17090931718974248017
11477790996618862728 15464453815495193138
13058258837747850508 17675095556106344333
14669539668574938487 17657526708380892611
4582144701518001014 16609511722609166606
18211331705109481662 18266916628738729767
17239434677912311807 18073302305947413175
4720992405967783685 6296691134367808094
9620987792577276261 14036419512213094290
16908125105397787377 17224055958653789845
16092504989247361978 17644132473679997321
4758658296330887190 10498130427259012335
7797057984089411978 16723907311259236163
7597471912416658972 13837059492881680948
13506561204950887852 14862027152393446443
11669780153744995527 16256827609759930583
10687204849604003486 11125319838409529172
5107243499334151513 7521684487158411410
5237927926023279979 15980367524755553485
7045996804717396549 9310197641617481184
5181832546365773623 7911509887310418530
16898228974448752421 17170298897672234152
13941680983719029495 17518010347007246150
13016486215765446712 17282361846664532249
17929921195844581909 18171341533007443565
1356025956424353677 17798985490598582864
15513670928168485621 16767072215535408812
8487309180593117752 18224217950211141118
4864572144181309381 11710668557449387774
541354906161164738 16117389272557453641
5518675174749792460 10220624415374173045
9329433020952360130 13704557353367805005
3158931716580801592 16825209398920419351
2523266983603046188 11143762185446557085
9366899317643198610 13148474813873801775
13682061756735011561 16088952986030849029
5258919175685492737 7273206233792242852
7631503631248077361 16777991133123265273
12070222230510689390 15136190433711664870
13919752902664503473 15403791538024971796
6430050855847437428 9063327296525885132
14381804390610573780 15024029149737812014
15864520492145085417 16709917975001628787
11561937524585574489 18430180259701108480
12271657570900896313 17970149659447914408
14471455216998757260 17231045561891382930
3912755264355421004 5708994463439121495
12048185513440202417 14342427350768920183
9694769259909048705 12078681831758615262
3187242199496682098 11438221689771759571
7827465814527655947 12669115782781047800
3207548923525535159 5678768704341759809
10791222263171267124 18119633269529135384
119469566544244454 7503745660118546452
13014839465595254504 17917021342543448941
264578395184130869 12634462292724310365
6773695550496968620 14367988382487881553
6649358653261010938 17750313831408180743
2053351610997447880 5495624392819707820
8602504733847189200 11826124276937735436
9046126153049029674 11820052773965704116
10921738755860771868 16925789411024524694
15900617073437746051 17632569063373151995
5718467469258158124 14698090277123796394
2553741910218416882 15946511248443482966
2478085804922819083 10324484161357140684
16742762554728942646 18159698436680907979
9324227359525958050 13751645687533949518
18108757956819541036 18294121199193789678
517921728098975324 798943586970940989
632187531815901410 16263660649675324193
17372605821857771138 17478847086213521394
7376458063861710857 10400362986669111494
12615443254201946572 17638640210742620518
5211123204020795310 16781550640125664596
18104415444422262890 18293085766957908729
4820073446564269665 10038221066669142781
11222732640587558030 17983205434640778276
6177177463126961211 8045741930497600009
14904603505762303875 16443516828245518040
18275311579936433308 18283447763021451528
12501769786796679199 15874619660489652066
7190354461067709346 8717713371312720666
16890177549501834795 17254649211823574356
15617041142137447024 17216733032686001954
14481061389057670871 16785612956414369690
1400408488841456506 9314266059317198473
9480088191868730009 12933949224814387921
8567050159192126028 17597477988240984629
9442902933396813285 17379801644996038485
14614380346879006740 18245107352963781444
2710388797712711908 6139485032363742094
7528409550405295790 17970186047302063531
4128677153001804900 5526607642984591102
14244199042174752592 14290654990497063068
6232002868870496102 11018812196000483156
12149664161982545972 14261621740974965207
6766059429584156897 12656942409233219104
1147625864774424494 12817435285564514973
15311427059496513095 17959558071931372652
17534673347680827216 18337285729396117840
17373322112002517448 18050631777925411315
6981700284801162514 14460683890582580690
5305835907943304178 7885845279300362526
12155759377776774051 13901912856434090705
3785119644854253475 12116324969373144217
17113373788939059267 18098637611961688352
10367285244984199008 12045676234898098602
5455951038861096725 17817360564201502323
15264072325652381438 17763376935871296827
13064534165204016428 14532802089721633597
16713507000320977180 18244350788083495441
11695245493957188335 16653628524827183291
11063421149206323960 13533282900360937945
4877325281472065817 13848377493923827640
13869418522077211660 18035961218948982287
11233260096138892695 14548257792859915991
6751067526736066981 12948512554371032071
4018025833916233476 12256276385001441981
16326382069360614259 16616483826836385035
2299662588262702344 13303526241072698400
15670628537343398471 16480643936645246053
4550050295776735524 6955276757157576789
14031197840946991936 14541012849897253733
7737427614871046324 16810008850240161428
14630221681877235073 17375872221923399830
14837470674137898741 17989918358404991658
17080550266899245000 18444312305039130786
14216729471322766546 14607219605014729995
13737037176033424851 15533041083506823294
7335759133713599849 9495847394816496480
4304742596593478253 17017718163704976287
14669703385971166446 17484695549129930519
13301112867534256045 17687084893402202208
3826283679547714036 5582222955594918404
16260280440358448768 17781410581599736920
8624665196958360578 17755028437509284095
13709060144298695405 14671291867945360025
11415980880994814621 13959765958352244843
14598726875473257783 17296328208907376796
6340779226355115893 13747813141771519300
4049193783296069007 13682212888000918915
2345436680553701120 12625061175207914400
10195728697830764386 13716200870535847366
5944764390537690173 15840486760760983957
3295919957887620113 4198139490118114496
9484632733455889110 15898360112364605913
1277849328304645395 13793984568019807610
13502773281970858970 13735457506842103203
18135765412105210122 18291469526908249969
4337345804627131691 15433599848244344653
3491339952002986516 16894923404767030592
16360844869094995934 17455656355793832433
15392323077112979281 16520066025901719233
12066625293483820627 15770560962349567339
2257768903820568183 13114165147430086128
14002031748269081532 18308016295739842058
968700170611724656 6540312035295378092
2195803083788150885 18426421406691518691
3976280168003204208 14584531682512335774
2895966916974247556 7783234720665736891
3917942951287754234 14226845850853135422
15159621659386791564 16970979580195536170
4298465403690295867 8017788124563531269
4373890466387280861 7630178198967605027
363775346273660545 12548421273818973945
8929128835956814298 13834823669172691631
9189471575474356518 11421129421813191465
14775786084320500200 16529842395477278829
5914949591790271831 14353219430191770883
5304453015103379403 5518689951052192767
1006504246644612828 12453136577113224908
9153346747136286979 10083079345436041475
1892254033921997149 8595181642584206157
11511888677729730822 13383647907047999332
10005930960468305671 16756480775223078122
3558134402605182848 5787708166868934476
9038003163539291414 17712439385678658004
8299070194807310179 16215829419842870349
3081476589327949935 11580608534606007193
11099042846556139338 15554593932388540876
10427335398000479552 17201126860596523788
8328041495437771260 17329667119381531803
7986397170468744276 13034307380657197531
1805691995874537284 5848447108260333479
9183576265746921446 15833071139742701776
1760727731373103179 17816696500998205421
9506685914517141888 9823242932706500150
14843417823101117616 16689816302069702513
16342256015647251388 17439539432889727455
17773280574782055406 17997238725176156596
3505905290714656967 7380013848152332313
1920527855435925099 11491015673552983620
14513372370823413065 17205829038514979296
7559361886348582569 17434109236896716843
8457070833588573425 10046239148220492142
4501077641890951805 7230417116874407927
1141021980014541587 9816884804764877907
3519193889887029042 5121114047237309738
15880901987269515851 18398041400861616578
2390435684640963992 3097109454575438958
2753929138139379968 17567896242112302059
1917488224201725088 11520447294131502528
10300113433887627733 14501021802304526031
5652814510212123656 12936894557022435883
13110723084104553960 17254964506409519250
1392696857766438607 10571652776318297135
10038928927341447358 17722103776569460565
6861886221068848495 10796474159268490785
3066814713494817680 12711821010563989179
16578878594607880890 18277572406586169441
10310199533947320742 17617871893679330645
10676681072072459644 16470029399770181371
6165485877064695652 11393834784327142088
8040402979861659553 13887835526881236618
2518212484606674600 6510543646461742501
5399436575595735121 9809223481976535349
11412601813220290833 15531027337795395511
8684314689463769421 9924203172542560875
2848997115080635365 18376602864549951752
13765923450279559306 15950978536386566866
18193467500216810229 18242478524560927654
3449474832292217284 5683209795979949715
13213262189913097878 13620563863979926103
7483064394190790136 16062238491350849046
12805167628802846998 17368393387576701994
13578713598869485390 16962062822180049068
6565744802120091360 9299756600942603139
779473214191685244 2785043406954203084
391640902469623884 17507513915709796433
18058393652554113127 18213969181062550000
1064003019305143080 9209566485422605904
7730048454511265809 16114308672784334925
8211178835787481721 12646938019205645012
14483152274548848037 16972765151592425398
12846873263652857270 16588778011647700326
14818019741528481656 15507475498022529035
17556864336832032595 17589951233272560067
9741665533216418548 10511389148082758982
13021629858143007864 14057344251902375279
1801861898370865242 10804183666919754547
5933865080617677070 17505339674792643770
13415459693668258593 16212989261739266356
13723803035781163572 18204680486568034337
4948578918353350278 11608114184651039801
14225237324623838031 15446308102592734459
1913968453588557429 7861331655441957873
11256711349046845645 15474694391191840502
222476751716518972 567614250337660245
7372098090952083326 13382089580347524331
8761168387700783710 12768800409307708717
4957915307176961704 12311806955644776437
14990308063509349501 17978226742371669660
9861949384889046756 11850440487900684247
9817199919616336798 17736350245285731378
9256693470168195243 16497269281074276579
12423188001255442877 17108142319650128635
15755646826176719629 17160915805548548493
14324238247891004636 15015477189249709146
8395132769138917386 9797349457502408916
17116312043275810827 17773004632000895366
10741121209676541387 10870072158774766002
12262477599633305182 15557321360666548865
10794680638868828681 15265110802864994133
4270169736731456528 4777720213150207735
15817868477962942217 16477189188101121223
2580168565740022683 8369474428840359273
10934316235792223244 18402996479595562878
9148295823258156128 13100509362437506771
15342303056400762834 17910438535603743046
5360458007644425024 18044322686051898137
10199335072247854570 15164002812168994807
14429145502926929243 14517733710540289895
16969632457481088691 17325572918348999473
13009807074537511638 13567049418430108498
14277352614788930967 14748244122438034016
9047943332003808744 16602786721616603334
13480649075664208557 13987752219466440541
9091092532205575728 11099470233767297704
2286813490401470063 13228644662041469991
156326187487069170 4971569051703013226
13422737729098596646 16734941979560138514
12450641615603386318 13492490085170197921
3324070761955192689 16230704886233577530
16599296872506022963 17203587454721997783
5760553456270377988 7504344714158784189
11254552475466973186 17738097704801977820
15974198902449617998 16523755166185432542
17941452521039433132 18252251334101718131
8497449222430878590 13865387285640234994
1619103680101763619 8112734772777725169
5460322679603011196 16563420505743554531
11221867827210523556 17069846952296098055
4973694065839343032 5297367807456026833
9361680974485245887 15115702689892840630
2042877514623016426 10122259655536247735
4339168320263183474 13429308460680683815
18282389401516343682 18392380758122631564
4022781810879244426 13056541510098425201
11926311379112814889 12390308625489264762
8559074757191605694 16393941642642838849
8438861079025963842 12108682052712765323
992920910933008104 18159449110437139823
4458198394482570114 14698711664351488489
2671950531433689939 12237781780192600805
14238805944723881800 14516864504492060392
13272770606147578188 14030923028149188202
380565481937272402 8753765772598636828
4395197354873439089 12352021560654817776
8541056212993926973 9465826207745927689
12402051405934810827 13034728781967689067
3333029713168116753 10915069699436224847
11064478833649480556 11084930674039015327
15469873788295696778 16999854814642000412
14805038897921941890 14861489589010545574
1411422969379544544 14382251965740499432
4211488778277766598 18413924765819171061
4922619419378352320 18308159566995053658
3011714354618182154 4125188927946331212
4095875519392636854 17069931979770700123
12795243764956062030 18268658605507697822
12920649483791407086 16580252124043824673
17741753403595984775 18274656438936717116
14103810604513063368 18305676333540431518
6644155949844164779 9512749455624655246
342097282455562212 8026895188365792213
2130025566316751461 9474674342087354998
8848752374731606808 16902325158701424784
18264706530270736195 18420263369326624908
17442346219419745342 18181433828134495934
8926015581833754709 10160298756285094028
10740386029440482321 14452852646954178992
6398585184108177811 14272476752403138036
17832806391621932419 18056101688179914575
2775670181903074137 5973874271708105089
12466902051519000088 16116900306728652898
13652642983093137774 16944572421321704155
7332310489893279586 15037937338598022283
7083319165393928721 16664377403958326892
1227212304339318153 13336196743652522181
4662702075881347902 10041078557034107908
13999228077327723245 16023355608165581924
1545354432941203451 15941647543531775882
7903556060420961001 11766894967624697440
9874123113048910795 12984699518881954825
8765670708114759006 14084554937464114083
2280743249761848314 15131719270887474576
447884862879378127 14321909577329253534
6487210582783627865 9864166767098344913
21015799063870460 13530319611928390248
7112414766385403507 12085455428302786232
11698665611440128802 16415666394047957677
600486422460068097 3877938033556284273
6097429638157933537 16655116873861567350
15092715280994582391 15176959715983599074
319712790645862128 10573263970529253321
3043783922038532745 12568840934172838037
13827972297352244668 17096469151188502963
17556542446514534458 17717221245864447305
10900541429684245712 14374023583620576207
11237391075248344225 13267625551226718092
6844137231301686294 9510120015852494044
4516323723919523522 18105798690587917215
14306447225123647204 17171778521226790525
4189184076463268376 14021197855588410268
17316202650609285156 17750851062751986349
4109469342322094021 6091148515853809811
16485886485961980684 17484441950409524040
18365601924187664124 18444457043691415394
17681851559530752464 17913503205850248584
387823916759035940 7403933142488037570
9625270210701271116 13016645736544995269
4384499368655251432 11997484025406468816
16739161584835192019 17746655569433274274
4485543472237487481 14668539872584597679
9011900088046227533 10866189653260716310
766953779925681355 16110821348121006563
15131351277074427506 18173217582775136500
7417588498317066186 10952056225421971832
11523709742835949942 16611795526252973084
18322390934951578137 18427361438080315467
13421724081875044920 15337659198855405289
15813002984618222806 15853233294651347179
12996591381789710166 17871082066754351490
10667847014193421394 17016504517577407443
7452065866377632617 16387312637020754297
12518749366889506990 16440632851836515803
9638886077724366584 9949563751685330859
18446398760848917241 18446526832762620031
231351401553606758 16682761663811102479
9237364825663731254 14090786358194954534
8416782558692658069 11483890044087774020
3250298339717549295 14189835073357660638
7547068083074266793 9242620766622522785
7485997676319030840 10838004168346460268
4897900801689156124 18005929000625475901
16420270784576968636 16985390650790050444
13411613260598229422 15087971724816945397
9213009855102558104 11566665186496514616
14126466568395725564 15189948753380105311
4322368450176449298 12689368149186639095
17990893372689271342 18442285481391017472
10492850471600790035 12738963126264869330
4332792052566901770 16527841326860945363
14437788658508774993 17842590658109203995
9926036575086418977 13710956675794013208
12799024992666543588 14619770642672634897
902856404166550553 17692535662693560172
4667991659000084410 14082789062374768135
18087428059547484654 18213923660110292573
8547850460852170097 10841290369788340579
3255243133671973418 17234058132454801182
13095622536800317826 15288078330931098038
15658999216684038828 18016598991341903183
16993886740697351514 18408422055518374181
8833990746251394491 16041741664552845586
7294195753405579055 8614605699289804904
9666060737314682563 9707189805570375090
6294282127600306338 10132073013309420052
8331789141169220209 15940472724727308282
12367110898170710527 17973885907638817418
9514883910569193394 14756336959768022952
15386137314679934850 16330698426005907041
2359023499842598738 15402431681807147135
11384472289244862160 18423827245230619267
4438519133442663004 4688412994841553725
15503746233353054722 16560646775330052271
11728439320446588424 15065142397437432706
7368519331192800895 16717447216122852616
6322281063622363451 12121752497281291492
9464016146081493137 14667652379976293235
7187798017142277570 8559338817389396193
2718004430014222553 4464088899665109497
13184835877524140165 15598944485374243694
6443492728997028878 10732390857526717130
18368857440628363469 18383886882797726435
16752034396242099524 18272948360339244966
17169125680192861788 18330406519819485463
13700335812884066023 14989045573508889185
1863452829036990418 15286566277219771618
3702034327572559382 7663155117237674184
7553476648234423482 17895919238600707346
13257509479865718955 17390180435503721599
13928189879669982879 16358347958394367463
11662829559798414528 12123742535062310490
1369960554162376268 10114718080867938949
16413688586452492377 17538938683112979545
8397466437579774369 11125866031391355830
17008618489489893384 17481949123263897994
12357593011543166857 17008973017601450477
13223560338532119171 15479814846033227390
3705564007328509745 9189486195456219891
3363971255999062391 8075121308930520439
3540514916011530257 12540414830188518306
13164923468614820610 13492898290055184973
13093572344387473975 16563769378029518358
11413133905633422924 11511052492973974237
15448661549185801840 17904167792211303057
3367154747955320584 9717329879548777898
15287277096673136287 18326740344826139352
12238410924044572868 17897214449887690774
15507373573565304052 18174535682988281065
14037964418565080819 16750428138262731091
9521068518136973225 11126320258389963570
7019146940964655406 16314235066300036854
15251052236569837556 15893222651790943665
5267092326839058475 17455668422745587040
10434653612956491738 16297146051311114655
18240047436966358595 18273339342913940221
6273293446460208986 17320928077293789965
11835698769992039817 15178217627322805072
6374569543677939219 14686234378275244501
8802928910382186691 18419630500485582130
7999000546220495845 11801231067688420171
2120532448770365828 14189214900667594098
2627071319759373655 12608429383169007024
1314279258751872995 10334296230905024331
12934691701426270563 16889807824165426416
4277857670955569132 6062801888179003151
9346416346402622189 10168117609771722494
2559533884325117626 16684510003633427433
154487404089040542 6668269484771248378
5277072719035456387 14625380934696701596
16222969562285628676 18127443399695232506
10259879724916700957 15529048001262837032
9776752901311635838 17172666491635695873
15168737976603603257 18176186671080656001
17049388221493579855 18049240377248294554
2459032934919540577 8441762872589656216
16030435767420357266 17363031697190886933
852961085671493692 18158473649250956380
4101814869152173079 18192584692485624594
2922230808545071510 17079662157238746314
12100681178666347741 15884650405675094229
10040467986533293381 15329209782375272823
7256616199683976874 9151759304894132345
5672465705817234906 8560830138871431714
1148747896801036160 16389853116586332699
15072912509997775491 15170503738024656134
17863326576423407183 18407682738046394973
11020587407092151823 17981684786873252350
13956365445768145461 16713038392739861888
1283759318776333369 1389643005960437682
16460974601112135330 17107386637379115373
13016276675308227001 13615434462767110343
6972416973755622482 16069361721040523641
9483698166682460657 18097113410645933114
15239771995005353081 16514034580301160143
16101021536687653453 16818853073138836526
11534389149949291914 13494514929546502893
462905786715405230 1372672381795053890
10964019215302179902 15653850701816126467
4465689546611761494 8718576851207531402
7465357671925731997 14237445759841102414
4326986310496861927 6341718211244372304
10238326406738052853 10947760349258048056
17895941264667725264 18388793116213216147
8237315237273396731 9770268922523517965
4105962882555994117 13267761460978049910
11425275093080576380 15880334843915065831
10111659586069175542 12844349905135920761
13316483634236751253 13834732417672272013
18029513949395364887 18051340285504471322
4606278579895389107 12789411236507223201
17466936967715520439 18020280165162024469
16183974690405246279 17400179276978738735
10801889305986021771 17316570360880576834
2313474765107668481 15475259639031550936
9270020242774169329 11936038862383845596
17100565615233558073 17658834351329530727
11026888014859738907 15261646462787506842
227078247964899042 17842710476993743988
16557818740615621335 16722270536024690292
1743828489877534320 17090867007384710497
17448693426767417876 18443424994025722094
4450259384368997306 11623469031567304008
2972254148083277707 17992940387410905783
617223154003893342 4921995248030299594
15460129630921412067 15913620816535585965
7635571487501864398 11959805428282862409
2185086115916314542 14932851283612135500
11776001149588572777 12949934920410284732
13348770284239948114 15737713778631607572
4437121586587145827 8684146608600198308
2377956147913095032 11306032286948364500
1814829103872204025 11126371732975493764
2728055610992134965 8984742532002380335
9423010492787982356 11026238861061185132
12849359276791712728 18082967006358619406
17634551799469652699 17921831556156725571
1897109648032959522 9179621437078223927
11264671131073428703 14527526272763350050
15505326178519588770 15707835934394725750
3483602048013238771 16771093405927443498
9621760097167990999 15014868881009163898
17384727007345323352 17674165015413715220
12886978212930874003 15615107327070388903
8566372312024783445 11565001576078915995
5016679962267272236 7089022921863419746
2132189862013340916 14786180680615061170
3103856227274247500 13200176489422567641
16229833876070948273 17270950315172147684
9224338500927067005 10719061605085171226
11648641630139108098 16358692716198780457
5904043193919908986 14986749006078386544
13125475983011751115 13488737141694014899
1974599501015856196 15283899310023767150
14716879382555322714 16707036306624941469
9124597283705614991 14948422071985336041
2454662117170150402 8203313582892293700
11871424055093689948 14866228977014088308
12739609117901791191 17100210568891272490
15168887481624260938 15316615055561732045
8354911832216901988 16821655210659059543
6836664886796472045 12770649074180821878
12851908246058160793 14734446789689609203
10472688174771987120 15647788406486822799
16865155474203932586 16955286966906005611
14002658848175541510 18384915929858642654
11340090047346806498 17782003066864844211
14944639088552652770 17940966950723688596
10891841680499943695 16356754619752020156
63835491509856164 16127802391282381001
7438973239074119771 15186080647913824722
16636199991065879793 16711511510465082457
14639392495651388135 16562054473436617555
4204680105967910212 13973562606198052640
16636080254045506004 17939395820136403236
5192033766280875739 15948197554250533820
6878514090050299473 12606604541266907627
6547566279114316363 17282177659629213188
11079014961941092921 16481353525680350549
18251161527035440467 18293132228065810174
13737745065362353648 18002034642513320773
7916057697276638591 9513525304755825247
2377641293198521062 2434590035792611101
5608187318816073251 16165763858604075392
4428846917898865743 8288511476694194251
9296151371689975801 12022920136975045306
371646271699769726 16254004446865276743
11338760146724253119 17493872193461754846
1747055166706721023 14265986791280950166
7502922429831632399 16650184003057278258
8670914827155074727 10157918659774336708
14106346847318541676 14330624993211179858
6772398810178058709 8150474275867458016
5151034535150906367 5484731145400926747
1721767651883168469 12283110092404646846
8530256208107397004 17947661139206298079
11297618456375225233 15256562676953610580
13730001084695708052 17116716740987782202
13820981122301999115 14120235818588925994
15527202001005239634 16931818774033492554
2081902731214464840 15445591809188376545
7606282381123466282 10070255181040479735
14633108330571531952 15577975014781857450
2540076535928588296 4926605258311355071
12587161676732845642 14090655008069750431
9399133033335573452 16866681944906881932
5514398319949526889 5946266858369414510
12689405190110461962 13305568999580399444
6760591805902741281 18392399207850712601
6755364114531481989 17848257967253647463
3466468036256658255 11817497667837757114
10717174133880897253 14433981702629344829
2965724547795288857 8556619558054648714
9533665810767674254 15203479133192022379
15264010926601929942 18015296543435776689
6044950531620523981 8224786106306069384
5977365305853371900 11577576302337676213
16636363923985800246 17437805766885758475
10250678561977344967 11691622862982807461
4499768709317283158 18015399943321172060
11332751534383439079 17466227801407989528
9693336447310166914 12456169782807929369
1657393159985593561 9574869856273075616
8070984094719298758 14158634811948454277
13653614118890703103 16495067137235960148
534542963542240199 12936209801102053518
8822938284776630271 9376774633601222246
10476657503044140032 18170019838427696437
4231526069617132203 12881423427172702175
10211598499262008104 12198208753770370334
11146163584309082203 11192638824210544603
4567606148980703606 10359768121343273681
2354025830846287541 5350370585060066986
3097845760855625537 5599933834719989029
15591075598222768165 18027042049089639740
12050867190067291702 14391553079309121270
8293473033719116888 12500959379585603301
280054858032066914 13279397005053056668
16637055298446710694 16665030839471352960
13836302715595929312 15870751330993386337
6357186933877245927 10866142432588300448
4481061739894229122 10746853531704157337
1479633376426074741 4017991526907815067
11036255115771017184 14567016690831370830
1846289911104175299 7917273530451811350
2650021109243794668 15429587790440917258
17642388450175454750 17915778546048737988
4531125493146564947 12702951341017553434
14879372621241193791 16628651333127598969
3373187495384717883 8899582766863416531
17675256032699416435 17744425282040522875
12897678616843620117 13244308684983935860
2361857794888482505 6603935668522168473
4744521301880134957 15768144504411089881
14539680337754169545 15023837952536662363
12318801369452932958 18164304098373432298
16330775682039444002 16354008170197210499
13640365946733388474 14882913289124321773
14891132610603028386 15737616740365325655
12201211047939397690 16643839360077564035
10129895479254522511 11387250662145067608
12531443294464008435 13338440678884044723
12919692293972817430 13472739692090011719
4994823228556745506 10531646216782970375
1384081861540070815 7396423634613592318
4133230784986107835 18097649866133818097
985750801131428532 4788613512015155433
12895739034720901237 16600768473013469752
2028211875147871906 12486208105534619762
13043178718956382995 16457106234417693638
1352582213448012618 14726858264719363480
1503237853131678897 5755417054411530235
4389539192714739419 5414448045099910984
2853530505639110914 14328038047881896914
13777235426648307612 14556665123286172493
8944661601624366197 11860634160865591008
3209596195907506136 16362489359267990348
18379943786731697549 18404404004810316063
5441546818421384418 11028087460235467182
14433426121370912888 17593462829004585059
5233847001864980447 10665699801834742685
5205363033064340209 16571490070301885644
681633590434682828 1824813909734379029
4633327161670287517 10533784899075332719
2331512840537289350 3583996149023827192
51814000468134797 14230995262258920288
5172360629671659265 16704096857132441339
5045269766870988981 16895925481555544095
12521359153025604089 17100951875244051055
5347791410723755998 16267619346130574664
8168274400480929145 12466573743132934780
11914297191794435078 16179467680125069247
9046646229126925751 14285721250562591664
16981582781657776351 17658728784604301457
1552228639433049396 12194551889285273267
8215516531582628880 18073100094070409472
7581500938791702758 10784085720438948319
5916142411277262169 12309847888321677391
16286566085660250783 16887367397118671597
11626496530895478522 16123399947659427593
15722409645515411338 17857690067433590726
9952974770223902479 15263770440626658513
14834479370812738736 17626441350506217397
9803856124838369708 15069486282171529006
6861996052214115260 9943196133604200824
2121184888498566513 10248545331868061548
9285016983307913601 17479332727409642192
3771546415766543174 14159050044221599057
14251113938970433175 15710045287256784325
15584170575001432841 17812529357200997469
2273425523352128484 2638846468440222819
13326930098724461896 15785281093518252272
3297111118901320840 12592596090999741937
10420980040443162631 18344623325219509436
2924336237986247473 17755737648601375077
9970724214313456669 14684437363129441842
1052246776935353269 14972891407728646519
15089489502014052961 17833216941865157978
10232287242658167647 10271324426259551413
259123831578991689 9283687196639633915
15588506292741533121 17677030338348763448
6686105696660466600 14642360326665717222
12531376537042505662 18125019019787673021
643830348416711499 3757607970441919936
11800625489479049053 15443633273957404513
16368163675190807332 17331798231493687900
6319144622016905701 10159901985343166640
14571307484692297676 18150818905139086201
9498592336573431463 13769226020636733946
1070820058514983578 5330214976436175099
1302223071052190720 8868125038086358507
6683292162712353045 14765488097712301091
7303554498415953940 13897259556606264914
12569902389835576188 17729331096570796941
18049896662917151726 18060458042857204952
17377319806270622919 17925108731075916410
9638741845219303408 9688675015827730033
16969589070569543358 17185907195917660545
11794459860489568370 14934600748022468606
16436872608127793517 16670378616166255128
8139431358471639962 17063066636015036274
6641169415230136705 11516966061438147368
12479188735438801488 15104319817359917872
6340581775996070309 12380574426825710214
4148772466512913843 7326389105915254420
8704870672400997695 11169760970238545371
4257989494822288655 8649969519873791254
9605894443594252026 10698280755424079887
11312056590525247058 16176550670262903745
10128334420598509921 17422054026653862996
414981532020491369 4091986530582841114
10815251031336303702 18153681744700276415
3618344146012103780 5161396806105217157
10817027690269680013 12218341731919087683
14997826706988130834 17478620106786002994
6859252450508395120 15596527912887916965
15114959947319033250 16811606839022283681
13630683297027613437 15822970293831702369
9418512842449894217 12574765723653976471
4929259623265234555 9283138992835981178
11048628132480072475 12539735569300024479
7027288412158391427 10661736243862368917
14459655040067999222 16076219661904027414
12625318251877956978 15284948532542887093
13738256562775763455 15309123260854982844
14991416765094406664 16800757085169064215
7282354821960580473 16054395205172230214
2221144897724981545 16081802655218927283
1751648799461469472 9742922333115176283
12889313100999197263 13557306838581060823
9582852147256608464 13550135796368920601
8981352423607586620 12794828451671443720
1813124952508477616 5237739218620621249
3446281075006003729 5026542351036402730
607642369113195467 13781051429434545797
5535875479135173555 13385332946904143974
2005102001719932368 9872002656476408211
14205052271139350471 17680067217085856577
16211964523128079975 16716302767965424424
12617987330451009403 13969614823926365923
16134007871373833260 16381448985649823714
8488316295883937346 13745340755692843401
6638221422511086170 17212307928857068756
1804522300961299751 4392923806283206944
15113965777935989889 17981201076420666797
5755276159782489704 13690285707577948323
7765139654031952648 8089810149628681599
11688400676810876083 17049317902260918131
10581394958829248587 17940960715283132096
4560289810541259550 9674189133153500488
14494058336263889718 17499679585087655360
17861934067127628001 17970886721959195818
14904566371609496969 16723072460212787104
17405279454335278315 17766809383970267203
8172294574784811572 17575838246628391128
5254814163647127915 16718426718738372547
7525492745405282321 15166613572020590299
15138069311134078269 15541820592862718677
141596761568212683 3474021248615943461
16571240442268488612 17938864155783921227
12068079283593849881 17029498616881177905
9086912163139138217 18306080182468888371
11308882802879879456 15199954291412002310
10343096368899912456 10762334200471710666
7928333294556959384 16857376578211223852
11438557673834744477 18224370535434698922
11657840712444100160 17747012905277332195
8228842742886929201 9403660403785683231
16112553189606840095 16892454180616289947
17921854452414449162 18140643520987486740
891067386325111024 4030301390746510306
14545910711057647659 14913251555110527623
16195834831692310255 16739899359518913661
10956691541641426997 17886876858082429818
9516524045287399629 16265779306561019070
1591699817489918316 11031380264192692474
14301579918082158319 15870291911363548469
6000108868962435622 6672142505780375187
10409782969705019896 13999123749680644464
6116891485075457669 16678604104136299400
2746819158729212445 10149295302862653812
2834223951788399844 3594615722199080799
12795961571939362143 12985457159232221852
17690417857706427222 17887301883902625043
15177631640678685311 16266815249699707548
17390770796596402693 17668754011339978179
5530046150126355070 18169745139814953285
923348667913195669 14965374433340704329
6723490149824252348 16576321045958098975
2509233181842555888 11540334897599579110
3926220546599761439 17657282822261242757
13283889699952795088 13435270289508757767
203505826250005237 4599641383003538974
3946985557479758675 9902842390365431608
5806835006347140827 13102587460254523160
4467295459662580827 13439748279038829419
3966755006884293629 7760338499536221928
5199673097036344700 7179116762507910949
1178974043390013462 15850036897886827250
4035395902121335898 14893089946877756432
5771830991642431885 6400201385641776196
3344488363278497592 7725124922076193182
473743407300399776 17378340351071228006
3396774523908895797 15490995142279783709
5858881562168152577 5994620801865088019
18339633118092377533 18413562763617695063
10071305615026715075 10328959811205302606
9208091151659961246 9737706979900227353
2821095484395500662 17484513990256132345
12892850205429142034 14212929883234957300
15706842687261956721 16491004441782016458
16309295900828391665 16769076172295862949
4023131468825285013 12215593779278225232
11697381516063914370 17568109579286231842
9562244179952632097 12149492999067211849
15840364992662739748 18124144673780998815
9499540133379654267 9628847544394285798
450791110218790674 15771779972086119421
470535634828497662 688748027812103826
2016420354773799170 17022057318749323319
15864957449193876416 16874584577879380264
15761918955334257493 15776883408308466091
18416175398970379040 18422191422785924572
10970544441190124828 15759855240650722597
4862431416127882626 9136270377658169238
7426262585517235051 12666715858223444579
2742206986819051814 17616525313359116863
5097180366347037988 10300949294585141329
15312366585908558839 15588466609396479852
6401091430352380365 9326779865048879678
7301997416939036256 16913486398286129807
18161439466745797986 18301850031245209569
2173415741101872902 17972374712502384408
8829961932012963844 18172240684271570186
4644265360783544606 10805766930418359658
4522706487021021269 14873401008237671592
3611342120731214557 11219472173866568236
8239190449934516427 13840019973157373075
880209569372106510 16722250216350004322
9883329410016349422 13533885428724956902
5937157469146810138 13729375152709035181
10642182452440082770 16828017330821791127
7995786354007122723 10395547619403916865
356918238423576259 4024079208154341528
2647980456535863105 17403162753007961567
2277000311133578406 13573770902844956315
9897832468597461909 16202255771689817789
16206942486795592608 16500290772857077697
16863870440662829836 18399097452428998877
6374753271445563372 17256813984689795362
3165229648446492380 15140537516474659264
13207891124535258971 14149126077463968171
13851626458051945697 15394861995734106594
4548387161757772458 7773807497378883204
7828226785797208824 8094400442296984467
4855546404250250399 12063424890642250163
3055825922533287749 15300617731311071961
11944562581121253578 17058458542668783596
2914522500763147475 8176493166009008299
7384541518059586853 11464199522505901962
298113148649021339 1485688036596620400
11075603448566737664 13968211311333216230
12153198589703561219 13686742751243291250
10327079693466965243 13186481902676834206
216982507590351621 13955880381424428377
7263274348656907662 16901391531119204686
4406852317510695294 8628327679631620261
14546932735381392787 17150736686702012354
4829992650534438620 9167751632383599729
16528072789352553672 16843921602113533588
11261543518124744043 15197553455584764817
14220749575514752574 14950035538680580996
17213875395161217083 17673572369608261892
9790767887999221388 16661839733910558122
6896611612003343508 9328821476794442581
5787431815411590249 6216365888529399338
3363723424568218034 17753822357515898579
1896021593732873880 16081748236999115813
4117415789430297748 9592616956493228156
14372751290726964883 16627878756256922718
352076469866802848 16353103516917804012
7094026824215191426 8133145279912988592
4650781495559651145 7189211584707856665
1547505315841474676 5909409024491941717
5644582871707008075 8002581065620335278
1361649657701134672 11656004543967722909
15183574331826977299 18231148058781791868
1723052936845874460 14044522230566937152
13441372192209409761 18236098317169453489
1563738550628331562 16766765359006648044
11538143973371171001 18276063903597582682
2608382396139004007 3000315468144896836
9116680784952578178 15444884204714458860
18210856985193957045 18246149764228836224
15537576157093529734 17076948635235935651
14517207774132889032 14817925582485410796
9897385420677134197 12831223628834450782
17555747008063886679 17965860102102077272
10483155550931319772 16261820273711564425
8517753427368194234 10772434624041638992
15642523710017003847 17996952854422324529
9406714286404793867 15290284215217511612
4286416428991425041 15308328996017295125
8208978645798483700 10378976740154619910
7366671373643822459 15079965282361999546
18184652307883820851 18281567114358634412
10943918455435622476 12023558841207765839
838947420328058348 18333610508455073379
3434144564497943011 13638526152458849472
5850480319913416535 5857059983605499161
7659215256591311902 8132593628037546778
4839510355176720415 8972683295500869051
8195554035307264516 14941311688123795944
8070431275473972804 13054991071979559849
3188174608838974219 16456516272391520654
5379661070202255817 15477223048368766914
10517961196379363854 16525141733948652484
9287039460024018812 12922381474783775426
16991967715806427338 16994709110813147412
5152228813643062852 9055441446094432597
10524110482399181820 16842105236960016906
8009536976177276955 11833861454730565137
9595030196383290354 10593025076672156021
6748587267302089948 16587715145207716045
6528630426478257493 8352291882068975877
2654000297318917345 4481986112184990736
10649459292197216478 17253772024468159864
14352393570673204479 17507119777590090178
18383460102356207829 18406307014873916381
9443251496871990379 10130250656772236102
11631424739300422084 14228035747266965637
18232381744429296653 18383694470970902347
14982378707214791938 17321778988243086216
4090899851313221577 17362810104209217131
8258992751647653887 14799053096213756442
2300017703964556592 8927483079340999428
12950277741500678947 15265773768615538906
10652572074119397943 15483703843030379086
15699400057902179895 17817987827585292030
2663130592087839640 8333713113355738458
9426554421883588078 15730753859213943701
12983291651785227374 13517194965409232157
11307591896801952590 14610111996446332924
10509946227229466103 12257510427743925056
11779588581576138469 16423569432201218498
16838771686576370659 17716418473126952407
10733573666020741628 15182152056248742797
4810922406258917943 13015750997841866269
10439013106040131796 15615690594280683498
13268386770737744386 13340782102367549604
6018010948810301815 14432367098575954562
12834953570299799351 17915269400659498086
9987431752218977133 13826408013667777952
697897575322786269 10907259841318350223
17477428337931308927 17757112712440138125
13834092929946493171 14410451470136956449
9533218419420005019 15814353889091654905
6868975910102905227 11246854952893667208
4992292846689925386 14420446965268348815
17411070672108372764 18022184970869114375
3602011142587227320 4022707539430601240
1337668831153771182 15240109914356502523
11370977224880431008 18129921528357103290
15534133319338590605 16103396282311136736
7272351394027251491 14291044861723471846
14177643732091529900 16181453770011713353
5477068966318053414 16710436106632152801
16029413250703757805 17497795946484655526
4455219376126715915 15925360303551042557
13840861422305114707 17806594834610352048
12426362995097286213 15806240376963809657
14898780448830353567 17627364403051206252
17495220007971147046 18084059514071760411
16987088582272557678 18132234868013343978
17485671395617072513 18426932036614464121
3911259814694861507 6673274539990267071
5693994224932666048 10204020987559712230
6850248860480661592 12801348481189761866
14715303894824137018 18217529846802814422
14230915307674749780 17737311671206274045
15956301572089586482 17734237537416314132
1629351493542858706 17816203687515223261
59365333003640714 5650064953595008924
435333227798396711 6636085801727172271
18425860965216433798 18427355156675170462
7234890600696541709 17158410572924284987
835488735225779896 14849697080648035196
13835188645996569523 17268477181054927012
6333202072747448051 7315047740200095761
7270421367575318393 16682760166286717159
15003840581493953234 17259106319254898135
8969073513390566604 13722111753452564749
9070900882244829140 18340981499904446248
1123574662275986541 9780250658347194117
11239573759241795916 11878593674571037048
11270823043542122711 18373353157050885782
1605344001491033465 2995678712517163564
12544912053004762380 14847529849364075157
9899408794246710743 17281846047562456738
3452618588080473968 9527239869261125354
16867738923030495367 18018696112291967975
11308521857659668494 16086179248823232490
8232380345253821160 16161107088063228281
14590270507842924337 15202311250919966353
3113221001114887954 14882227778549103605
4978304504026248872 14670644555831797759
17682438165063648393 17806148189368232355
7332254281861467601 17607253802228045691
6354432952226713403 15547312600992220925
14020333764552162635 18292053960301984061
5480192847713281313 7430941908350006489
11179648480044393150 13656779779848102370
2616116320717233526 4442327687041883955
9475748321274609599 15953998687900876642
14013779892092808743 17298917601050777505
8120768024039666164 11356146005065039603
432385300068003943 18333853076481759444
2617129277643573832 16663115449916010614
1665022201465833745 7154328024646141840
8629220666841993355 12994517649222298637
3366562361489549156 5755305025785700251
8310210759275131909 12450861563028020925
7867017075049889324 18007197116350917316
1812242735623534807 2619612284446772305
11242142566861991925 16575624068117829366
15568382383751955166 17591074157889376939
8334932607961875844 12749094594540984222
9262018263975371299 10117399859930954040
11166306175929402842 16039345253397231603
11368484571185683075 12399282063234001439
13040062855929170762 17362323975493648537
591913508808235036 2480978512565997426
724208650119130365 12752387555400565676
10105291565680623529 13346437323437070686
3274087201496367958 12349546732866433071
192591132368058758 1117641846210408266
5142779828300456159 12942190054820415195
10660322342697586178 12320104512974659816
597460527638193631 936496116813273489
5646881526017919080 8886125113714978653
14398111725889458971 15732071136743723532
7355963345014927860 13483251922409498522
17770574789758532083 18095535883363671366
135606512458462835 1509118149273155232
2526051891188615012 12537184247790122192
7794900296907916586 13129527259393168577
7518635491574341520 10246343660347665930
14180190206949068101 16226638427329548853
8986611994073067272 14033365846162775542
11427375021847446884 13119982756384030845
6624943225761540406 11976018530572113540
16575503323691447675 16661422605287329258
11462566837994969329 12252709294941411732
11625816028566238826 13287137148229210895
1437499107033110690 1812303330370594372
11078202864457088930 13080993841146651125
18334621014281752525 18366987273968573106
13328609780675155688 17607604527271605359
7612751463361396196 18135326762001861214
16128586161718557637 16779771953776600858
8297202435417280420 13704903980635481864
791859997193292042 14351021845941273452
4464229890148801992 12772663978277859967
2774589300541112644 9623359633028751454
987224535424785310 1399208658338403551
4270205615874731237 7669962077349158695
10520341648542158336 15597541834537005896
12881032855801750596 16079943212939968916
17820353219095066479 18207730732267272477
13154984070666042285 14279414439879306356
5809794466603436064 9364281084517798838
4707346010043561775 6757927798216756037
14446336406484704456 17355325311127496976
13302086805707685747 17246909650099278131
12863476068107055756 16383109220734353675
14371109887427910546 17979955892314624730
1410941945384883449 14547968608642298469
12026153861501248148 14744027214850508115
17153888828441509093 18341835018694531976
1900293869369234205 17209602093379897454
6692825497726009728 11778324988844151064
7597163784274542133 17150453445480296656
12360612683621433121 18278289896924891407
9360764409444675884 13701876512189096547
4669872642073459965 16384951491094328597
12454688351345451810 16445432201693165310
15528048306868321729 17305506762500599026
12481562490548017811 16830420837268105419
11599967949977616578 13820135493999410177
8584013070155410056 18017625436398824941
6383871372867702616 14002097202550776879
11161301180295568820 12501292047923096650
10547401781840613908 14152160418723693498
7252503609068530902 11694759857041822985
11053009764488407790 14038981106535803870
7064062706702279022 15703324851503560045
3241828215914284674 3808587074692547395
16523933531609205371 17214332556817719724
9858752712501484850 12804565530998839095
15094456050179397877 15506374486036957947
18091990513825593138 18154218670788001999
14508729800746481897 16902957192144459726
10361889575686888514 13270704168197483866
9224395878692025562 9421402340200885116
16240600888098823554 18369101393291141350
3179169517490296732 15666203910076336170
10660555561936967183 18181136428293253184
7122567224829145976 13563889473501750012
4514983570544559377 10988232742235343621
235347419880643512 1185067513177186384
18087942548193761899 18325319629757364388
8558575985809193970 10746569816054514840
841793052825231678 4365284677626651780
13619095432655846318 17389725280947296730
7413072819830502696 12983808095237051385
12373277474129228949 15758807309344732356
15958675456458074613 16043762090613780944
9101903368269193185 18351285883612637838
5663670328703766903 12727476333652472395
13170174738135134417 14347620598987253351
14245342520523296884 17570364687691258243
14439096612600360331 14658426062633642665
12486484154534973388 14637063981714974145
2355012730572191072 9851483835110778618
15412097819389428562 16508692369834785789
14773754585097673771 18233342803128346278
13155476470623405449 15305563046490613508
10299204405715231061 15824963361411986303
16190323028159510768 17539256803950563024
16959794795864085951 17124169432639477074
7906458729551573701 12808060163933063966
12029841506077410341 16142068061050292839
7121662316023677699 15870104174258304994
13305004780808132619 14545897958541299177
5413377973952172184 11558021661862887599
17224870973413605600 18246065610980721124
2675872209908620782 5990314549728469094
9519391417096016621 11976738340889902758
12555003303387058916 12668239444390514740
17958018524150492680 18170751388809434479
2145806140876782595 6295430457743960679
13884359725961440052 17404436205601071014
8898657941595941912 12985630135137676102
14486365272403804994 18030920222329271666
5164245842532019781 5476637356877013632
8713164644333778188 12228498042176520469
8160072020980280789 17954080732852551796
15425158666059662250 15843469689443945814
9237703935767024981 13849411169314721447
5591910242437386233 13639285727513033455
13295406524794224036 15101980335358961509
3977834714824832887 7497450024063305406
10199503643946324170 14552648736004964902
8105145878487071498 16307975309823666359
6486282108685876019 18363639162483088394
6969948265926375054 10990047287890698797
12676040506839893740 14320164559883594457
15671232099442674561 15816714473939446945
11056811574911665006 15694723083539494224
2026028166332730132 3301227268121340043
16051034331552326315 18052350019913872883
18085035394933683632 18233697295693984255
17381646919939195082 17915383186573284099
7048016918642252738 12448369720563625901
4693210093348848495 5266317718864093830
16839203763544961794 17968155191531662309
6503186602357234110 14457379795818067987
867755716774770756 11011093837522886543
10083274621741908948 13145290051208135079
2929932509155187135 16667936117683158856
11780652321003824068 15672443173738542946
1767699703862358033 11674373772852507156
10495538972541013278 13857375139826031716
10716173073090367123 10917826336258079181
15073498031778746977 17631501723805777249
10471798496799502896 11444572286296075547
5656325788536294823 9735334677328324863
4057867641963391219 16345656880318574758
13796867689698286630 17318411052503595934
17273470542119533523 18379754369839772415
4244349573398171486 18079082730109642015
14392681145021686410 16597589879692533564
8506746877330417892 15072208098534405770
10311372078574137805 16954576588951284663
6181837323730441977 14913240634218063639
941446360434731107 14546135979747305384
3880054927115410695 5703401857305113518
6367919956710748631 13921447878734450458
8560217851309810279 16872699353558711817
4885289734369666117 8520298522407543595
7397693315855434307 17158567848690765637
17962893674185661933 18382204860802414811
5926800413409243064 10438764442813630700
3899633886748115606 17872089988195914556
7194695220508278593 16774043158047979209
7360240788127572903 10412458742095860054
5996749819474011732 10793928323017523095
3399900346024421769 5294994736856109420
17017060897457011251 17997218337351638884
7394218538402101255 10971255260187580217
15758452471949832750 18175623714303313488
8466058219651168319 13227448579617887794
7913493383310800658 8226816720019415440
8404655849688853006 16196269832290104808
16440923200987014909 16720824992608000855
16111056406827484101 16585546186659955323
16857417908616019399 18411579783270303614
11642471987714049760 13193511658258673937
6651213238602708583 16332624758616032961
14580137162573887863 16849966735575038469
16041868075008206381 17503373573825229753
3755943537571347368 16604501753043846792
11728065079824137301 13697821592835606385
8608499832900633867 17184210018614046206
574025677134899348 16151912665069804473
16846907473139441716 17403735662302240038
15415796003812455465 18234434557517047838
2861534304248006149 13690832098423923239
12914810054292571123 16116249417963499613
2244031737464653685 8345501378193338100
2675039121855674872 10464691473959457494
5007377728174303714 17138123987561515099
4233345403317439773 12580913779965828504
18154956360936086329 18297066705687847582
6479764442385729885 13945080239963605630
15424031479582325745 18414987408972362877
13839924949861396329 16972988675075246317
7475959765167703750 10654949179499917084
15374372975697818494 16622813539469215228
18315569767783978598 18407560774454299906
533568253144193415 14610081875993230335
13354953888693419847 13578583403477149620
17530537704021904461 17817439142124089375
3719120439752957640 11186338573212525858
14579644363451803130 17061678224660399428
15213576128664218040 17206991210074051339
16574323861439986690 16943509156075688093
15520482594713996495 18422606144332544850
4641746940623966683 6140549625513862385
18389971766329561294 18397386585289907907
13633071750987693397 16512263885258081721
15633211497332304248 16784317195758374849
4734217522395880451 10166857089032238028
9673697717064671722 13111705775571117080
5749400730062828605 10709883555863301995
6619878846186072118 10755670256853528782
14712662410643870436 17629263686994151812
3196594615166230043 14617294245785811374
8840430103654571311 10686102927956573191
1887929418773537457 12997829377057559058
3692708802629128545 16346472427495765571
11206981654525794964 15579354092681693384
12601864476895299255 16535036833195483298
3438995815255459872 18355707490694186274
14193259888832880627 15494421327285691178
7198290802971491399 8578050935040022492
4874386216514943598 8795450352595952569
16398739885231032313 17665174688450899357
492503013304725048 8901744081587149112
8746147992144187530 11318994216009259852
13166006911848638599 13812652475283412039
8855350389995570680 18344295079075117471
5199441586922469905 17830768252963521883
17162668057443968628 18016253429795752784
15249426265553820841 17097012426407270956
11937971186338390725 13381718574781528980
13116139045151252814 17144039448872763473
15066685631431451404 16220644436045023835
17688969277087286673 18326656693179945646
255226313034123293 17198475471692482672
17617066842810432550 17777674643373198822
17153074034261676899 17933493290719160131
13625714908269139517 17318152451961838626
4179529529981365127 7987298614680701631
12263203710541728321 15058442848618356274
13108516938386966523 18409661367721444097
16195241914667851670 16818286459191494815
13018805273865840416 16832857501714064681
9294760272002810796 12651831155392299775
12485740112348592463 17143246082269594231
1201147145386810835 2447452877090663006
4744891658769859680 8756839432757859091
9929012776804543948 11448814396774636144
12258201745491394089 16531477443967732369
7344860174273987114 16877799873373833115
11251244856466589437 14529537669250513008
16673153170305477688 17888361338377559963
3200011511101125138 14313105835331027719
15347601109844528778 17649604875011331842
13689129132129354194 13748381910662168348
11338372583987077617 15843758561690911829
7407863466305964694 13521140009848022100
9254983693160829514 10678620059056035846
11069753596415655538 13713575474526013644
8217308277146234384 15046738676991279340
37115668903986293 4065710662002062078
1341909427258412545 11050655264702862378
15689464789271100752 17744829483325682139
15567439207563587991 16435359504515712368
817539199148378393 3513042328608512828
14544817941204656278 18019868195619116737
4506564852333754180 7849527882441240214
7325077970397013948 9577254994647968839
4982386243546046023 15830096972965250320
3452489363062448856 3801834069223180884
17488694937569679483 18225886713079562301
1128180804611144915 14580029138356703221
7033253160050459254 15256549691771136382
366270206305150935 9165845326133035411
8519198315764451873 11814711874479379956
10016586739651366004 17592891898832187065
5003235224213353017 12073505949815056732
2278488181672691633 15476513860620068455
12619396429813413980 15957724614547934479
12739307411918809424 15003398828825374962
5159202865535043546 6026602575298604916
14441058363342165817 15740776700624520496
3172634093975816390 10955803866673702453
10924429410992881816 17151923835022698893
2136406578779320527 3522888257871613847
18277627992946572302 18374280966464722018
8921775132802879724 15059694695875955770
495455079543668801 9525559661544182374
14727943845124583555 15422450579747111659
17230133048786506150 17639723775460247630
16956315992223722356 18095942469176915742
12155584449897919987 15424052174921999213
9537516083632843378 11944868595546217675
9518331818846718335 13224709574086922450
2307522730140556005 15290256444381487198
11513611889604512636 15511958558304836986
8981347017909314328 13590013471241518077
12362197089798840850 12507952330865026275
16087959897015618634 17372601979364868527
11000395098399198131 15160153521555679104
8527514025609785884 11562621432832407395
9950359880652443393 16937410175529788363
15837602940644920433 17867760643251858096
9300427337633224626 10213554241360051997
14585030463721223494 15113544466358787108
5909548272756131810 15889598695096658193
15323358404031464844 15789320954761759254
8489014831849941613 9210906318813793938
16905725577627264750 18417157841285270646
9348431286668510124 11855054516203486148
5255866303179932485 9827340011839388667
180552042392309 2988523385344336969
3665025806541351601 14517711283135183656
1341839591595244558 9926231354437916007
14405123536668861969 15139106069829307071
4489923255978188469 16023153809802837389
15119940472965607225 17632434175098540155
18414846693714276674 18442886097957945951
10645157680948789393 11637964233161021193
7883698701426159675 15340075287201475201
6582933300891670739 10983442817422186879
4909598798306946162 16111375902260466877
9349052512147113087 15032279839116899866
17738509198855288300 17856168987680396955
1684342862678270508 11971353104657419441
1522472053447750166 3268226811219202876
1256914649143795483 14040302835663326712
8891281736853595706 11490616589456147126
4102663847717203409 16691646239735808761
16770091278252910976 16981125322518567569
13119086145341004143 14379971716127561239
16066399703195725182 17212569091727837058
723264171269028734 7978394371806015302
15099447126823649700 16777648496560610203
7874493317227316015 12422626194365959775
9297310013612266662 15568569868146614866
9019624474927410834 12204728136202779546
10291911994273289293 13007971865751254967
15101403708408352147 17824439806888829668
8157604201372011718 11500656029182679517
7480729788737076237 10771730162548820024
10164635085575693737 11995266280773919308
8249690975254539390 12891569648041929686
11826599776841360366 17239678466278076489
18151704821670646522 18268780605794621431
10810572400072137480 15473233515187484393
16324089821501451220 18026319223526165929
11457366336321026877 12589148245209722855
11921023739540883337 17627644984889755733
15216080180222106036 17676252374990284690
5323322969121353682 12805728773000268000
6795170443960638849 8341753244080328982
6415087337431823627 11430229912273276856
17794670765578525233 18436968637963658066
15532798908138467813 17897775851859195626
9820820196316585579 17264995724079331883
5493226371864920744 17551973932955267547
14218064405245200009 18077893611260112475
12643980588205751734 14021769792087999756
5713224018553655010 9030862350828871101
7649123595346924224 16899753845980205685
8863171168079640873 13430332575711741312
8677484697850295301 15683611781497592771
5399398396661778638 12334188736207143234
12392828040184727146 14808466218463626110
10364525581041206310 13563980420741502773
1984573734007119418 10173004126883356678
17084694091185032144 18290477572572153305
12935033986499076085 16356597405649293276
11011326639278566283 12272820761544311495
6489507857794543467 6982873217588448889
14484129485459783289 17130120834402070711
15892515578830238183 17803632354361866926
6801681630225897252 13447385034164826914
6048661187911951466 13237455876923156925
14730480209902626273 15655946302436271125
4349469058211928351 17088908608710289802
3325391511655642455 13964687286683281614
5731873151808937816 18240690791053774971
3280117007132493051 12483602710197319958
11536241998181194061 17229276477029592871
9986001626718273801 17819998609749525885
15997920616834623017 17666306932279656546
6968343328916412840 10407023056621245114
14387211289656671287 16495605912378100163
527509632238047359 9175454178341891753
17473425991211274734 17634187122664684400
15704336600445359692 16939594448054810857
14278785899016859983 18222581709088254610
16477913304230998307 17556598436137104194
1779894571807047193 13805699767058708097
8522423208673733974 17032196334202360824
13105875232626464902 13742126192359678010
12810020612075035107 18227853075904563221
5798615549646144747 14784782091560316957
10872268544459519903 11116401760219293237
7677456354594870295 16143044113816102235
11914629094006133018 15767178005207670067
502027793161998499 3289159692118740016
15633428356515539755 17512717588225078442
9787524901239700054 9814712995677506404
9886090421312154031 16823402918336806223
4614206787543642181 7351251003818925760
1328655645983934878 9672736793874094922
6410146009051638486 17250989918336351276
10841850202623687737 13032184700651955993
7277102323414085144 13405447761073036450
4153422985011582234 15505403396140730252
1793210503436723140 3396839282405684879
11140126643083924102 11901765054503310501
11262471348845159724 14551498761639425663
3708780923054298533 3845168241666772516
16572656832684130301 16647834071350692433
16047232508240744072 17575622437181661067
17820294437733334958 18145527580342486954
9518411478181349414 16089826746099309211
7951917020523572194 11873725161907831256
18020753378980086799 18236847998243051393
14302625979307287360 15394581147835421584
14752376368982303387 15637140435713612256
2024623798452786896 2534928967259888877
15070208123826373851 17123093757211064918
8602393610046337315 14665510203923544508
2135009597431096278 5987432977610303346
5772857430735798633 15139311472002647389
5731712187327525067 17567318429951576120
13807089451569069648 14053507863822211487
10667501174256689253 13252544606886263308
4979935048453536047 11532448945126967009
3814050946179722230 14101219181033490033
4837170764195875686 7974012549164359329
17957282176558903255 18261243874725329920
10246322312316198320 15925050386926385823
8266427077247663752 12944680600215590628
8936839971063825326 16324957368668054401
14632978610326875062 15517704388359927243
4531079931372184819 17213785171421715756
3383777129011265398 16399838368934600696
10149384645318554207 17096221695001899165
18406599025101656230 18418293814013854327
14717789428985415621 15251688585927675058
1698387695178541558 4746485959024211428
10385011739496638000 11974554156028893140
9638791925447382656 12944052709493706510
4901485730830293389 11264196794861720158
7388167395871186652 9492056906636903597
1872951129306706236 8170087483388127339
381726833072100733 7065903836546376852
5774397842283675797 9781727274347901879
2008070698284254463 4013281406483522550
15243779996659782504 15710964143518680827
10443130575680188622 12201019142003722414
7882719240490036792 9360656568526126376
17949699968473152243 18388091784999155211
11441067348914264456 14173952137060820354
11992836112696093324 13111355561755093066
3776421469652077357 14554532228130498215
4447196281610333697 11631194538179688701
10654282909103789902 13985828296271259957
11326545149742249834 15869124487414315016
8524407459258512687 10113306299701355973
427708750007943747 3516680690488655683
13630502514145296403 17099197413779314755
8733436286958904438 11741095740155850946
16694453692664448001 17372541020516462850
6041770463753698981 11909609994653727598
12140198631058717280 18317470219667229554
16645600086148119768 16929190053994931385
16339916280685041095 18309417178767793690
15249503474521252603 18383654989520143453
17046636770194206523 17417326606915168396
2421859956785831887 13097443401887301292
10207709407379114672 11101904209055091799
16822203074383545599 16893079984478907684
13035994666276949161 16077224454764256869
15574568897960347416 16520759960090520493
14587955211031946563 15763223160420709989
5925684765131026276 14601440580878839289
12833006433205445208 15256904699646875037
2576949778679602966 11241222131306115855
13733216179390813451 18417108663320396858
16856961643202311649 17360798690831721362
14413227834351927823 16308396547521213143
16837088780615979002 18033172061277184818
11424835643093702768 12899566068036280278
12984927965585887012 14499877523045422759
17256399132708085237 18019996880598172060
6802138537423971981 10192668185360478279
10846853712546128798 17580356004103595013
16886241688243315096 17451176385304506934
15162145947777635307 17063480199280779917
4658395764796520613 8441505740777399411
3003729459236639576 8600172814095133330
17320269233097141221 18126730259493742697
16791510120336800205 17160366086418268593
13052893045368471487 14829885888124722635
5914924705742522248 12816002154641409868
5481818940610387372 16285315356970760321
12762416530892334624 15464529063733536945
5628298194344505925 13944754419318878404
11634565698308352263 14660279336701627425
8955125817940129921 9725191086236124749
3932896709913211163 12288733565244435242
6922292749535310361 9479855305487252313
2898768133741856572 8633912948477068052
11589457335995597206 16600522145644414563
908853021811929321 3534357885520782329
15605132318627349745 17834395327131553759
14546106323974342608 15517191714783805720
5547016459433425412 9411306733745340334
11374154503155526126 14804400590938861763
16424525662063873045 16483721025145342122
5330093732729652491 9637517201306085145
14900880263206879365 16090205096472643921
5542145378017705125 15372789940743026021
11454530469149051659 15570435622055133475
3918556822491618617 9630963521903184460
9665406251569823004 13054288087609474722
10160918137467765894 10745037213173289431
3366469152328654225 16097259044847422223
7102629688770093449 8933865157283671433
81186028345436356 3898826646191008114
16068333853188472844 17302814137109964828
10166243012070320967 14198941192708310790
11648488401711907418 18194335773002727049
15209074450446983409 17020121790080463710
3765319485384588320 10358507185991892174
2242299160594801980 12785006264201884667
13858433235613715431 17075587264722654529
16123521156634435669 16613912618458020785
16477325130872302897 18187926303718472011
5181284585517843677 11789995527231762506
15357503097986651011 16741160736813613440
2564929008723196826 7200339153956068738
1159492221271618493 6395798245132630577
1795445863035437562 15608476963344793628
15429351199177924083 17971819342280271588
7873735887015295121 10949517312081758457
3015771197448782671 9241000323796838723
11858741817938439607 13497218026909384372
7259514751402138487 17129050578951916920
13754637521172144571 16311907291561090171
11093808030919806578 18137935482946070952
10923515552048606884 18128417513786895853
11090702417386550923 11140890152772354556
15694050140764890767 18155525470448213481
2646577195731525851 13900827027363627270
1795174529788964357 4702830629636951630
3148482603190039469 5487745428541172855
13525653438283251476 15708910162440600067
6443032071155120573 6523215185590615455
1766442250115163553 7530325729638409604
8275985406684312852 17251041608228041792
12728874689747483946 15994764933918997251
3655350222039578519 4338429863310713288
16113835256387253937 17530898690720762682
1840554533121918496 3168691046624883491
13136655329785142067 13255245468256059936
12186889171294975918 15031003422358314839
6115724626947923483 12573827775659951194
12108078790317131407 16968749863062809175
5858806737427084393 17521042427856969697
17180103413886929619 18303998935519610387
14596885120125573187 17341932438354759270
4777187998322444077 12776791254715791898
10882813227006587433 17087359437013694761
2147991687840281876 2525329434770144121
14338973981830451574 16066865007281120343
12373766991108840564 15434565122377794895
6570963136959597873 13103170712974438338
1071091616188873536 11863186898290778652
4086938595927228392 18089568780493178900
17262181317739957769 18008090928519884748
3551320339483088057 7566560745449083788
9910754661008090117 13986366496347381849
15564572197059202855 15681270007610428443
3423803659787844620 5684831196393635571
1565767938616293300 7394897143549337476
18149551688279411041 18405463087383984059
1293989139127761636 6777036664505755816
1150502079311661881 10589931023381330637
9542195370114890427 14150134871595453990
18296051385598789196 18383863277828933893
8553427092695760262 9467886750487942925
17710525782836412489 18057926418026487796
3674028919224326586 9845914778131609837
4686765983295626572 11510569524393523714
11753693111069140054 11904324376036111839
8921551453085011660 10983168251690754491
9419624385832768259 12482615397209714655
15347498618529418688 17355181790252390738
11779585822123165125 13924853270057595217
6215866753900071769 7588865740457686839
14671706147300568986 18332334714630526067
10734231809204423810 16864214213327857311
16283558646317262273 16965605401830111329
9323906223956525307 9672528490217863673
15521580914467420405 18199430218762714187
17427482528359107894 17451268574326075605
7171310264733799158 17502453718866532854
1016426784566587125 6302028497462701713
3978432880963542353 9046377398896488155
10591929133481807484 13195883701160606002
18269288077926209356 18322686854438297859
11985119314004982830 14095207034617736766
13664553454247684649 15721244790926850968
16755317709562991237 17563442661543999519
11575752651276158786 13271240792348720726
4046822235337392185 12266789280664921908
15347732984360830595 18164441277251386238
14861118199922509392 15423866334608587185
9213499701865385539 11739670575791380494
1627292125387412286 3628396202296442551
1572501596359320733 4950885659429521111
563862408233438474 6305907736405694340
8193764884189818508 9497634104444916176
8968931497894144489 17471761793157569951
15516220046655931663 15630559615898917789
10937123932083370477 13396343679576760539
10967946749609959668 17554427575309989961
6451848111855012403 10699559664601277548
12656326022389356103 17531884667344986405
6077343607099712097 17285860340241334725
13678823884675228303 16552893746462951040
121822736094337504 4353412217822269173
8803684019488648216 17858109639878166814
11750660591116939636 13941522349373149810
4591513162364885923 13062293230096963040
7127068400061122684 18104079788691396852
16842647621264946821 18248001599969185705
3370582333789345794 7840500023338660172
13784182830990322443 16453589232994457398
13692566245172950830 14725416143510549580
13322958278784714659 15688214692971355156
3058255852599591792 5483858286501548171
18229472142335743292 18433513138013047061
5804401387541633825 6837087322932390993
7155809877985340197 17558406379169982427
2103901567396996497 2373301239790239557
2011332344748138304 12344856849421946357
4296243752839869167 15817929502496584727
2583930898777148855 13682836656115864210
12277383087982942448 17170832498432585651
5355109345914329999 10930846591381044314
8934634120240944019 17501106408106594009
15036114515929833678 16542284380359604502
5105608060490005742 12492181938335768488
6461656889848437441 17071289571142844060
18055992616902312874 18349271194914617786
13025273394675117505 13049155599386957035
16812792759516608472 18261032653161142957
14777410053001268592 17419587519090145829
10287739570620119917 15216932119533835271
795032784060934715 15992855332330784668
12340362727820332331 16371496957871638681
4079938440736146312 15218585647183632520
3989755072202089894 4405329613534200571
13562692775360073162 16447404012087994623
12680108590487910500 13074163304283331547
7942138283550154604 12324958748795386402
10532358997254936298 16999074889145157402
5687257428447953789 8301000653354955319
4157124292985065220 5288617117293772855
6746001360145649568 11417492350017497976
12103267253799176801 18398216040084454988
16785380030554858651 17497090841929099023
5023768432382601977 18159074474449462102
15128144901656341574 18164881081391693767
5226018703331623067 10659037460572716859
7691037024358348931 16349164865764274334
18059288193676766167 18350712964777750719
6839389063183806185 7685130288702510802
660986669346319381 7214365081224888486
18261349686153001259 18359150944985988071
10711791363870225119 11406403802913992008
13205985155252609607 15941790574014381505
14414308018887158694 18291595589027282934
16761274087305656919 18343239209962798237
16752311226211314414 17244823530462540494
2394689144051629478 18079694498296132871
5641570569022809914 7001938478259074719
15968681041551103124 16764040860142662494
2368024122237603031 12488372620101738198
4550463729386463814 8420059345960996368
4450627897019079010 6171590420100711952
16815057882389560512 17291861188768966573
13917748298940021949 14867311117628909082
12109142391264566974 15902054288401871872
15097513581371780053 17885315979349681775
16111782313114785889 17014710932789523326
14629801148140158749 14972233310775142742
1462499131447721908 17897912076841578501
4041420648533908552 9580083888888634142
1808903870527977111 17285343497940398338
5830674717877059862 11184198728417046852
9715694091438985046 11117852593331902821
6473508688770898270 12955191557648906210
648043542791262612 16471100497819878247
783030131205812035 7680140331975900724
617375691088699060 17277970280763702912
17232203880616955613 17594123900294343455
5285515379048002662 13847290483480006071
8963235421934908184 17972650534234641857
9285279420563623498 17798652389355636188
15184780558446383932 16192666714922190737
5537370535452317504 17368920393373247081
13157570449961113256 16421392403506503921
8855790639005813331 10161998608611154965
5211940659982099934 11456504925503718233
13538208285392610049 14492105551155565180
16116648565075636487 17422312684008146930
14159625794255594979 15004988653546586907
15935775798998810398 16900722624729139479
5504429328033886133 14018268730356997973
8995933962424839366 12342937161450446360
6982635139108635138 15025645820331607745
6517291858015142698 9535601063617039718
8064229740613729744 18074411021172293875
17320021165106179631 17561121415798951050
12650595611385876101 12662185271260428829
11647159985240114227 13527668983225268848
4487900853783433083 14558313370934563439
15779853922648163106 17737849807643146142
7771404160919592155 12898679543848697824
8215173737134655997 8324867434936954790
17271685390337876149 18128337868765506718
13909833223041568766 14861395709273908872
4200176938070303764 9941093177101080664
9520954915479582303 10728291930856046129
8747886348579953592 9341262723668971984
1203723506762119864 10418924993809018922
299860007788987020 10822408620527118460
17616501370002195694 17995296949670691202
17544001573438301019 18032242012446705082
4449961285257780588 6364425638075746203
12900018442459696274 17019524197904176054
8725494172472898005 9606889615891724015
12569339938255415601 14832318704016313672
9664076750283195078 17345614097180212788
8410840802744043807 13640367290933798616
4204527609170437223 6190452168556816304
14885595608362573916 17712083405602454550
11445103720201145091 15427256107203597108
14605176267365078808 16132927214728640055
2275901464173487746 6825212771109607419
3748212180559376654 9265493725696683239
14346365362399789008 15083479933029987025
10774686065445658771 11870008628392426389
14304161612018031354 17058255800058591121
18319233397158175781 18328976641444699862
730990006891565466 2336247420222405945
18087949111510642087 18348141806138775185
3799694853308699235 8612969744330759556
11465549392233755606 16377763544366966293
5420382742675927764 13148119479020246427
3672309627201405378 8016461412478492066
2435118311738200402 11756427756153246278
7137087583271290116 10517207479420441270
1418642490449750715 15156540375622612761
4025217476313395502 18254689363712931595
10915768396695984026 15236021301875321843
285970414858154641 4500464611505090713
10990829972931779557 17498689363269490946
15274534132077242989 16285415173842368268
3262710729814490749 11078108501814547952
13700810244031676245 16384890301171111012
18169749124563613270 18290316978756106714
240796273532124756 7655995041021725590
2169701746491156963 5673977188886235480
1926132641653249705 3977104507415591298
6483450301625800925 17455330090606447949
3083504950598010999 5929204806212200327
13339862297866401117 16793011635175388005
4812612512925835284 14231031761042412801
14495350218961364977 17841029456498237669
10485375196383558421 11659726288387236109
7762971268065883614 8692622502208960490
15391137018918598749 16327191533808796240
5347616457559619077 16665366765991709063
490091734081996358 12510915514843753325
15831555862428814021 18384639046896024815
6349239953406026046 16792593832915846667
4276927278341735464 13580496078245822061
14722869856173966305 18357994792925357156
5782582748781002756 15413339637229382393
3538590513970258269 5028615431680604751
8894197020091696148 9685947572554675542
16765285475359972634 17144980298351249514
15284759827944404525 17089239304341823183
3194126979060351672 13306510764123426896
9548944158925793240 15089853304837077169
24991480948872387 1000321867134792135
16714237977205163957 18257907049335780321
304595215614579699 16264978086472314823
13873140833864379296 14520231073226394963
13487055879911566701 15265352975353791529
8736544211303262127 9675210418104301439
3263893353335644643 15047111650676201942
2334056097474367723 9557610747222945701
12415741974721736130 14877325915793345960
14652015569153917205 15149101995774997646
332415813344698712 16011529787261441201
5270223650848550634 5608177108183698024
16925866564687306729 17860061757115300245
6170154336824624002 11187713258097988028
15363636522027022386 15939201313652528385
2884500666900297479 17565769465340854840
5629605296813039057 5928566540538899180
6532966437735034007 16786817275210944050
17300107691064996429 18122715774677703492
8818624359096024644 13038056069545947665
15273972494071059243 15973724562218849844
11075875605637354014 16252767135804188614
12394807579840872311 14172559025896695519
12396678150827447454 17297143358808834081
17475709705009860212 17583420292591211169
8322880726753594391 14921329554567575435
15908075163275686763 16053477027282800332
16576792886131047396 16788542391593178172
5050949011065389267 14023637091082200497
18419063661454672074 18421856947572709045
5342427915865339010 16397652854404234512
14963539172024720131 17279324241942236969
409400370205482052 13625003264492705225
6340705075957819343 11019699295275373717
8635013526272574813 14628256525022342587
6436673831535676387 11328574606058302296
18426794121780713307 18435433342129165001
9809041960853005568 11487348989557470344
11078486886232803682 14145547141046296258
11360821636847073888 11937310284730884024
1628295985043324079 7079522853022451735
7619074516272178891 15908211882830565832
17643963112840193709 18147406758503749358
11341148334106778087 16949638243756670435
8865476176087672022 11646587495415140958
14181690777806291119 15181460846105525056
12582551470599028545 17554218956852520843
12391996138985241146 16432652920523646079
9507578137739649356 11192320373934379671
9184892336115150385 13256905520091608466
10406033365031871210 16274550066455994213
7063130383483802794 14046657503448117514
8637433435922723906 11537406191188862713
6249558959249977450 9089383032730082945
2975628366286331428 13115382137056314481
4986799864339637529 12372298363857202223
7784033598231347304 11498932067951180100
8832446890410254401 9616476036739097165
4314609142171446018 5961354728737997794
16868544479680166964 17333267792876169102
2606102912899941578 8924599555472558890
11740704026394176916 13310163701365711370
15975210809465495634 16706882970100448919
14326644384394243389 16905028140037294135
13847625984760735195 16031259460447232633
9162472220667166012 9181621979805872084
964038281592113006 14555522946279008468
12682665702136709664 18148859283106797215
8156740570235967424 17601011601932105868
15070997588083508412 17654801363716082283
16800431097591129023 17383470826846106617
14740869460808463690 15118472154901681315
13016120963327027232 16041933273632386436
12422942053478890237 16124625218473910467
14321789888297333699 17405306302734039900
9524977901483545592 14680270081055727728
149186343536133733 5263087915283607500
11939220393997891972 18002124502310242846
8480476073744257073 10359757910559004516
17856986527209347730 18037752199462588352
1469223655671679840 12880581463350452464
13749204779635150321 14847971259137063140
15085820585186056225 17760785848883876066
2553814354148634752 13437926421748457434
17019682217212842878 17648889839745402116
4803657049125782924 7883138449505476272
6653436076307480871 8011017490151993601
16526594542782987085 16896436156555888097
4611577753732078112 12834761915592965372
8263287097017957399 13977267900973899161
1566308059524500794 11316492066783904334
10149238472863811108 12687157418242161007
4447676322142210249 12514379139063194416
9423278270863979735 16251558834478716900
13529131001220299073 17620466565597215115
1336143500222664000 4854309165252742326
6029380224690476041 10168422136110051516
12190785818336551104 13504847801792304974
1059354991907154165 17308629998390913194
11353570676444935205 11934470438164420547
10490934143819933293 13325952447669412939
1300743777671953533 11440364130387114204
7365606658844721925 13988177528254023165
7755637833531639805 14777259170922585870
12057629468949388718 13615684072323435384
8163170905591741544 12985246425256492344
9675563353781458859 13524963449799799702
2126910114996087360 3263461520842738264
10318532832979978749 11635889007943397841
7790210275738676968 11003715003390450113
14135936455578320829 15477178841369181725
10084738912920530787 12146597544755946519
14946837773687618328 17618668151974106989
10771734085750396622 10864637994603074601
8713437915686022418 18372564676400522090
1126374494039365195 5730650084802969735
12173462071724102724 15170570178409122535
9785791433648471942 15363246507056889688
7100178580845303957 12862556574846748863
11118780047759620634 13581940512186719906
8845593557037737412 13649158489867830601
17764791177824549977 17936693116027428957
519223330626885690 5508593248633462890
3569717457981979250 13521829092403010292
6095029579854763891 6368070344378932569
13719234120575479872 15901098941924515513
15616171706933252683 16838164323249883097
2480763591720191725 14331759829724462099
313096020869141881 1741058652539112840
13636861226444384350 14808990705030119040
14318507143166362720 18198714443252425581
9759730939884745152 13652592700224768423
2232631121280750119 4481838279103025682
8395841821569742143 14343853175816283213
13503064830484531148 17628902638537880693
13549484620324886561 16699312445038135110
15288618448015156944 18185193421071947624
3838888096465771668 11860860134632533130
5452055367934291541 18388435161933256138
10815872631932745823 18441210049871029348
3236551319854025995 7069982548002577478
7390694264283212290 13567821050719954332
10723275378649563464 11979281233477296537
5290866485305078561 10885802556472048796
14379021048097263934 15549972170961629763
12047754851840709517 14983908192557429007
6787808992090556633 11922583957597925440
13813628707582988950 14522088772044092558
413738973761134416 8222520148921269470
11417767134679529525 12599936600250825263
13190386993866806606 15100801286638806211
15340626798880757727 16450451892743165378
2824027264779496907 17425922402834478955
251019934710586121 8107307293058637913
16990210418492962790 18301565085617218997
5661624249932486988 10297114972200486511
17068777568063950239 17681145076675183311
9322090341024941915 12159696382413097334
11131396144111316028 11473434274361106490
17313879885876312218 18230988396243972795
9478621553716560619 10661412382130947109
4398102615811845008 13687134639171466871
7752453865161404254 16705889023582267054
15097849986500092083 15911154509928069725
15594010182841934130 16751543169056992392
11045691992272021433 13159522426332648990
15230587346738314194 15290817701478730458
7219459935996896403 13433829214853360402
11643425762183913814 16601134202814151344
15715054819981719026 16935062933256721977
12820583092274120890 18159167768605051597
6366992457172636466 9972948236728627135
1572514149906530967 17216815128582711398
10582556102923425324 15424030830273189326
16386632372109771183 17238391340459311636
10273906868319416137 14589226164839453541
12039851695779251568 14240547095786324315
3097799651111322473 6977153789119313984
5872259540424023366 9463160942613118742
1062402112530423517 6544812562341143285
13435896749383946982 17337696414908987776
77118362846800181 11900872421506511277
7954643551791515326 17259352569621744290
1160174220007693464 4487686272233051240
14649164582246084743 14941892987697289031
10905322379098209604 14336071294000249452
11665288767697067236 15780291428201859165
12755132950272985983 13770120120922768999
3380277682303015254 6450361262829985263
5508370849565852455 7590845802543196970
9128256698048473158 10374502176154837968
16021932125092253282 16080443770901048483
8331407639278069748 8643585652321437147
16453434746676603488 16465952332772697842
5692359686224227457 15020731091881676854
2783919736916196345 2926096215341073822
4105759842269791026 8237846934674254756
11626871864838474317 13072175240313262614
6312543023687717183 10824291651833125693
2719161557260681163 3943550766794317102
15682566353019349336 17073338812337560624
9991332099593351450 16797616264630187758
15045688687392059281 17362165421344140784
15744591044214119580 17730323306871568690
2840267939910034252 4347916880133214699
17924308639983932192 18119075726825961354
16943912749631487337 17573203320858379632
2837780513956571500 12909657075747423471
5989894450867823394 6493744194275385382
1819517436949226583 17965575404371288193
9632852652306822487 11479843011175227027
13007203441038559938 13612279491507062341
12848968543772328946 17580733581722826985
12114770592828004834 17471181654847726772
2924783557768490871 14239935718073443709
14227759581019298506 18171777167840192309
4410963128542378898 12577852028506220672
10680072172735228759 18349950384565339907
9500044049382079402 17495704681723584833
9213669766239295154 15888299108263206663
14592772731224056862 18124700126595043379
55298580790431148 14397556186864575866
14655070381075471661 18160915884992703648
6917800396780014224 15921237960602483116
2388520561103528689 2499779196383360150
13775546019472204147 16498802924411090684
14323309859237575280 16410025622214871474
13846582163306061882 15307491715241148445
7371976861121603276 13714857707449564666
14419157400209422693 16908614592605834028
12119127527691876380 13626115440897026533
1480187926991648496 16599362074485060072
13211983239503181893 17742340508131378853
9418979848085962737 15017880495962121295
4723778236154138844 17034496405461508712
10280381635013398578 13863843740364133209
18323747352896671138 18412081637095466265
5644692088932829383 13643075597219007390
5251876022226102541 13975884774876049297
12687157127174229691 13656964619047332486
13336801324366608017 16112541067083640800
6753188783103078066 15404541629903967429
3006676699860184587 15216243337079626311
3054095048947311918 12082834293093185666
3027380986334436288 12468551094183721077
12075359685591499557 18416981169172782071
6857137965939690884 7344419790081208504
17377911382849255839 17539284666398009213
16260852495512355039 17408045892271582982
8995215377869962039 15506847890299565341
14826646871444524966 17207754645446185987
13899288608673900599 17291633431417684964
8672726604497319393 12320346324397987889
11953295369795724815 13030002132450214098
16176852058509811855 17585998345713558984
15470854032225676527 16476250838887651135
18160770588975328139 18413420146076230219
581729849774082171 1832244834746987683
9453611271908931256 18255690630687560203
8976588273260329088 13476855629461087702
4320091447472634663 14863803279330929443
2940365394572388757 8572006844254355021
5561747790306775520 13356660328445774242
9464540811847142220 15083027335115907779
6293080294513600221 15976097298472239374
5463650490448033877 7036118266728339071
11368880645216794608 12156982422113450939
2308614858821315012 16233241954864519420
18006940420816589318 18242269193924219123
9524299932995572556 16614846626255569050
14388580764634187546 15797550354218030297
3068092941941410616 4372951281607122711
11264044133659236605 12468915421733109383
8953231410897427247 16495477052416234178
15759460397427806647 15842403826703325220
11796554271877398422 17881783714192164985
2101789101238367824 3258137305308768486
10741531654688633247 16116785917848716739
12411987650439842192 14812824581451765338
12953253374749879570 14195948954849977501
2195096402084206224 12827815754322867809
9042419405910728478 12229357003873948808
4568112709042856388 16870279727023267854
3680155877441383370 6277425636589720197
589621685056305531 13308307311284904454
15347245610255566646 16505056980802403854
18023870790250052292 18063122934114897227
6138032286617265386 10756495282354148743
17985397266133889306 18286451313356850211
11976708958924738973 14138616030546306135
7299702020066073321 10938558955688055174
9107356198297339807 13518551175977679297
8137276677234529897 15719401797674462449
6819839375786341811 12144378704376323777
8970776926081782095 12600371765819732128
1722023345477462614 9161258586461100148
17883909119939294340 18195465396231455083
15736675755260654292 18054783495545418893
5383849914366834936 17174214592977554129
11203843369277056807 13336405861163832275
4691985943509200134 9395563322060149551
18312201016925337032 18325671059079314708
8327155079442241423 14091988500289358142
356463542834494308 1990940073745040711
1031786802741696555 2367104210832423731
17747591973402998540 17896917271460582007
7687609297049927679 8844339458504662021
14559635331538104942 17736299864513735920
2680906104282086567 15504128056111261542
14845265141747363561 15342888230819820337
5952582485375532835 9286536694005982856
15101235926692181026 18307267455085032369
2371860242885994220 3993922782768854560
8484736665553898300 10521183393534757649
8448394687409096445 9409243015067176237
7803775566072041077 17915334224932900026
3219482214624002411 15734746010394232034
17021158700086354478 18018517588364950712
2339713780444521094 4240523307506006663
83149686366923923 9837621907087759590
2024990015720298545 2236157603154513834
2072391238042667350 16361516546954261674
8572620143795048654 10721664092134416546
9978181921627641653 16383082319089956877
14025502183529184340 16762948948547420717
2839381308389111534 15701974025599702738
17091315966946953385 17347704977998159548
10280055851161274619 12286758667306887628
8535512582821061931 14947424516265061050
4668561547016540320 17950455140557530195
2707717639730231438 6283312753422422531
457591604752304290 17570992343861954934
8730991802101546605 9897025066420066233
3035823454413901639 6225346685727589701
187776865819354515 11470153568083618821
18054253745630087536 18151706252889908836
12109008906479651902 13317850433643931999
5661982836697297681 8826885530972822136
9556594207164730859 12562807519823959216
6221001426294413058 18292124139066129247
10356186933676534807 17023333748433146347
7748847741902797218 13661661701550187449
10312770808674376699 11403264203682273896
17310550238057929 13016117940836008981
2467325913910065479 8263914767117383373
7272756464823306056 11254919311050276548
13202132674156971697 16874447611379416473
16656485923467982432 17571970150859962220
3326551635797041601 4536817721361211964
8585164015639911657 9410113313619075689
1473390955841513393 4739206019053353897
18151318937750649505 18436049529718011634
1896343230858944407 7843425088697492120
1900568849635052255 14950837445126818259
718860741666634333 7591724244995086477
4152136602909863182 9102763366697108920
5857978711545118772 6427354023378499836
9020052219605388583 15465997831915031309
6091060885941584955 10964716209885912704
16599929307989821835 16848938960681982625
8679035051310864464 11026719291430190898
9089581104696963362 15461567453385123895
10582587448136580281 18021374563069400386
6410800719683495139 7917068653963425940
5855640146340849255 9531111234920730711
823923870406795959 4093184047603407909
18348684350902267644 18381604700523643414
10760479152023141822 11481002370996413113
12995142762403303477 18051407574814658037
11532440123260046424 14057278978561118519
10523153790576321117 14119856868297752716
18344208768562738835 18362458329979261828
2940380351535432109 7798831939462657671
12880312239243864807 14433475471310625268
14840296452846468183 16903637264955981227
15972545827769659113 16028780404036102714
13924241456476971463 14462300918613024106
2199755178227230363 15616828148995607613
3849109548847874558 8467158993132724776
1786703715097433927 5436025353511274536
11613822374032149290 13689126524281443496
18338522911499577251 18430577267358458334
3718656686850665329 13993205156936561907
10295694991198419370 14071521323224235152
13218514846414547947 15633440042860628571
10422458524548938406 16987139017412925049
12925496253312239834 16329317563424962204
13928748872329162437 14855458406025746066
9128045188350290954 10836145203997995576
9471586024606347963 14411580664639338788
11287195130231276567 14218407111884913964
649013832299035504 16618100290173943843
9837593481641095977 14335308313374566613
6438310032717442209 10860431947074432789
11324429254751100394 17643566752966694424
6069811583002536510 16337982220645094321
5776041948018472424 6732740527525579223
14064563278953617702 17670237028210206358
6995488324935958073 13564294178225158561
11622918869737761843 16698860819433283699
9704958829927190825 10696964475587697213
2802625007337528276 9017434653732515716
17326883780707860111 18369101131237714758
16370965983654782249 17644097584970738441
10506877427740178266 13881746523893314765
16642480431818713558 17713076105087043577
8088877996535233203 14872612278009497435
14458219425869743729 14669913646609667625
11528166360864353021 17744986647840356949
850798264442875580 15473766278886131787
13543610826044236339 13764690467353170313
12472217612023890918 18144107363590696761
9574285795672980849 11719407471652806201
2059930586599303058 14650505980514852218
13220418973144250551 15266281883029261718
17380191938707729418 18306163424923511388
5297885982823664692 17555378543836378923
16760900122490440269 18207508242443359559
1906164143340247818 17691287979516386480
17539808514313241301 17887535959684351665
5185906705375215497 12565427249880972324
8166406116840971876 14808636279837417437
9149997810850951837 13284591401069614384
15912975483219646157 16203258531041154191
9174172952545364256 9187431728090705096
3763594752801484681 18371322166967678874
8312818905232490490 10190135752453052907
9107917779385239392 9308936285687212229
5377214187491254669 14636762925163109263
15937052579836033661 16963534170120292743
117010923924368084 7588786112368708625
12983543958681394055 15040762432089674876
4083558853792572762 4251505739496358275
10891934127850668145 14511107065839948637
13745895460299989764 18080331780055888208
153443277260669365 2454261354617918400
7932192320303170775 16342589518592580523
9158184610780867370 9354038096162675918
8523036186041991237 10593050332926341847
11733116952374475658 13885148026094504263
15814940902128642964 17783354932445682175
12484655266325068839 17446919874624495144
8292614939025691789 16154407091273537572
7970519406090158187 13527991416201757542
4470624514334457548 6076227355137529593
122596582032101056 15805443662891619934
84351399511229579 12661391933284593745
4210936007847454528 13977443119981018097
16057625222957880746 18005062882255081625
546236527378890746 8933086619939071997
12238137745225876555 13170624730541423644
9579385362655656396 10491788175740760011
12180405073802978076 17672230759642859747
16353155117825154717 17772519251821548184
160768934477343044 1425035751973827951
5459626973299502578 5649878008383421144
384795930230783926 14024956043305562362
15503213485007626635 16232028360357939252
10385264068602276348 17202722765116605794
13398508563830797513 16399962816709069125
3520388281885108179 17461807375284915266
3360850078555724042 7514805901227963539
8726802979860855552 12925893407875852939
6290743164709032547 6346684361745090541
8938399286060081428 14130838596730112453
2224885911426518634 13721848493329459972
16662338045941792275 17067384868002164022
4091340686842376318 7730921743593257967
11248349006093731562 12998811433207765347
5076381796627423026 16330596280520572483
7478631508953428107 12787164582294126998
13259639714213460145 17805859185268907604
3503350648378951236 15210347846227718888
12293178423531328997 18064619554305917461
15174538759662098304 16465681620523281332
2648464548841177773 13102945119582243043
14944021505011230009 15047519220285896965
17829238035758207257 18081930574791386241
6356928457707271797 9254701121890801975
8933562191824779088 16147489047016232397
1646164393660036098 15073956402652285685
4628499936139343663 14195999598870128578
5933587587367995996 13288412358003994529
8099841170318711032 16869095702226337244
7578873437884341500 17548097376410210954
418955586304160479 3700049963656109596
9891288981324745595 18399238191186230359
15649690583065114095 17417554279027027334
16379323471607354148 16544256706874734187
522162655531805261 14513251061480490063
13468623842462984341 15453504914050218104
10471636686108791706 13364929988015485046
14725066946228172334 15829337711980639998
8002736328145606480 14346534555895948811
1926710810234557204 10582236454999771448
3587765660684407572 9990925364118691603
6142364030162964831 11334685274409609324
5813845480103698776 10737010840346368050
17200353261006647428 17658841045602511045
11398933452325929493 12556221245461506309
5219519720013948607 8593123503583465062
5224497932145722765 10267014058080572729
14008965376229553961 17502899778041733685
2456922861698557072 15766589079206048046
12992083384374239850 17972526597240505551
14854380301871412097 14854892904193589611
6432927843692800124 14028188504362710173
6342145113309241500 12809312916335238187
10701301596736803524 13335347941141640024
17205874768981032085 17394984869346073920
15780034929174913337 17881054844342646732
13749252330481581333 17333819874524026154
18324838987304946904 18374415361929919278
13850108743459971602 14003351062473006115
17580444028062591596 17744243820553825152
2905041411505819152 11881781886319893700
10796740492805576212 11886901618414118263
11984464734391956024 13314227624746467106
4809176066508370505 14543545765501678977
9081440008719289688 16399682062850680703
12796956228928083393 15052893698233677891
11959320692052785949 14406576930136332128
17340675841770016132 17606817854421935502
14414799516159022381 17372817844528845519
11602522581992329469 17827318143213342645
14100365194127882573 17420136777916304152
10133119815947090365 11710800580269157905
91728683422438654 1680430843569001324
17141241743300984759 18214100159703567227
13287915355613312082 18313915904089505546
5358191081576104395 14591991886665417385
13413482711413349267 18149649325607945151
11853111459276677644 16056641642445770776
4799839720506542117 6263486417035291682
7728454051906883061 10731001807515935826
14909347353357520207 15309581189575579281
7804300991430410288 9876884129224048210
5178938839249592900 18212755851847411950
6907121177560427776 11377893973461217333
8229768408429925098 16067278886368070061
12642509328238790191 15274612796377181383
5252294187684309932 10536731511560052139
16009144459586883199 16840671322978795326
17957197096773501108 18267655447107556255
1879256408627546147 5337903745878836232
14096267262153204754 14654430570297336271
9601630586956239476 18129114749088262928
6744668436064580310 13581537401247980267
13798065425357537771 15595913307823521144
16169539911517906675 17238885615782524098
7047660048075182850 15598110743546774485
15313239484037041157 16352218703717287368
8661233199468672174 17490425992372113467
4383498582758802825 5328490678885958342
11819460023057298962 12592663086756145343
1240601071178016711 9343262837847814739
13522336737261118212 17277476441646372782
11159474250406438256 12658905086386910371
6268827318583219261 10819171496504055042
7144851341117993465 13856270637932811041
16674098422127902032 18423961874191600470
16905251230692062796 18019477202477587388
11848811028870155352 14245953884423556160
5710499997154218108 16164010956082038039
8168236598706446851 12205078795011407045
17522889452935891514 17854239353570149217
5374159891308229276 13905766320262788260
9790453602184994234 14115708141943505636
2161018468936278833 12548642952023623216
6499745276987512855 10032171425406661724
1826240422509231733 3068565675807703124
4997096874310590633 14165557603294861460
12984642405460363262 13760597435495425074
4905096007443819070 14363041838320079968
7189064878401048821 8288900211625641060
1048964003317670956 8364757565083165837
1995340922773045498 5211917916461484398
18021413468621022547 18327521682149581010
13424710902462096600 15859108130473896120
801688863268352815 6025875662420409862
16500495546905059125 17682108465202368040
3315202633130778372 14349472993639715137
7625419724948703869 16441910773048658149
4818840963988504339 14088703594508004839
6634380498801874555 6649235373571868730
15075079265380861625 16629822948525605470
14844442366901658222 15099396221122188438
4275281834806766689 5401801110411248762
14453608887588381957 14898952395979980022
6022817747149986654 8448772441778323458
17181337654978467078 17539488986335385785
15475176435474140792 16789446134384947376
3600044699730689570 7548974163475542062
9681066950238857616 13026664679715995366
10547967297510003801 12604481891646802498
3346145950683833774 4174956394330541387
12906138103491313080 12926445706206899930
15853272068143662408 16261359159639268601
14585169839598920557 17713939928084753704
1009795100679063347 12917573670895965039
1186103716594680831 5369769123431750079
4770971622929232836 15251670592518056391
6213778979260493432 14110125145487474716
11825339727761124379 15393596054390590191
18296047870051070881 18424032597107500290
16652235546461917698 17513884115081486068
11509280757101437350 15605345517625443254
3339546255526289022 17041214424313555452
8496296037701914703 8931374113226211885
2181322618976027782 16934693803959185506
5177350210621520544 13115395882194105471
16879796951603632471 18054686378971260221
13477988992428749646 16094799611986647550
14571041750451655505 16079736200931377488
14824412151852506358 15888858408860914472
9468721734256899112 15972334459716438390
14001080387848711525 16617964594489872208
1708449245051083932 3536867333795718202
5200046593852360910 16246101657603043631
13073751268384255203 14554661937959863309
9665913015492356293 12856674801512788533
2279513018696107183 17425199397644822972
210035552908963263 7760947201303293033
11465400943769858685 17385608602697615285
13490074310032442564 18282804854045626709
7057934110355022728 16720990375590778693
17134278288412871798 17489891412971751854
10337853678248077380 10507725101620382751
7665065569634674805 8344815446302626464
18389146169909470852 18404959449451370664
6996208273798034803 16180019488086378066
14840150769467134267 16779264262980552882
16529784938880946841 18262472866969304477
1399189654403203035 3235323699790876725
12023006971464791325 12455143950051649370
13548803034064647085 15538702349287016508
5865416142811245933 6037273025337111460
13759735056942026114 14064678285308656893
17535919770320052931 18222842162591641754
9075667924183336505 18330762844443130891
9172077233825391264 13137250404284742172
3932668187340711573 18427630974694295752
10426484116008361118 16454608872624173507
4698480012683834844 12488440379505987135
13184553454818036099 14756323627912539950
14949517578645694083 15003813656615284087
17324899016394887271 18023996890909194156
12587464202141495704 18337096386869692948
12598384281904287688 13356759299077591354
2020674557118132049 18308258477579451645
8565981106037246575 10036690919614456256
2139656317775044828 6321331314048596957
3204976594592372881 16051416831252476361
4302057708615921777 13748323136249556310
10902072145224522858 16075307520534054648
10313801678042648022 12136868679688795910
6031796170516087558 9418872703813121882
16522819826433118782 18396594729219324077
12945417962646525359 17893505093133808923
16186296514670271339 16379183913728702852
18207474286497941110 18266015671099323143
15260988652262377141 18035724450867760316
11123020695690996346 17782960804707907919
16967382119833268640 16982610966856418687
3531522411308282037 8181758514796569727
328302600671760859 17561464705457721646
3356433744329435560 3606457393760349970
12559695165491034362 13711982912353979796
16976099716706608927 17690952564546008145
3920676116023042887 6494669640952618257
14348152777077441179 17687054567680401880
9743639653420965870 15664781508829614324
11688310235408758337 16307627253569413527
8051350783509962780 14666675029497667061
9785716211321461890 16607377106433534664
17867631877963822718 18089403400417538032
7333521545146646102 15506656699299859505
4295697698498064501 14766664218064154916
5703648885228516638 8177612164318510267
16167214589634946001 18174500117005897363
17443227963846071840 17917889104625170555
7174825409944243167 12425159359050377856
14318073646983985559 18028029237791616574
10555752949144502564 14269569073863076245
16729553682998538762 18000605031561501227
13797041972380922185 15061947824590248102
8846032658165381483 9600217673947371020
11032755987283422943 14716104660186417675
7390918612675608988 10398976150657902367
14365006977202087286 18170795206612283456
4039002409382337556 13189137273523350242
18346094933278863507 18436235070445628617
11702120555414939197 13725451893349785616
12423662775922681830 17794209457617214570
4809278195763912887 18086264124787364861
2359310399937669638 12973714750278286545
3537740651786405201 4468684361886362998
362303966424381145 4290497219104210049
10790650167734565049 17027658173700270563
14851961251759225516 15801971344784186154
13977659095971151837 15970638028505043941
15353929626351649645 18119066460854037153
13517944727238704775 15022402571011760891
12252578228914682485 12539910891457680386
7132277922228160027 15426233960575429103
6248297525674174384 17552590215148793652
195560881431348503 8498433258830170509
4471930438403626432 11833468881065643141
17822288733017942050 18318800810477101131
6790934829801236519 11043236204721863253
10034134860151938710 14989158145302923234
16587081267348380908 17153861924924334137
7577604458318645319 10451534256381635193
16520540255928680324 18229438476806514367
9019467187540376172 9913612852630453096
8315723858247407292 9242921390261670764
17227094398492760771 18032933509195865284
4273663578386567539 16043441837182748887
10598102708621378356 17486795687245889665
13300184167087599851 16759678208013464622
1524321522285752954 4906024780048426959
13423896116535189733 13997846692815162350
10422167768669942081 13079680389441621958
13879055138975939873 15274204695455957392
14646595041785166946 15989393161045607685
6579935450448885105 8556149490148747314
2676444154295846758 11693817578309944187
17254187802431084777 17303311938115071021
13992274384707912478 15553604005533254873
17218053917573176622 17250103670612785452
16701041489170808244 17335541199841238934
17176581957984889208 17623503365501982157
14020400520820639679 16383122663264351688
13642593645016586864 17539104008071550999
14717593405693508008 16754636339130372788
15070645734366987355 18226242463562980386
392936148958753446 4371913755104992426
6630337206366586812 7847063574867856143
44444745362628528 7901379438741966602
8483141535578498285 12211121429441956718
5508438830505802405 8133995536441968050
7158685497364791705 17559928979742850621
13396238567420752855 17160621279945374759
3426020985540551908 17835487608959600657
2886394815108732648 11509693636040989010
8761133298450699584 10214121654428374126
10360864607217997400 17785915712335092115
5055996023396236692 5104928707499807614
8219645338278865391 12007379829594712201
12430391562288307713 13876765569892273305
1451259185530773167 18185444249092033329
716598796167446775 10462764041339385974
17568563031376988143 18383489727630028151
3863971063733614705 8975727356191131410
17063963542985844101 17255513314827915029
15428350950599111939 16643228831471763782
17792496172106052394 18424537418071422567
4266369278749298213 11699492715745181544
15081578624599559714 17638783438018980952
10434752980755071595 13180218856071864823
4456159724907093290 7981894702693796337
1265465060189396604 8251307394703832551
18007019463696440943 18175304147782205863
10073420101485706623 16107944488715440952
13561021215496224353 14142138032404516778
8240167728314230131 14671629371437444366
3625462365755481549 10875605588801164373
13701436393560754298 14685866098732237209
1749986132867497138 9310856181599000691
13525970906545809882 15639971860114839181
12463016421996319766 15527222848623702061
1601052943667091856 16116362766215389932
18112607550173394411 18210155653068615298
15868707730083235677 16379173987516932883
17019048772475974549 17380866858407297329
16873176440091347818 17280122764421759494
6199259865264140313 16763501447639364800
9006849002973183223 15767973665601694023
1462073447715690615 12477770368337351051
3223507581642064589 13967883314666802327
10043882815406052960 14638151979388308740
535796935320517067 13250471303991783861
15341642800689669232 17414170101553934597
3280851739725287548 15294580584384494068
8410916447220784999 16054759676643719324
11627036280672269057 14755612970068788052
17969696022263426846 18155054241286396283
16021236849938256708 16641674129242978825
15509454475782655257 16501306312071789335
13535715915280363353 15443853503683535578
12727683119475214459 15474491343655050851
277625199112885106 15509891216326174294
5077426280771654895 17541198187372685122
12633978959059813424 15329465046884769284
1344936870515636923 10945294551254730363
4612267739695712986 14676759763319630007
10968351458358096338 14527574831972837303
14673375852258768597 17511362781996780726
2553396706685794941 15816645378680387770
11292832425945973585 18380069079956659028
5737149477626533064 7181925937913556956
13051399069757959883 18332465036337677325
10895831591094691187 11727581169235922959
8117375866807745856 8148958646586217723
6580540561897374798 9265416096006160220
17014731971647799129 17830814876383126159
1415322868362221866 16348618850905292105
13860508505691972980 14258736656991130026
6554317613642449936 13964847942017009048
17185606366622308790 18283036854768112680
2948236314337972449 4177564321756854883
17033623539307509393 18159340198502034825
11973419419707626419 12102450287054781303
9522053835196282967 12236236649201513338
6189101107342479849 15122819852728008914
14781416318628659687 17408276419525292507
16331614890073420052 16522295355550892932
542128678167256292 2817700004458677159
966400644502961821 12348302887155529228
7214129603738301854 9839051451993738056
1933496817855457273 11989710205987695952
8935874341847523321 11890280104596266141
13357473581968432015 16243006779379300548
9159108646802806405 13522639109807664621
10257609867330556191 11621822837062417193
820584545419697504 897241704544609316
7714733177505264802 10525464692122996142
1094272012733503342 17268178333141298879
18075197248653714672 18163506425560662684
8193838291622901149 15599852151150980956
17040899496017356057 17439566923187296344
17444035537651379101 17816235183933434114
13787056674894605833 17919650789132919939
15583454405769977313 16257194779461711277
17533798445180877591 17811143730686068490
14220825706491386385 14418604519634239012
15440536315580300439 16278060670738657964
11702948482946036325 15555582579530681040
17902431573638969475 17955764012704699799
16001039135483017491 16160427905457869452
6507475333323577957 18414360493626584734
3086759452469572772 12663053488073994069
8945432248241493875 12561365002381799307
8949775357644204713 9089826299099336703
7853201453321501283 13867539565054740403
14781404741114155273 14912607403351107727
9021675815572131487 11484684767351765923
18169045127065520885 18279253830967434410
4482517162314171221 11718855404500868482
11039391671127824384 17675667520118252286
14322915096913446414 15852803576608649931
266839758222187589 18275048100332918762
6978277884073917744 7580148424654793713
13587460481668952996 16529634634645113012
559013710324760618 4030540818398709946
3166024621673904895 17688711691570029695
14211534754972602059 16645120307220814502
1297692779809932884 16324714064216753531
15138126503485304562 16178084852950766877
3153874491471534258 3248527246952722092
17584033845052510142 17775873642299751730
10164308913485135482 10486346553430589747
15490167820864433616 16490150002791589768
15628454053103282796 16264359484486877710
17206465493662507933 18167409475119394716
2043855298427881369 7241716676668917287
2028853265794326465 15523125789709258729
9513232894381263636 9548391060762734196
10333341417768011956 12376238587542253813
15523465719612179139 18318302357697529160
13177662723479048907 14504072755915941252
7264206744449239546 13677362526788578381
3532657177737300072 6440668883246204157
9422549322278499238 11058284771347874802
13855187420639233649 18026351784373062811
1840947697007526753 13027693294726938804
11123989436246794620 18360761620790578249
18433280511876318082 18444952060574809499
18229486308364693574 18289991493177303489
14435523619732943013 17367421717594913145
5506252210183701947 18294111925733951846
5572569942250063053 11032359193557326190
10086427101165067341 16037014806451561708
5557564764840340709 9400318620701472504
9998433931048873899 17207993420456709125
3649432383785148251 12848929810099424789
14493171006184344704 15178195874981872826
7458573453770458593 18080285097178372417
10363612095701926521 18333945119565389638
9479611700823796437 15251737726160071809
4219973852849722227 17304609281255852355
13069870002217374236 16626178663605230683
4642513091900959511 4860715786826051297
8987059668849185894 17898777252576738504
14573550945001957767 17364737431703048554
12425264152927226721 15537513448443606559
13689215604206641837 16220337147613789321
8392248949960284878 16119046767386207816
6708990054056095980 9796312948922550151
7785961902442048897 14340657341612964606
86260411302889722 10072618875111040128
12885037417433227658 17230459053811435818
14357141202911555479 15996790195208227869
1660000213411319549 12837413655644722650
16590068117909771857 17023623922448757808
11842836695284419003 16037557024214211787
16357744276095954674 16507775099223672058
5215303855881806590 5622036513890743346
16551322612689978314 17066287496879696475
9971935080440430784 10696872102619470283
5586162866858647946 6732004805301093790
6038262456269346432 6606244423383212739
14118094213737490971 17515781884721636574
2394625385876239582 14753036735736994888
14258470430995686159 15821844869551417238
10854306597416232103 12819237446677770524
15524506273483499621 16844809877859639947
2516878659131505006 13374116432914749225
16722230968515132903 17764665787998583891
3485571729870289875 4598126085631828015
10627679169516976170 13772445384248962954
7796864489505175332 10055056491202534203
326140355269679161 16993605248555712032
299273774023712933 9689003581450631651
506432754679206235 14765747398033963852
9198466777292546147 17239209976407680764
13990301282225103473 17024378580632265627
6726517865913960380 15356177713964367530
6691380512485027998 10583664245830706881
8099524929729671776 11924285269066875045
12490975013055213177 16478682598971763732
12664845884387151666 17056693422448028062
11637428314739458074 13759420748870018534
5470924776100938887 9881235957537237822
946581602332409776 3649396723362362130
4309231177922413702 13279168198555856441
15940785335967317547 17040861864095975428
12608186679009723529 13776934662120640860
8034105151350202118 10932326469112026935
17053095050694781116 17169984634785946066
16886929167679039053 18020243656800048246
10525169171013626842 17902117725152606694
2295169379295704055 3953053972119044424
18169522039057949760 18372052166255820019
10049995779758121467 15840555627852748053
4719492994040137036 9658779934908082876
13623011141261160662 17972660461007099387
15364151448238782261 15428232891779198246
9891640361629046781 16039274354242420680
6784341667777390473 9445560582746672547
9397615971822165376 18188233604967792146
16411777712128946777 17758668764883092064
6900923226391983320 11347687843715717827
11014869357934681920 18418897653969444520
13353805929195701439 17196070913674383624
17846204456342942274 18317448280152798430
4122359411347911977 14557429548207204616
3200646739839207269 3277798510812539315
806052718061194032 13972136102290843024
10552307041693930283 15735113262692946350
11941917608491114540 15933595385972833808
13569920205882765187 15144585814917252669
12692436036187482039 17032795147807391817
6716602992295593865 15405858216322375794
12507326194888655667 13423719612398584176
3344208902573721648 6011330888075354358
15731690266863635712 17864645502920599264
9608990291064967710 15651589686961472751
4941067012206718583 10475200425497900383
9505218507268238750 12699905288699568439
4760807083702308143 5747098838314996404
6723309015397544740 6919940979071180153
6241426202352051436 8588706962604372437
16618522779565357642 17017632707614848697
5199213944535782452 12025462083020974550
4370900469957971280 16911822802085641914
4045986948093401987 17659193703432527655
10976446285090006020 11260512464217624119
3415706729947720706 13605665041216083692
4971576291531797284 13797879785545927778
14691739599218805545 15963874774287931820
2828759952221208090 16000602896545978238
1329096239038750768 15135787263605310793
2684189808370684295 12222753496403356904
6707852674148362245 11531116408196567619
3657261420941687422 11356199633564859404
9189125978346675185 15150873155198732413
1618129402323921955 8765481032405811810
10875293657975568473 14131146257404685142
8693044830055409430 10170801046734838673
11079447149462251540 15589909595703086962
8874125663601662706 10953521921100708400
9335629232670000733 11874880792338593803
3392400365651775772 13026508297055509455
